gid,role,role_score,cluster_id,priority_score,evidence,in_senders,out_receivers,sum_in,sum_out,in_deg,out_deg,in_kzt,out_kzt,in_tx,out_tx,pagerank,pass_through,depth,is_seed,is_cutoff,truncated_by_depth,upstream_couriers,handoff_days_median
100000000343175100,distributor,0.5166666666666667,34,0.47559818688755096,31 получателей,8,31,178712.0,4000039.0,8,31,178712.0,4000039.0,14,33,0.000713258197938405,,0,True,False,False,7,0.0
100000000456947100,peripheral,0.2,0,0.034999999999999996,"0 отправителей, 0 получателей",0,0,0.0,0.0,0,0,0.0,0.0,0,0,0.0002855692942172909,,0,True,False,False,0,
100000000580561100,peripheral,0.2,1,0.07979509896254802,"2 отправителей, 3 получателей",2,3,27980.0,1488077.0,2,3,27980.0,1488077.0,3,13,0.0008349888856684653,,0,True,False,False,1,0.0
100000001415126100,coordinator,1.0,35,0.44992103018245494,7 курьеров выше по цепочке,1,0,27000.0,0.0,1,0,27000.0,0.0,1,0,0.00040961890543080487,,0,True,False,False,7,
100000001429930100,coordinator,1.0,56,0.4499085228917467,7 курьеров выше по цепочке,1,0,26000.0,0.0,1,0,26000.0,0.0,1,0,0.00035079789147407785,,0,True,False,False,7,
100000001616816100,coordinator,1.0,30,0.532388285747956,11 курьеров выше по цепочке,5,3,176195.0,181326.0,5,3,176195.0,181326.0,12,10,0.002434657190684458,,0,True,False,False,11,1.0
100000001732159100,coordinator,1.0,67,0.5444124759252025,10 курьеров выше по цепочке,2,4,2378100.0,1505966.0,2,4,2378100.0,1505966.0,30,23,0.0010950567872996843,,0,True,False,False,10,1.0
100000002527114100,distributor,1.0,47,0.3548363672893768,111 получателей,3,111,129000.0,3289249.0,3,111,129000.0,3289249.0,4,113,0.0008111056953132627,,0,True,False,False,1,0.0
100000002916006100,peripheral,0.2,35,0.035400233302662676,"0 отправителей, 1 получателей",0,1,0.0,32000.0,0,1,0.0,32000.0,0,1,0.0002855692942172909,,0,True,False,False,0,
100000003016635100,distributor,1.0,22,0.548419523158152,73 получателей,8,73,586981.0,9414081.0,8,73,586981.0,9414081.0,36,151,0.0011896363343877673,,0,True,False,False,7,0.0
100000003200071100,peripheral,0.2,39,0.03537521872124626,"0 отправителей, 1 получателей",0,1,0.0,30000.0,0,1,0.0,30000.0,0,1,0.0002855692942172909,,0,True,False,False,0,
100000003265658100,peripheral,0.2,2,0.034999999999999996,"0 отправителей, 0 получателей",0,0,0.0,0.0,0,0,0.0,0.0,0,0,0.0002855692942172909,,0,True,False,False,0,
100000003349739100,peripheral,0.2,3,0.034999999999999996,"0 отправителей, 0 получателей",0,0,0.0,0.0,0,0,0.0,0.0,0,0,0.0002855692942172909,,0,True,False,False,0,
100000003684369100,distributor,1.0,4,0.7188876460347788,62 получателей,24,62,3848436.0,8588655.0,24,62,3848436.0,8588655.0,58,67,0.0020202912084868667,,0,True,False,False,10,0.0
100000003770083100,peripheral,0.2,5,0.034999999999999996,"0 отправителей, 0 получателей",0,0,0.0,0.0,0,0,0.0,0.0,0,0,0.0002855692942172909,,0,True,False,False,0,
100000003975102100,coordinator,1.0,22,0.4510110405676753,7 курьеров выше по цепочке,1,2,25650.0,88500.0,1,2,25650.0,88500.0,1,2,0.0003454652180169808,,0,True,False,False,7,1.0
100000003977183100,peripheral,0.2,30,0.08529565393883072,"2 отправителей, 4 получателей",2,4,123800.0,766000.0,2,4,123800.0,766000.0,2,6,0.000331460381699444,,0,True,False,False,2,0.0
100000004007116100,peripheral,0.2,55,0.07849878759187821,"3 отправителей, 4 получателей",3,4,764704.0,148000.0,3,4,764704.0,148000.0,24,6,0.0006277769573248429,,0,True,False,False,1,2.5
100000004019124100,coordinator,1.0,22,0.5178305737733508,11 курьеров выше по цепочке,3,0,193000.0,0.0,3,0,193000.0,0.0,3,0,0.0012028680902033705,,0,True,False,False,11,
100000004021459100,peripheral,0.2,6,0.034999999999999996,"0 отправителей, 0 получателей",0,0,0.0,0.0,0,0,0.0,0.0,0,0,0.0002855692942172909,,0,True,False,False,0,
100000004041163100,coordinator,1.0,35,0.5677066782887191,15 курьеров выше по цепочке,1,2,50000.0,866000.0,1,2,50000.0,866000.0,1,6,0.0020847480556725213,,0,True,False,False,15,0.0
100000004174835100,peripheral,0.2,7,0.034999999999999996,"0 отправителей, 0 получателей",0,0,0.0,0.0,0,0,0.0,0.0,0,0,0.0002855692942172909,,0,True,False,False,0,
100000004193835100,coordinator,1.0,22,0.45023371245016014,7 курьеров выше по цепочке,1,1,47000.0,5000.0,1,1,47000.0,5000.0,1,1,0.00046993013969558515,,0,True,False,False,7,0.0
100000004269433100,peripheral,0.2,40,0.05216000285166228,"0 отправителей, 1 получателей",0,1,0.0,1372000.0,0,1,0.0,1372000.0,0,67,0.0002855692942172909,,0,True,False,False,0,
100000004358004100,peripheral,0.2,4,0.04726777609114646,"0 отправителей, 11 получателей",0,11,0.0,980850.0,0,11,0.0,980850.0,0,17,0.0002855692942172909,,0,True,False,False,0,
100000004388983100,peripheral,0.2,31,0.04063848676791179,"0 отправителей, 2 получателей",0,2,0.0,450816.0,0,2,0.0,450816.0,0,23,0.0002855692942172909,,0,True,False,False,0,
100000004714705100,peripheral,0.2,35,0.03545714147538502,"0 отправителей, 1 получателей",0,1,0.0,36550.0,0,1,0.0,36550.0,0,1,0.0002855692942172909,,0,True,False,False,0,
100000004723755100,peripheral,0.2,4,0.03618819261727982,"0 отправителей, 1 получателей",0,1,0.0,95000.0,0,1,0.0,95000.0,0,5,0.0002855692942172909,,0,True,False,False,0,
100000004813068100,peripheral,0.2,44,0.03871466534033797,"0 отправителей, 3 получателей",0,3,0.0,297000.0,0,3,0.0,297000.0,0,5,0.0002855692942172909,,0,True,False,False,0,
100000004971871100,peripheral,0.2,8,0.05497168470982321,"1 отправителей, 1 получателей",1,1,25400.0,5650.0,1,1,25400.0,5650.0,3,1,0.0007430293125206683,,0,True,False,False,1,2.5
100000005017150100,peripheral,0.2,9,0.034999999999999996,"0 отправителей, 0 получателей",0,0,0.0,0.0,0,0,0.0,0.0,0,0,0.0002855692942172909,,0,True,False,False,0,
100000005087431100,peripheral,0.2,10,0.034999999999999996,"0 отправителей, 0 получателей",0,0,0.0,0.0,0,0,0.0,0.0,0,0,0.0002855692942172909,,0,True,False,False,0,
100000005235389100,peripheral,0.2,11,0.034999999999999996,"0 отправителей, 0 получателей",0,0,0.0,0.0,0,0,0.0,0.0,0,0,0.0002855692942172909,,0,True,False,False,0,
100000005264990100,coordinator,1.0,35,0.45132272225212383,7 курьеров выше по цепочке,1,2,17070.0,122000.0,1,2,17070.0,122000.0,1,2,0.0003639962150845014,,0,True,False,False,7,4.0
100000005370580100,coordinator,1.0,56,0.4498844463571334,7 курьеров выше по цепочке,1,0,24075.0,0.0,1,0,24075.0,0.0,1,0,0.0003459684664848734,,0,True,False,False,7,
100000005382566100,coordinator,1.0,35,0.5992915552649232,15 курьеров выше по цепочке,7,1,393066.0,50000.0,7,1,393066.0,50000.0,11,1,0.002113262052157115,,0,True,False,False,15,5.0
100000005386383100,coordinator,1.0,35,0.4566650681654292,7 курьеров выше по цепочке,2,1,37500.0,29000.0,2,1,37500.0,29000.0,2,1,0.0005243332756978218,,0,True,False,False,7,
100000005392290100,peripheral,0.2,28,0.03601890643754421,"0 отправителей, 1 получателей",0,1,0.0,81465.0,0,1,0.0,81465.0,0,1,0.0002855692942172909,,0,True,False,False,0,
100000005395727100,coordinator,1.0,22,0.4497959572753728,7 курьеров выше по цепочке,1,0,17000.0,0.0,1,0,17000.0,0.0,1,0,0.0003712067299561801,,0,True,False,False,7,
100000005409680100,coordinator,1.0,90,0.48318865142639394,9 курьеров выше по цепочке,2,0,55060.0,0.0,2,0,55060.0,0.0,2,0,0.000633528818793162,,0,True,False,False,9,
100000005417257100,peripheral,0.2,35,0.036325772815070115,"0 отправителей, 2 получателей",0,2,0.0,106000.0,0,2,0.0,106000.0,0,2,0.0002855692942172909,,0,True,False,False,0,
100000005454368100,coordinator,1.0,56,0.45644118766175223,7 курьеров выше по цепочке,2,0,48600.0,0.0,2,0,48600.0,0.0,2,0,0.000394192963208194,,0,True,False,False,7,
100000005480435100,peripheral,0.2,12,0.034999999999999996,"0 отправителей, 0 получателей",0,0,0.0,0.0,0,0,0.0,0.0,0,0,0.0002855692942172909,,0,True,False,False,0,
100000005485830100,peripheral,0.2,37,0.03845057389703414,"0 отправителей, 5 получателей",0,5,0.0,275885.0,0,5,0.0,275885.0,0,9,0.0002855692942172909,,0,True,False,False,0,
100000005493505100,coordinator,1.0,4,0.5161923688363897,11 курьеров выше по цепочке,3,0,62020.0,0.0,3,0,62020.0,0.0,3,0,0.0006174200765778783,,0,True,False,False,11,
100000005495722100,peripheral,0.2,13,0.034999999999999996,"0 отправителей, 0 получателей",0,0,0.0,0.0,0,0,0.0,0.0,0,0,0.0002855692942172909,,0,True,False,False,0,
100000005498992100,peripheral,0.2,50,0.0633023479103027,"0 отправителей, 16 получателей",0,16,0.0,2262868.0,0,16,0.0,2262868.0,0,19,0.0002855692942172909,,0,True,False,False,0,
100000005519347100,coordinator,1.0,22,0.48465250473088267,9 курьеров выше по цепочке,2,1,73100.0,99000.0,2,1,73100.0,99000.0,2,1,0.0005567200012967696,,0,True,False,False,9,8.0
100000005523088100,coordinator,1.0,35,0.565005103495746,15 курьеров выше по цепочке,1,0,700000.0,0.0,1,0,700000.0,0.0,2,0,0.0017206377268585411,,0,True,False,False,15,
100000005543136100,peripheral,0.2,4,0.03512507290708208,"0 отправителей, 1 получателей",0,1,0.0,10000.0,0,1,0.0,10000.0,0,1,0.0002855692942172909,,0,True,False,False,0,
100000005550592100,peripheral,0.2,14,0.034999999999999996,"0 отправителей, 0 получателей",0,0,0.0,0.0,0,0,0.0,0.0,0,0,0.0002855692942172909,,0,True,False,False,0,
100000005560900100,peripheral,0.2,15,0.034999999999999996,"0 отправителей, 0 получателей",0,0,0.0,0.0,0,0,0.0,0.0,0,0,0.0002855692942172909,,0,True,False,False,0,
100000005568407100,peripheral,0.2,16,0.034999999999999996,"0 отправителей, 0 получателей",0,0,0.0,0.0,0,0,0.0,0.0,0,0,0.0002855692942172909,,0,True,False,False,0,
100000005668605100,coordinator,1.0,35,0.503265272305259,10 курьеров выше по цепочке,3,0,94500.0,0.0,3,0,94500.0,0.0,3,0,0.0008383018688148931,,0,True,False,False,10,
100000005744674100,peripheral,0.2,35,0.03562619001659717,"0 отправителей, 1 получателей",0,1,0.0,50066.0,0,1,0.0,50066.0,0,2,0.0002855692942172909,,0,True,False,False,0,
100000006232815100,peripheral,0.2,26,0.060292911541630585,"1 отправителей, 5 получателей",1,5,160000.0,296500.0,1,5,160000.0,296500.0,2,5,0.0005566536352336269,,0,True,False,False,1,4.0
100000006249740100,peripheral,0.2,17,0.036163265586898356,"0 отправителей, 3 получателей",0,3,0.0,93007.0,0,3,0.0,93007.0,0,5,0.0002855692942172909,,0,True,False,False,0,
100000006831291100,peripheral,0.2,17,0.03518760936062312,"0 отправителей, 1 получателей",0,1,0.0,15000.0,0,1,0.0,15000.0,0,3,0.0002855692942172909,,0,True,False,False,0,
100000006866783100,distributor,1.0,52,0.5144538453526313,67 получателей,13,67,838812.0,3948037.0,13,67,838812.0,3948037.0,31,90,0.0008703719471294018,,0,True,False,False,7,0.0
100000007018630100,peripheral,0.2,29,0.03750145814164173,"0 отправителей, 1 получателей",0,1,0.0,200000.0,0,1,0.0,200000.0,0,5,0.0002855692942172909,,0,True,False,False,0,
100000007747786100,distributor,0.5166666666666667,30,0.33300601558992093,31 получателей,0,31,0.0,4238009.4,0,31,0.0,4238009.4,0,35,0.0002855692942172909,,0,True,False,False,0,
100000007982728100,peripheral,0.2,30,0.05756795523724037,"0 отправителей, 8 получателей",0,8,0.0,1804384.0,0,8,0.0,1804384.0,0,12,0.0002855692942172909,,0,True,False,False,0,
100000008117324100,peripheral,0.2,18,0.034999999999999996,"0 отправителей, 0 получателей",0,0,0.0,0.0,0,0,0.0,0.0,0,0,0.0002855692942172909,,0,True,False,False,0,
100000008205000100,peripheral,0.2,19,0.034999999999999996,"0 отправителей, 0 получателей",0,0,0.0,0.0,0,0,0.0,0.0,0,0,0.0002855692942172909,,0,True,False,False,0,
100000008314203100,coordinator,1.0,67,0.5047019529995471,10 курьеров выше по цепочке,2,2,382076.0,327000.0,2,2,382076.0,327000.0,10,13,0.0005029908624026965,,0,True,False,False,10,1.0
100000008418835100,peripheral,0.2,40,0.07407193106175919,"1 отправителей, 4 получателей",1,4,1372000.0,186179.0,1,4,1372000.0,186179.0,67,6,0.0005285862410602082,,0,True,False,False,1,2.0
100000008513251100,peripheral,0.2,20,0.034999999999999996,"0 отправителей, 0 получателей",0,0,0.0,0.0,0,0,0.0,0.0,0,0,0.0002855692942172909,,0,True,False,False,0,
100000008516839100,coordinator,1.0,35,0.5040219633931057,10 курьеров выше по цепочке,3,0,155000.0,0.0,3,0,155000.0,0.0,4,0,0.0010695838614429962,,0,True,False,False,10,
100000008522127100,peripheral,0.2,27,0.03681355715269025,"0 отправителей, 1 получателей",0,1,0.0,145000.0,0,1,0.0,145000.0,0,3,0.0002855692942172909,,0,True,False,False,0,
100000008571433100,peripheral,0.2,38,0.08314633995677757,"2 отправителей, 2 получателей",2,2,350000.0,1434000.0,2,2,350000.0,1434000.0,2,3,0.0016264807087207904,,0,True,False,False,1,0.5
100000008575624100,peripheral,0.2,57,0.03611940251838467,"0 отправителей, 3 получателей",0,3,0.0,89500.0,0,3,0.0,89500.0,0,5,0.0002855692942172909,,0,True,False,False,0,
100000008601794100,peripheral,0.2,21,0.07791579098260472,"2 отправителей, 1 получателей",2,1,494400.0,871400.0,2,1,494400.0,871400.0,8,13,0.002367779758018107,,0,True,False,False,1,0.0
100000008637537100,coordinator,1.0,67,0.5392473093343438,10 курьеров выше по цепочке,3,3,619890.0,2351495.0,3,3,619890.0,2351495.0,22,30,0.0008287331534345293,,0,True,False,False,10,0.0
100000008650785100,coordinator,1.0,22,0.4718197131716919,8 курьеров выше по цепочке,2,2,92000.0,120120.0,2,2,92000.0,120120.0,2,2,0.0006125210138081811,,0,True,False,False,8,1.0
100000008654653100,peripheral,0.2,22,0.03567539369824326,"0 отправителей, 1 получателей",0,1,0.0,54000.0,0,1,0.0,54000.0,0,1,0.0002855692942172909,,0,True,False,False,0,
100000008659445100,peripheral,0.2,33,0.07976122348680195,"3 отправителей, 4 получателей",3,4,138490.0,875150.0,3,4,138490.0,875150.0,7,18,0.0024238038911821246,,0,True,False,False,1,1.0
100000008669037100,peripheral,0.2,23,0.034999999999999996,"0 отправителей, 0 получателей",0,0,0.0,0.0,0,0,0.0,0.0,0,0,0.0002855692942172909,,0,True,False,False,0,
100000008673001100,terminal,0.1971463072032332,35,0.21308391658999004,"вход 80,000, выход 0",1,0,80000.0,0.0,1,0,80000.0,0.0,1,0,0.0004689783107025115,,0,True,False,False,1,
100000008680731100,distributor,0.45,42,0.29831510117772814,27 получателей,0,27,0.0,1464354.0,0,27,0.0,1464354.0,0,28,0.0002855692942172909,,0,True,False,False,0,
100000008701222100,peripheral,0.2,24,0.034999999999999996,"0 отправителей, 0 получателей",0,0,0.0,0.0,0,0,0.0,0.0,0,0,0.0002855692942172909,,0,True,False,False,0,
100000008738325100,peripheral,0.2,35,0.05571586850696163,"1 отправителей, 1 получателей",1,1,36550.0,54000.0,1,1,36550.0,54000.0,1,1,0.0005285862410602082,,0,True,False,False,1,
100000003134937100,coordinator,1.0,22,0.4497119833255579,7 курьеров выше по цепочке,1,0,10286.0,0.0,1,0,10286.0,0.0,1,0,0.000286675224915866,0.0,1,False,False,False,7,
100000005074393100,coordinator,1.0,56,0.5239490109720902,10 курьеров выше по цепочке,4,6,563026.0,685500.0,4,6,563026.0,685500.0,5,10,0.0010600834163353942,1.2175281425724567,1,False,False,False,10,1.0
100000001924185100,coordinator,1.0,34,0.5110552675636062,11 курьеров выше по цепочке,2,0,151000.0,0.0,2,0,151000.0,0.0,2,0,0.0003102198760278653,0.0,1,False,False,False,11,
100000004070318100,coordinator,1.0,52,0.4778276996326887,7 курьеров выше по цепочке,4,19,207246.55,551860.0,4,19,207246.55,551860.0,6,37,0.00031412234761755547,2.662818753798314,1,False,False,False,7,0.0
100000005807278100,terminal,0.02066339732373888,37,0.21218820696592167,"вход 8,385, выход 0",1,0,8385.0,0.0,1,0,8385.0,0.0,1,0,0.0002929553322377627,0.0,1,False,False,False,1,
100000003377795100,terminal,0.017250301880282905,30,0.21217088436829082,"вход 7,000, выход 0",1,0,7000.0,0.0,1,0,7000.0,0.0,1,0,0.00028597068988854644,0.0,1,False,False,False,1,
100000004330371100,coordinator,1.0,22,0.4602715704557226,7 курьеров выше по цепочке,2,2,264171.0,90681.0,2,2,264171.0,90681.0,12,6,0.00125427193015661,0.3432662934235779,1,False,False,False,7,2.5
100000008165763100,consolidator,0.625,4,0.5591886556997183,15 отправителей,15,17,1165815.0,1267858.0,15,17,1165815.0,1267858.0,26,17,0.0009102399259160802,1.087529324978663,1,False,False,False,9,0.0
100000001684867100,coordinator,1.0,22,0.44996543106446907,7 курьеров выше по цепочке,1,0,30550.0,0.0,1,0,30550.0,0.0,1,0,0.00028885397075253017,0.0,1,False,False,False,7,
100000003900547100,coordinator,1.0,22,0.4498797561231178,7 курьеров выше по цепочке,1,0,23700.0,0.0,1,0,23700.0,0.0,1,0,0.00028811747208587257,0.0,1,False,False,False,7,
100000006656003100,peripheral,0.2,47,0.05494604476387138,"1 отправителей, 1 получателей",1,1,20000.0,9000.0,1,1,20000.0,9000.0,1,1,0.0002897670599476741,0.45,1,False,False,False,1,0.0
100000008237827100,coordinator,1.0,4,0.49008363746895234,10 курьеров выше по цепочке,1,0,40001.0,0.0,1,0,40001.0,0.0,1,0,0.00029357895180421055,0.0,1,False,False,False,10,
100000003014659100,coordinator,1.0,34,0.46641870806496505,8 курьеров выше по цепочке,1,0,280000.0,0.0,1,0,280000.0,0.0,1,0,0.0003280369433880595,0.0,1,False,False,False,8,
100000007939160100,terminal,1.0,1,0.2222054837034866,"вход 795,000, выход 14,300",1,2,795000.0,14300.0,1,2,795000.0,14300.0,2,2,0.0006653456234025181,0.017987421383647798,1,False,False,False,1,
100000007274584100,coordinator,1.0,4,0.49005861038024523,10 курьеров выше по цепочке,1,0,38000.0,0.0,1,0,38000.0,0.0,1,0,0.0002931782787002525,0.0,1,False,False,False,10,
100000001524952100,coordinator,1.0,52,0.4508816776598803,7 курьеров выше по цепочке,1,0,103807.0,0.0,1,0,103807.0,0.0,1,0,0.00030504892931036134,0.0,1,False,False,False,7,
100000003131693100,coordinator,1.0,4,0.4940018714728571,10 курьеров выше по цепочке,1,0,353277.0,0.0,1,0,353277.0,0.0,1,0,0.0003563082208274809,0.0,1,False,False,False,10,
100000008383405100,terminal,0.06160822100101038,44,0.21239601560103857,"вход 25,000, выход 0",1,0,25000.0,0.0,1,0,25000.0,0.0,2,0,0.0003060252661737654,0.0,1,False,False,False,1,
100000008736173100,terminal,0.0765420537716553,47,0.2124718097827303,"вход 31,060, выход 0",1,0,31060.0,0.0,1,0,31060.0,0.0,1,0,0.000292088424396576,0.0,1,False,False,False,1,
100000002861485100,coordinator,1.0,22,0.44995008461877006,7 курьеров выше по цепочке,1,0,29323.0,0.0,1,0,29323.0,0.0,1,0,0.00028872204610085294,0.0,1,False,False,False,7,
100000008745474100,terminal,0.0999507134231992,47,0.21259061653716757,"вход 40,559, выход 0",1,0,40559.0,0.0,1,0,40559.0,0.0,1,0,0.0002940821532302215,0.0,1,False,False,False,1,
100000008691330100,terminal,0.052835210330466495,47,0.21235148964611733,"вход 21,440, выход 0",1,0,21440.0,0.0,1,0,21440.0,0.0,1,0,0.0002900692990802617,0.0,1,False,False,False,1,
100000007639767100,coordinator,1.0,25,0.479754453394569,7 курьеров выше по цепочке,4,10,90913.0,822244.0,4,10,90913.0,822244.0,4,13,0.000301440039227222,9.044295095310902,1,False,False,False,7,4.0
100000002921047100,coordinator,1.0,30,0.48876615289495834,9 курьеров выше по цепочке,2,1,338000.0,163000.02,2,1,338000.0,163000.02,2,1,0.00031704809387447845,0.48224857988165676,1,False,False,False,9,8.5
100000004783447100,terminal,0.06456541560905887,47,0.2124110243498884,"вход 26,200, выход 0",1,0,26200.0,0.0,1,0,26200.0,0.0,1,0,0.0002910683673240929,0.0,1,False,False,False,1,
100000008696919100,terminal,0.07872298479509106,47,0.21248287873500707,"вход 31,945, выход 0",1,0,31945.0,0.0,1,0,31945.0,0.0,1,0,0.00029227417553014546,0.0,1,False,False,False,1,
100000008736940100,peripheral,0.2,33,0.07500282473686397,"3 отправителей, 3 получателей",3,3,451090.0,182100.0,3,3,451090.0,182100.0,13,6,0.0024141567490764664,0.40368884258130305,1,False,False,False,1,0.0
100000005940652100,coordinator,1.0,67,0.48968833203882867,10 курьеров выше по цепочке,1,0,8395.0,0.0,1,0,8395.0,0.0,1,0,0.00028808836221548404,0.0,1,False,False,False,10,
100000004180097100,coordinator,1.0,52,0.4639926212891042,7 курьеров выше по цепочке,3,3,104854.0,47800.0,3,3,104854.0,47800.0,5,7,0.0008565318930578581,0.4558719743643542,1,False,False,False,7,0.0
100000005539201100,coordinator,1.0,22,0.4504651473574248,7 курьеров выше по цепочке,1,1,45504.0,25000.0,1,1,45504.0,25000.0,1,1,0.0002904617957249677,0.5494022503516175,1,False,False,False,7,
100000005620225100,coordinator,1.0,52,0.45645676749349584,7 курьеров выше по цепочке,2,0,49845.66,0.0,2,0,49845.66,0.0,2,0,0.000296236243145001,0.0,1,False,False,False,7,
100000004388353100,coordinator,1.0,34,0.4699541256896555,8 курьеров выше по цепочке,2,0,62960.0,0.0,2,0,62960.0,0.0,2,0,0.00034075907407916386,0.0,1,False,False,False,8,
100000007442518100,coordinator,1.0,48,0.5362442640175114,7 курьеров выше по цепочке,5,9,510000.0,4419999.0,5,9,510000.0,4419999.0,8,12,0.0006487732246506228,8.666664705882352,1,False,False,False,7,3.0
100000000267734100,peripheral,0.2,30,0.06661170164052573,"2 отправителей, 7 получателей",2,7,180000.0,282000.0,2,7,180000.0,282000.0,4,8,0.0005373190777888428,1.5666666666666667,1,False,False,False,1,1.0
100000001987030100,coordinator,1.0,22,0.4564569968772074,7 курьеров выше по цепочке,2,1,30864.0,19000.0,2,1,30864.0,19000.0,2,1,0.0002938727535543705,0.6156039398652151,1,False,False,False,7,13.0
100000002603478100,terminal,0.05791172774094975,42,0.21237725466497626,"вход 23,500, выход 0",1,0,23500.0,0.0,1,0,23500.0,0.0,1,0,0.0002894692379814412,0.0,1,False,False,False,1,
100000001380054100,peripheral,0.2,26,0.06692500927276636,"2 отправителей, 3 получателей",2,3,127050.0,360000.0,2,3,127050.0,360000.0,2,4,0.0007164305424822365,2.833530106257379,1,False,False,False,1,3.5
100000002992171100,terminal,0.03604573794327115,47,0.2122662774745223,"вход 14,627, выход 0",1,0,14627.0,0.0,1,0,14627.0,0.0,1,0,0.0002886393301842066,0.0,1,False,False,False,1,
100000002781227100,transit,0.444142789453569,27,0.25838112102290733,"пропуск 1.11, связей 5",2,3,191167.62,212420.0,2,3,191167.62,212420.0,8,10,0.0023265921896669563,1.1111714421092862,1,False,False,False,1,0.0
100000008745643100,terminal,0.05005791172774095,47,0.2123373939294892,"вход 20,313, выход 0",1,0,20313.0,0.0,1,0,20313.0,0.0,1,0,0.0002898327549813546,0.0,1,False,False,False,1,
100000002836736100,coordinator,0.5,30,0.40886621097047815,3 курьеров выше по цепочке,2,0,509000.0,0.0,2,0,509000.0,0.0,2,0,0.0004517900546889058,0.0,1,False,False,False,3,
100000004188160100,coordinator,1.0,22,0.45860629974166883,7 курьеров выше по цепочке,2,5,87862.0,133846.0,2,5,87862.0,133846.0,5,6,0.0002968274021349181,1.5233661878855478,1,False,False,False,7,1.0
100000004841728100,terminal,0.12865768008082998,47,0.2127363139666275,"вход 52,208, выход 0",1,0,52208.0,0.0,1,0,52208.0,0.0,1,0,0.00029652714187988316,0.0,1,False,False,False,1,
100000001554432100,coordinator,1.0,4,0.4902577264483199,10 курьеров выше по цепочке,1,0,53920.0,0.0,1,0,53920.0,0.0,1,0,0.00029636604272574585,0.0,1,False,False,False,10,
100000008768896100,terminal,0.11597131521230193,47,0.21267192643406166,"вход 47,060, выход 0",1,0,47060.0,0.0,1,0,47060.0,0.0,1,0,0.0002954466369808825,0.0,1,False,False,False,1,
100000008232832100,coordinator,1.0,67,0.4955242964197324,10 курьеров выше по цепочке,1,1,337000.0,138000.0,1,1,337000.0,138000.0,2,1,0.0004942271899045276,0.4094955489614243,1,False,False,False,10,
100000002864256100,coordinator,1.0,4,0.4912815732656939,10 курьеров выше по цепочке,1,0,135780.0,0.0,1,0,135780.0,0.0,1,0,0.0003127573971935152,0.0,1,False,False,False,10,
100000001929088100,terminal,0.9758988639444047,30,0.23661967886002438,"вход 396,010, выход 0",2,0,396010.0,0.0,2,0,396010.0,0.0,2,0,0.0003175873990634125,0.0,1,False,False,False,2,
100000002794197100,terminal,0.07417629808521649,30,0.21245980278365043,"вход 30,100, выход 0",1,0,30100.0,0.0,1,0,30100.0,0.0,1,0,0.0002872952956036898,0.0,1,False,False,False,1,
100000005669845100,terminal,0.0492865768008083,26,0.2123334791474975,"вход 20,000, выход 0",1,0,20000.0,0.0,1,0,20000.0,0.0,1,0,0.0003175358448925586,0.0,1,False,False,False,1,
100000002211413100,terminal,0.09118016708149536,47,0.21254610308953706,"вход 37,000, выход 0",1,0,37000.0,0.0,1,0,37000.0,0.0,1,0,0.00029333516081849983,0.0,1,False,False,False,1,
100000002784085100,terminal,0.492865768008083,50,0.21458479147497508,"вход 200,000, выход 0",1,0,200000.0,0.0,1,0,200000.0,0.0,1,0,0.0003070479617173764,0.0,1,False,False,False,1,
100000008782421100,terminal,0.12242785677320782,47,0.21270469553571716,"вход 49,680, выход 0",1,0,49680.0,0.0,1,0,49680.0,0.0,1,0,0.00029599654429156275,0.0,1,False,False,False,1,
100000003739818100,coordinator,1.0,4,0.4902999135398787,10 курьеров выше по цепочке,1,0,57293.0,0.0,1,0,57293.0,0.0,1,0,0.00029704144021682556,0.0,1,False,False,False,10,
100000002214570100,terminal,0.06523324872470983,47,0.21241441382567033,"вход 26,471, выход 0",1,0,26471.0,0.0,1,0,26471.0,0.0,1,0,0.0002911252470497396,0.0,1,False,False,False,1,
100000006443391100,peripheral,0.2,50,0.06891962423790646,"3 отправителей, 2 получателей",3,2,86775.93,60041.71000000001,3,2,86775.93,60041.71000000001,7,6,0.0024195077535015437,0.6919166409394865,1,False,False,False,1,5.0
100000005473151100,coordinator,1.0,59,0.5068230350733615,9 курьеров выше по цепочке,3,4,1220000.0,225000.0,3,4,1220000.0,225000.0,4,6,0.0004682674337196517,0.18442622950819673,1,False,False,False,9,0.0
100000005124479100,coordinator,1.0,52,0.4978314105458418,10 курьеров выше по цепочке,2,2,137753.0,22000.0,2,2,137753.0,22000.0,2,2,0.0003032300539809193,0.15970614070110994,1,False,False,False,10,4.0
100000005527892100,coordinator,1.0,51,0.4850775481555012,8 курьеров выше по цепочке,3,8,220001.0,552419.0,3,8,220001.0,552419.0,3,8,0.00031243167214621076,2.510984040981632,1,False,False,False,8,2.0
100000008028628100,terminal,0.1410187535424727,47,0.21279905053681988,"вход 57,224, выход 0",1,0,57224.0,0.0,1,0,57224.0,0.0,1,0,0.0002975799415250633,0.0,1,False,False,False,1,
100000001953577100,terminal,0.03844352990463047,47,0.2122784470683814,"вход 15,600, выход 0",1,0,15600.0,0.0,1,0,15600.0,0.0,1,0,0.00028884355148698975,0.0,1,False,False,False,1,
100000008193577100,peripheral,0.2,33,0.06876895914187756,"2 отправителей, 5 получателей",2,5,154300.0,480180.0,2,5,154300.0,480180.0,6,16,0.0012389478209868787,3.1119896305897603,1,False,False,False,1,0.0
100000008753193100,terminal,0.08680598339042361,47,0.21252390264853,"вход 35,225, выход 0",1,0,35225.0,0.0,1,0,35225.0,0.0,1,0,0.0002929626091099283,0.0,1,False,False,False,1,
100000008746025100,terminal,0.05421523448088913,47,0.21235849372891394,"вход 22,000, выход 0",1,0,22000.0,0.0,1,0,22000.0,0.0,1,0,0.0002901868365207124,0.0,1,False,False,False,1,
100000002934441100,coordinator,1.0,52,0.4565943469408487,7 курьеров выше по цепочке,2,0,60845.6,0.0,2,0,60845.6,0.0,2,0,0.00030248130107500554,0.0,1,False,False,False,7,
100000003701161100,coordinator,1.0,43,0.4917982989528757,7 курьеров выше по цепочке,4,3,1527103.0,349000.0,4,3,1527103.0,349000.0,13,7,0.0016488161626324826,0.22853730232996727,1,False,False,False,7,1.5
100000006707582100,peripheral,0.2,59,0.07334885383882798,"2 отправителей, 14 получателей",2,14,39520.0,961138.0,2,14,39520.0,961138.0,2,15,0.000538055648514295,24.320293522267207,1,False,False,False,1,0.0
100000003239379100,terminal,0.2279504177037384,42,0.21324025772384264,"вход 92,500, выход 0",1,0,92500.0,0.0,1,0,92500.0,0.0,1,0,0.00030092013669320166,0.0,1,False,False,False,1,
100000000979923100,coordinator,1.0,34,0.4641411304270003,8 курьеров выше по цепочке,1,0,97900.0,0.0,1,0,97900.0,0.0,1,0,0.0003004178044094989,0.0,1,False,False,False,8,
100000001111763100,terminal,0.04224845363365287,47,0.21229775832523487,"вход 17,144, выход 0",1,0,17144.0,0.0,1,0,17144.0,0.0,1,0,0.0002891676190013754,0.0,1,False,False,False,1,
100000003865939100,terminal,0.20075654895389242,28,0.21310223977087756,"вход 81,465, выход 0",1,0,81465.0,0.0,1,0,81465.0,0.0,1,0,0.0005285862410602082,0.0,1,False,False,False,1,
100000002858835100,terminal,0.06012962369698613,47,0.21238851122661365,"вход 24,400, выход 0",1,0,24400.0,0.0,1,0,24400.0,0.0,1,0,0.0002906905684083584,0.0,1,False,False,False,1,
100000003404627100,coordinator,1.0,67,0.5326443157212615,11 курьеров выше по цепочке,4,0,877700.0,0.0,4,0,877700.0,0.0,5,0,0.0013785777125656824,0.0,1,False,False,False,11,
100000008691027100,terminal,0.04320954188126864,47,0.2123026361686111,"вход 17,534, выход 0",1,0,17534.0,0.0,1,0,17534.0,0.0,1,0,0.00028924947543311784,0.0,1,False,False,False,1,
100000004071080100,consolidator,0.375,52,0.46814916191424366,9 отправителей,9,2,238600.0,46500.0,9,2,238600.0,46500.0,16,5,0.0013690045738923458,0.19488683989941324,1,False,False,False,7,1.0
100000002864680100,terminal,0.1378348406811405,42,0.21278289111722487,"вход 55,932, выход 0",1,0,55932.0,0.0,1,0,55932.0,0.0,1,0,0.00029485149228607616,0.0,1,False,False,False,1,
100000001330685100,coordinator,1.0,90,0.49380711315332004,7 курьеров выше по цепочке,3,1,2435923.0,100500.0,3,1,2435923.0,100500.0,7,1,0.0004382160258847987,0.04125746175063826,1,False,False,False,7,
100000008745725100,terminal,0.11597131521230193,47,0.21267192643406166,"вход 47,060, выход 0",1,0,47060.0,0.0,1,0,47060.0,0.0,1,0,0.0002954466369808825,0.0,1,False,False,False,1,
100000002621949100,coordinator,1.0,4,0.4916421834713929,10 курьеров выше по цепочке,1,0,164612.0,0.0,1,0,164612.0,0.0,1,0,0.0003185306140517454,0.0,1,False,False,False,10,
100000007908818100,coordinator,1.0,4,0.5345426097684998,11 курьеров выше по цепочке,4,6,727475.0,302000.0,4,6,727475.0,302000.0,4,13,0.0004753811920473764,0.4151345407058662,1,False,False,False,11,6.5
100000008691495100,terminal,0.0665368786810912,47,0.21242103018245498,"вход 27,000, выход 0",1,0,27000.0,0.0,1,0,27000.0,0.0,1,0,0.0002912362779533082,0.0,1,False,False,False,1,
100000003832231100,coordinator,1.0,4,0.49002108850812054,10 курьеров выше по цепочке,1,0,35000.0,0.0,1,0,35000.0,0.0,1,0,0.00029257756939896605,0.0,1,False,False,False,10,
100000002371751100,peripheral,0.2,29,0.06021161415202723,"1 отправителей, 1 получателей",1,1,200000.0,250000.0,1,1,200000.0,250000.0,5,1,0.0005285862410602082,1.25,1,False,False,False,1,2.0
100000002894076100,coordinator,1.0,30,0.5223762942092772,10 курьеров выше по цепочке,4,0,1122782.0,0.0,4,0,1122782.0,0.0,6,0,0.00038267994337591544,0.0,1,False,False,False,10,
100000001362940100,coordinator,1.0,4,0.49059642388069824,10 курьеров выше по цепочке,1,0,81000.0,0.0,1,0,81000.0,0.0,1,0,0.00030178844535202483,0.0,1,False,False,False,10,
100000008741372100,terminal,0.08865423002045393,47,0.21253328311656114,"вход 35,975, выход 0",1,0,35975.0,0.0,1,0,35975.0,0.0,1,0,0.00029312002532481767,0.0,1,False,False,False,1,
100000002618492100,coordinator,1.0,34,0.47287507836165055,8 курьеров выше по цепочке,2,0,296500.0,0.0,2,0,296500.0,0.0,2,0,0.00036902681066638884,0.0,1,False,False,False,8,
100000002750332100,terminal,0.027994775622859115,50,0.21222541615577858,"вход 11,360, выход 0",1,0,11360.0,0.0,1,0,11360.0,0.0,1,0,0.00028678928253129574,0.0,1,False,False,False,1,
100000004948177100,coordinator,1.0,22,0.4675510580612059,7 курьеров выше по цепочке,3,0,437163.0,0.0,3,0,437163.0,0.0,8,0,0.00042215807154897264,0.0,1,False,False,False,7,
100000002511825100,coordinator,1.0,52,0.45039630722936685,7 курьеров выше по цепочке,1,0,65000.0,0.0,1,0,65000.0,0.0,1,0,0.00029776670172400603,0.0,1,False,False,False,7,
100000008566737100,coordinator,1.0,52,0.4987100101962213,10 курьеров выше по цепочке,2,0,230000.0,0.0,2,0,230000.0,0.0,2,0,0.00034946381190953385,0.0,1,False,False,False,10,
100000008661585100,terminal,0.10631361048818354,47,0.21262291036177616,"вход 43,141, выход 0",1,0,43141.0,0.0,1,0,43141.0,0.0,1,0,0.00029462408478601393,0.0,1,False,False,False,1,
100000004759121100,coordinator,1.0,52,0.4936157844371225,7 курьеров выше по цепочке,6,2,710000.0,312000.0,6,2,710000.0,312000.0,10,6,0.0014151796822407352,0.4394366197183099,1,False,False,False,7,0.0
100000004360785100,coordinator,1.0,22,0.4507678362998542,7 курьеров выше по цепочке,1,0,94705.0,0.0,1,0,94705.0,0.0,1,0,0.00029575179147653256,0.0,1,False,False,False,7,
100000005092518100,terminal,0.06442741319401661,47,0.21241032394160875,"вход 26,144, выход 0",1,0,26144.0,0.0,1,0,26144.0,0.0,1,0,0.0002910566135800478,0.0,1,False,False,False,1,
100000008737958100,terminal,0.13152862317947708,47,0.21900088496030257,"вход 53,373, выход 0",2,0,53373.0,0.0,2,0,53373.0,0.0,2,0,0.00029962614026345346,0.0,1,False,False,False,1,
100000003044518100,terminal,0.0848295916607112,30,0.212513871801382,"вход 34,423, выход 0",1,0,34423.0,0.0,1,0,34423.0,0.0,1,0,0.00028754318610180955,0.0,1,False,False,False,1,
100000004159526100,coordinator,1.0,83,0.48595713014933845,8 курьеров выше по цепочке,4,4,275037.0,68000.0,4,4,275037.0,68000.0,4,6,0.0008532026216190936,0.24723946232688693,1,False,False,False,8,0.0
100000007544358100,coordinator,1.0,22,0.46424448633460363,7 курьеров выше по цепочке,2,1,322500.0,350000.0,2,1,322500.0,350000.0,2,3,0.0003405716742742659,1.0852713178294573,1,False,False,False,7,1.5
100000005901606100,terminal,0.0878779664358412,47,0.21252934331998807,"вход 35,660, выход 0",1,0,35660.0,0.0,1,0,35660.0,0.0,1,0,0.0002930539105145642,0.0,1,False,False,False,1,
100000006658598100,coordinator,1.0,22,0.4496958989497072,7 курьеров выше по цепочке,1,0,9000.0,0.0,1,0,9000.0,0.0,1,0,0.00028653695669903076,0.0,1,False,False,False,7,
100000002793851100,coordinator,1.0,22,0.4497215639102404,7 курьеров выше по цепочке,1,0,11052.0,0.0,1,0,11052.0,0.0,1,0,0.0002867575837448675,0.0,1,False,False,False,7,
100000005612411100,coordinator,1.0,4,0.4832024176106544,8 курьеров выше по цепочке,3,8,115500.0,506997.0,3,8,115500.0,506997.0,4,8,0.00032720608268876,4.389584415584416,1,False,False,False,8,0.0
100000007511163100,coordinator,1.0,22,0.4576558707207521,7 курьеров выше по цепочке,2,3,63666.0,82052.0,2,3,63666.0,82052.0,2,3,0.0003395973251602175,1.2887883642760658,1,False,False,False,7,0.0
100000002648315100,peripheral,0.2,30,0.05718484980064073,"1 отправителей, 2 получателей",1,2,132000.0,76000.0,1,2,132000.0,76000.0,1,3,0.0002931384697323959,0.5757575757575758,1,False,False,False,1,4.0
100000004739664100,transit,0.16666666666666685,47,0.24735849372891391,"пропуск 0.83, связей 2",1,1,12000.0,10000.0,1,1,12000.0,10000.0,1,1,0.00028808795365552084,0.8333333333333334,1,False,False,False,1,
100000003713616100,coordinator,1.0,22,0.44978211170455884,7 курьеров выше по цепочке,1,0,15893.0,0.0,1,0,15893.0,0.0,1,0,0.00028727807864198997,0.0,1,False,False,False,7,
100000003476560100,coordinator,1.0,4,0.49020869786874377,10 курьеров выше по цепочке,1,0,50000.0,0.0,1,0,50000.0,0.0,1,0,0.00029558111590539824,0.0,1,False,False,False,10,
100000008782800100,terminal,0.10690504940979324,47,0.21262591211154613,"вход 43,381, выход 0",1,0,43381.0,0.0,1,0,43381.0,0.0,1,0,0.0002946744579747786,0.0,1,False,False,False,1,
100000004218576100,terminal,0.06442741319401661,47,0.21241032394160875,"вход 26,144, выход 0",1,0,26144.0,0.0,1,0,26144.0,0.0,1,0,0.0002910566135800478,0.0,1,False,False,False,1,
100000003299365100,coordinator,1.0,4,0.4945862496166168,10 курьеров выше по цепочке,1,1,200000.0,200000.0,1,1,200000.0,200000.0,1,1,0.0003256165809697203,1.0,1,False,False,False,10,0.0
100000008730021100,terminal,0.18619236550925355,40,0.22636165501612537,"вход 75,555, выход 0",1,0,75555.0,0.0,1,0,75555.0,0.0,3,0,0.00046813825917664206,0.0,1,False,False,False,2,
100000002757797100,terminal,0.2464328840040415,42,0.2133340624041542,"вход 100,000, выход 0",1,0,100000.0,0.0,1,0,100000.0,0.0,1,0,0.00030216479959665387,0.0,1,False,False,False,1,
100000002845605100,coordinator,1.0,52,0.45030334053753274,7 курьеров выше по цепочке,1,0,57567.0,0.0,1,0,57567.0,0.0,1,0,0.00029637188126250733,0.0,1,False,False,False,7,
100000000817146100,coordinator,1.0,22,0.47712576049538874,9 курьеров выше по цепочке,1,0,70020.0,0.0,1,0,70020.0,0.0,1,0,0.000589468478641026,0.0,1,False,False,False,9,
100000002957306100,coordinator,1.0,34,0.5141506969409807,11 курьеров выше по цепочке,2,0,398490.0,0.0,2,0,398490.0,0.0,2,0,0.0003551868796242705,0.0,1,False,False,False,11,
100000008188026100,coordinator,1.0,22,0.4611420675079626,7 курьеров выше по цепочке,2,4,86468.0,337983.17,2,4,86468.0,337983.17,5,4,0.0002993035967853829,3.9087659018365173,1,False,False,False,7,21.0
100000004790991100,coordinator,1.0,22,0.45257774132365763,7 курьеров выше по цепочке,1,0,239413.0,0.0,1,0,239413.0,0.0,4,0,0.0003113105139662674,0.0,1,False,False,False,7,
100000002973903100,coordinator,1.0,42,0.4765783438276451,8 курьеров выше по цепочке,3,0,92880.0,0.0,3,0,92880.0,0.0,3,0,0.00031686903979445306,0.0,1,False,False,False,8,
100000004325327100,coordinator,1.0,52,0.45759457248899116,7 курьеров выше по цепочке,2,1,70817.0,70000.0,2,1,70817.0,70000.0,3,1,0.00029579231968135573,0.988463222107686,1,False,False,False,7,2.0
100000001477796100,terminal,0.4485078488873555,4,0.21435966024222733,"вход 182,000, выход 0",1,0,182000.0,0.0,1,0,182000.0,0.0,1,0,0.0003306619019813842,0.0,1,False,False,False,1,
100000007536804100,peripheral,0.2,30,0.056521963393105674,"1 отправителей, 2 получателей",1,2,100000.0,55000.0,1,2,100000.0,55000.0,1,2,0.00029130351809237046,0.55,1,False,False,False,1,2.0
100000008665380100,coordinator,1.0,52,0.45692521981215994,7 курьеров выше по цепочке,2,1,69100.0,18200.0,2,1,69100.0,18200.0,2,1,0.00029077432850192693,0.2633863965267728,1,False,False,False,7,1.0
100000001870116100,terminal,0.05914389216096996,47,0.21238350831033034,"вход 24,000, выход 0",1,0,24000.0,0.0,1,0,24000.0,0.0,1,0,0.00029060661309375074,0.0,1,False,False,False,1,
100000001074553100,terminal,0.07139407082481086,50,0.2320290153857742,"вход 28,971, выход 0",2,0,28971.0,0.0,2,0,28971.0,0.0,2,0,0.0002894987523363481,0.0,1,False,False,False,2,
100000000978041100,terminal,0.10952709529559625,47,0.21263921986885967,"вход 44,445, выход 0",1,0,44445.0,0.0,1,0,44445.0,0.0,1,0,0.00029489777911163493,0.0,1,False,False,False,1,
100000002603769100,coordinator,1.0,52,0.4769090755055412,7 курьеров выше по цепочке,3,0,1185368.0,0.0,3,0,1185368.0,0.0,3,0,0.0005415388680707105,0.0,1,False,False,False,7,
100000005034574100,terminal,0.6378077330639,31,0.21532042028526907,"вход 258,816, выход 0",1,0,258816.0,0.0,1,0,258816.0,0.0,16,0,0.0004250866895938891,0.0,1,False,False,False,1,
100000002958286100,terminal,0.6333325118903866,50,0.21529770704534298,"вход 257,000, выход 0",1,0,257000.0,0.0,1,0,257000.0,0.0,1,0,0.00031316938195490073,0.0,1,False,False,False,1,
100000005634552100,coordinator,1.0,52,0.464865366485158,7 курьеров выше по цепочке,1,3,25850.0,1196000.0,1,3,25850.0,1196000.0,1,4,0.00028834863590095484,46.2669245647969,1,False,False,False,7,
100000008736760100,terminal,0.134939254294093,47,0.21276819505064273,"вход 54,757, выход 0",1,0,54757.0,0.0,1,0,54757.0,0.0,1,0,0.0002970621471222205,0.0,1,False,False,False,1,
100000008701944100,terminal,0.1284506764582666,40,0.22606859668754134,"вход 52,124, выход 0",1,0,52124.0,0.0,1,0,52124.0,0.0,1,0,0.00041152025351239013,0.0,1,False,False,False,2,
100000008748408100,distributor,0.35,30,0.32284639375897306,21 получателей,1,21,360000.0,1499960.0,1,21,360000.0,1499960.0,2,22,0.00033405459494233067,4.166555555555555,1,False,False,False,1,0.0
100000008486520100,coordinator,1.0,22,0.4502051958273454,7 курьеров выше по цепочке,1,1,35720.0,14000.0,1,1,35720.0,14000.0,2,1,0.00028940983908926294,0.3919372900335946,1,False,False,False,7,
100000003163256100,coordinator,1.0,22,0.4499396035091566,7 курьеров выше по цепочке,1,1,13485.0,15000.0,1,1,13485.0,15000.0,1,1,0.00028701917516909777,1.1123470522803114,1,False,False,False,7,
100000003102157100,coordinator,1.0,52,0.45079336368018963,7 курьеров выше по цепочке,1,0,96746.0,0.0,1,0,96746.0,0.0,2,0,0.0003037239155502857,0.0,1,False,False,False,7,
100000004741837100,coordinator,1.0,22,0.4499034699463006,7 курьеров выше по цепочке,1,0,25596.0,0.0,1,0,25596.0,0.0,1,0,0.0002883213263153591,0.0,1,False,False,False,7,
100000008443341100,coordinator,1.0,52,0.45689019939817693,7 курьеров выше по цепочке,2,3,34500.0,50000.0,2,3,34500.0,50000.0,2,4,0.0006689699930486659,1.4492753623188406,1,False,False,False,7,2.5
100000004792397100,terminal,0.1811774563197713,47,0.21300286934620086,"вход 73,520, выход 0",1,0,73520.0,0.0,1,0,73520.0,0.0,1,0,0.0003010002810421795,0.0,1,False,False,False,1,
100000003809101100,coordinator,1.0,34,0.47193390473585783,8 курьеров выше по цепочке,2,2,166050.0,55200.0,2,2,166050.0,55200.0,3,4,0.00036194707754243303,0.3324299909665763,1,False,False,False,8,1.0
100000002838861100,coordinator,1.0,50,0.4949773318210629,8 курьеров выше по цепочке,5,1,554523.95,10000.0,5,1,554523.95,10000.0,5,1,0.002119918647260691,0.018033486200190272,1,False,False,False,8,8.5
100000008560717100,coordinator,1.0,90,0.4940123723856809,7 курьеров выше по цепочке,7,1,529000.0,25000.0,7,1,529000.0,25000.0,9,1,0.0003308341565552128,0.04725897920604915,1,False,False,False,7,19.0
100000008693069100,terminal,0.0492865768008083,47,0.2123334791474975,"вход 20,000, выход 0",1,0,20000.0,0.0,1,0,20000.0,0.0,1,0,0.0002897670599476741,0.0,1,False,False,False,1,
100000008672162100,terminal,0.03832031346262845,47,0.212277821703846,"вход 15,550, выход 0",1,0,15550.0,0.0,1,0,15550.0,0.0,1,0,0.0002888330570726638,0.0,1,False,False,False,1,
100000007311010100,coordinator,1.0,4,0.49688994925236274,10 курьеров выше по цепочке,2,1,64480.0,20000.0,2,1,64480.0,20000.0,2,1,0.0003093598362490275,0.31017369727047145,1,False,False,False,10,
100000005505655100,coordinator,1.0,65,0.45649709525121795,7 курьеров выше по цепочке,2,1,33070.0,20000.0,2,1,33070.0,20000.0,2,1,0.00032150802112552193,0.6047777441790142,1,False,False,False,7,1.5
100000004707703100,coordinator,1.0,22,0.4617236418923642,7 курьеров выше по цепочке,2,5,239300.0,231650.0,2,5,239300.0,231650.0,3,6,0.0006355624384346348,0.9680317592979524,1,False,False,False,7,0.0
100000004005964100,peripheral,0.2,55,0.06920832202465799,"3 отправителей, 3 получателей",3,3,97900.0,72000.0,3,3,97900.0,72000.0,9,5,0.00040452469148817213,0.7354443309499489,1,False,False,False,1,0.5
100000008244300100,coordinator,1.0,90,0.48873501869770475,8 курьеров выше по цепочке,5,0,65430.0,0.0,5,0,65430.0,0.0,6,0,0.000479365914728666,0.0,1,False,False,False,8,
100000002692044100,terminal,0.23903989748392027,42,0.2132965405320296,"вход 97,000, выход 0",1,0,97000.0,0.0,1,0,97000.0,0.0,1,0,0.000301666934435273,0.0,1,False,False,False,1,
100000001103905100,terminal,0.04435791912072747,47,0.2123084645660811,"вход 18,000, выход 0",1,0,18000.0,0.0,1,0,18000.0,0.0,1,0,0.00028934728337463573,0.0,1,False,False,False,1,
100000008755361100,terminal,0.03604573794327115,47,0.2122662774745223,"вход 14,627, выход 0",1,0,14627.0,0.0,1,0,14627.0,0.0,1,0,0.0002886393301842066,0.0,1,False,False,False,1,
100000002810870100,terminal,0.08299120234604106,47,0.21250454136251368,"вход 33,677, выход 0",1,0,33677.0,0.0,1,0,33677.0,0.0,1,0,0.00029263770204239665,0.0,1,False,False,False,1,
100000005897462100,coordinator,1.0,34,0.4641473840723544,8 курьеров выше по цепочке,1,0,98400.0,0.0,1,0,98400.0,0.0,1,0,0.00030049363949730384,0.0,1,False,False,False,8,
100000000941942100,coordinator,1.0,4,0.4912092811254004,10 курьеров выше по цепочке,1,0,130000.0,0.0,1,0,130000.0,0.0,1,0,0.00031160003060637,0.0,1,False,False,False,10,
100000008723830100,coordinator,1.0,22,0.46727481526384196,7 курьеров выше по цепочке,2,1,459785.0,455000.0,2,1,459785.0,455000.0,2,1,0.0003402309877065733,0.9895929619278576,1,False,False,False,7,1.0
100000008776576100,terminal,0.03638581532319673,47,0.21226800348064004,"вход 14,765, выход 0",1,0,14765.0,0.0,1,0,14765.0,0.0,1,0,0.00028866829476774624,0.0,1,False,False,False,1,
100000005432267100,coordinator,1.0,4,0.500210897588497,10 курьеров выше по цепочке,2,0,350001.0,0.0,2,0,350001.0,0.0,2,0,0.0003423334858506325,0.0,1,False,False,False,10,
100000006745291100,coordinator,1.0,34,0.46394894339797793,8 курьеров выше по цепочке,1,0,82534.0,0.0,1,0,82534.0,0.0,1,0,0.0002980872404910774,0.0,1,False,False,False,8,
100000008670667100,terminal,0.038280884201187804,47,0.21227762158719465,"вход 15,534, выход 0",1,0,15534.0,0.0,1,0,15534.0,0.0,1,0,0.0002888296988600795,0.0,1,False,False,False,1,
100000002480800100,coordinator,1.0,4,0.5029531210762718,10 курьеров выше по цепочке,2,0,569251.0,0.0,2,0,569251.0,0.0,2,0,0.0006410781031176427,0.0,1,False,False,False,10,
100000002182176100,coordinator,1.0,52,0.45011445543325734,7 курьеров выше по цепочке,1,0,42465.0,0.0,1,0,42465.0,0.0,1,0,0.0002935379543676395,0.0,1,False,False,False,7,
100000008219168100,terminal,0.13110229429015008,30,0.21274872119901006,"вход 53,200, выход 0",1,0,53200.0,0.0,1,0,53200.0,0.0,2,0,0.0002886199013188332,0.0,1,False,False,False,1,
100000004226848100,coordinator,1.0,4,0.49335885915025746,10 курьеров выше по цепочке,1,0,301866.0,0.0,1,0,301866.0,0.0,1,0,0.0003460138655313352,0.0,1,False,False,False,10,
100000006326645100,terminal,0.06225880381478104,47,0.21239931752578553,"вход 25,264, выход 0",1,0,25264.0,0.0,1,0,25264.0,0.0,1,0,0.00029087191188791094,0.0,1,False,False,False,1,
100000003589877100,coordinator,1.0,67,0.48990592953976086,9 курьеров выше по цепочке,2,6,176000.0,416129.0,2,6,176000.0,416129.0,2,6,0.0003069751599714215,2.364369318181818,1,False,False,False,9,0.0
100000003942602100,transit,1.0,47,0.24783377077582583,"пропуск 1.00, связей 2",1,1,30000.0,30000.0,1,1,30000.0,30000.0,1,1,0.0002918659428128657,1.0,1,False,False,False,1,0.0
100000000922570100,transit,0.692257064605847,42,0.24829780376839108,"пропуск 1.06, связей 2",1,1,47101.0,50000.0,1,1,47101.0,50000.0,1,1,0.00029338594320602463,1.0615485870788306,1,False,False,False,1,
100000005079754100,coordinator,1.0,4,0.49198473314930935,10 курьеров выше по цепочке,1,2,70000.0,122000.0,1,2,70000.0,122000.0,1,2,0.0002995858445806412,1.7428571428571429,1,False,False,False,10,1.0
100000003187359100,terminal,0.046999679637250796,47,0.2123218723817203,"вход 19,072, выход 0",1,0,19072.0,0.0,1,0,19072.0,0.0,1,0,0.0002895722836177843,0.0,1,False,False,False,1,
100000000998559100,coordinator,1.0,4,0.49083406240415417,10 курьеров выше по цепочке,1,0,100000.0,0.0,1,0,100000.0,0.0,1,0,0.0003055929375935056,0.0,1,False,False,False,10,
100000008690932100,terminal,0.05667956332092954,47,0.21237100101962214,"вход 23,000, выход 0",1,0,23000.0,0.0,1,0,23000.0,0.0,1,0,0.00029039672480723154,0.0,1,False,False,False,1,
100000008773876100,terminal,0.06436826930185564,47,0.21241002376663176,"вход 26,120, выход 0",1,0,26120.0,0.0,1,0,26120.0,0.0,1,0,0.00029105157626117134,0.0,1,False,False,False,1,
100000006789108100,coordinator,1.0,34,0.46338569006822444,8 курьеров выше по цепочке,1,0,37500.0,0.0,1,0,37500.0,0.0,1,0,0.0002912569258026617,0.0,1,False,False,False,8,
100000004058740100,terminal,0.07392986520121245,47,0.2124585520545796,"вход 30,000, выход 0",1,0,30000.0,0.0,1,0,30000.0,0.0,1,0,0.0002918659428128657,0.0,1,False,False,False,1,
100000007641801100,terminal,0.492865768008083,30,0.21458479147497508,"вход 200,000, выход 0",1,0,200000.0,0.0,1,0,200000.0,0.0,1,0,0.0002970377419674501,0.0,1,False,False,False,1,
100000000555721100,coordinator,1.0,52,0.4572466571833609,7 курьеров выше по цепочке,2,0,113000.0,0.0,2,0,113000.0,0.0,3,0,0.00030809196179581376,0.0,1,False,False,False,7,
100000008729801100,terminal,0.04320954188126864,47,0.2123026361686111,"вход 17,534, выход 0",1,0,17534.0,0.0,1,0,17534.0,0.0,1,0,0.00028924947543311784,0.0,1,False,False,False,1,
100000004664905100,coordinator,1.0,22,0.4599484821221481,7 курьеров выше по цепочке,2,0,329020.0,0.0,2,0,329020.0,0.0,4,0,0.0004118439668426327,0.0,1,False,False,False,7,
100000003057225100,coordinator,1.0,22,0.4525350539404705,7 курьеров выше по цепочке,1,0,236000.0,0.0,1,0,236000.0,0.0,1,0,0.000310943554849581,0.0,1,False,False,False,7,
100000000703902100,terminal,0.06283792109219054,47,0.21240225673910196,"вход 25,499, выход 0",1,0,25499.0,0.0,1,0,25499.0,0.0,1,0,0.00029092123563524295,0.0,1,False,False,False,1,
100000008720798100,terminal,0.038280884201187804,47,0.21227762158719465,"вход 15,534, выход 0",1,0,15534.0,0.0,1,0,15534.0,0.0,1,0,0.0002888296988600795,0.0,1,False,False,False,1,
100000001411870100,terminal,1.0,30,0.2429232283040545,"вход 900,000, выход 0",2,0,900000.0,0.0,2,0,900000.0,0.0,4,0,0.0004780448174649528,0.0,1,False,False,False,2,
100000008556318100,coordinator,1.0,4,0.4980862966231844,10 курьеров выше по цепочке,2,0,180132.0,0.0,2,0,180132.0,0.0,2,0,0.0005605041030696609,0.0,1,False,False,False,10,
100000002720627100,coordinator,1.0,34,0.4654093697048126,8 курьеров выше по цепочке,1,0,199300.0,0.0,1,0,199300.0,0.0,1,0,0.0003157971602163415,0.0,1,False,False,False,8,
100000003022835100,coordinator,1.0,4,0.49114674467185937,10 курьеров выше по цепочке,1,0,125000.0,0.0,1,0,125000.0,0.0,1,0,0.0003105988484375593,0.0,1,False,False,False,10,
100000008304115100,terminal,0.12568077084206117,42,0.21272120515945198,"вход 51,000, выход 0",1,0,51000.0,0.0,1,0,51000.0,0.0,1,0,0.00029403300196076604,0.0,1,False,False,False,1,
100000003886323100,coordinator,1.0,22,0.45690668400733037,7 курьеров выше по цепочке,2,1,78168.0,7650.0,2,1,78168.0,7650.0,6,1,0.0018048414724057063,0.09786613447958244,1,False,False,False,7,9.0
100000000607731100,peripheral,0.2,26,0.05566729018985094,"1 отправителей, 1 получателей",1,1,20000.0,66666.0,1,1,20000.0,66666.0,1,1,0.0003175358448925586,3.3333,1,False,False,False,1,
100000005961971100,terminal,0.11669336356243377,47,0.21267559107023914,"вход 47,353, выход 0",1,0,47353.0,0.0,1,0,47353.0,0.0,1,0,0.00029550813424883264,0.0,1,False,False,False,1,
100000000440392100,coordinator,1.0,22,0.4509054164976445,7 курьеров выше по цепочке,1,0,105705.0,0.0,1,0,105705.0,0.0,4,0,0.0002969344900653258,0.0,1,False,False,False,7,
100000004105288100,coordinator,1.0,4,0.5118557341689316,11 курьеров выше по цепочке,2,0,215000.0,0.0,2,0,215000.0,0.0,2,0,0.0004630401380988289,0.0,1,False,False,False,11,
100000008169544100,coordinator,1.0,22,0.45183344496090283,7 курьеров выше по цепочке,1,4,137104.0,42800.0,1,4,137104.0,42800.0,2,7,0.0003003104494280091,0.31217178200490137,1,False,False,False,7,1.0
100000004186824100,coordinator,1.0,22,0.4615704275811886,7 курьеров выше по цепочке,2,1,451700.0,7000.0,2,1,451700.0,7000.0,7,1,0.0003819271547747407,0.015497011290679655,1,False,False,False,7,10.0
100000008672200100,terminal,0.02097390275758397,47,0.2121897828845509,"вход 8,511, выход 0",1,0,8511.0,0.0,1,0,8511.0,0.0,1,0,0.00028735565342385543,0.0,1,False,False,False,1,
100000002188829100,coordinator,1.0,4,0.4945862496166168,10 курьеров выше по цепочке,1,0,400000.0,0.0,1,0,400000.0,0.0,1,0,0.00036566386772214973,0.0,1,False,False,False,10,
100000008717341100,terminal,0.03604573794327115,47,0.2122662774745223,"вход 14,627, выход 0",1,0,14627.0,0.0,1,0,14627.0,0.0,1,0,0.0002886393301842066,0.0,1,False,False,False,1,
100000002214301100,coordinator,1.0,52,0.44995152295720153,7 курьеров выше по цепочке,1,1,21438.0,8000.0,1,1,21438.0,8000.0,1,1,0.00028959218686542876,0.373169138912212,1,False,False,False,7,19.0
100000002565277100,coordinator,1.0,4,0.495628344571134,10 курьеров выше по цепочке,1,0,483319.0,0.0,1,0,483319.0,0.0,1,0,0.0003823473671467781,0.0,1,False,False,False,10,
100000005546031100,peripheral,0.2,57,0.06801887867830735,"3 отправителей, 1 получателей",3,1,66800.0,8000.0,3,1,66800.0,8000.0,6,1,0.0007125289535173747,0.11976047904191617,1,False,False,False,1,2.0
100000003449074100,coordinator,1.0,52,0.44970840624041536,7 курьеров выше по цепочке,1,0,10000.0,0.0,1,0,10000.0,0.0,1,0,0.0002874458184490932,0.0,1,False,False,False,7,
100000008748914100,peripheral,0.2,4,0.11901533609244165,"2 отправителей, 13 получателей",2,13,180000.0,4471847.0,2,13,180000.0,4471847.0,9,21,0.0007908267344260672,24.843594444444445,1,False,False,False,1,1.0
100000004744306100,coordinator,1.0,35,0.46493034047068826,8 курьеров выше по цепочке,1,2,69000.0,92000.0,1,2,69000.0,92000.0,1,3,0.0004607769966825421,1.3333333333333333,1,False,False,False,8,3.0
100000003158727100,coordinator,1.0,30,0.4933519325431783,9 курьеров выше по цепочке,3,0,367940.0,0.0,3,0,367940.0,0.0,3,0,0.00031412912735274626,0.0,1,False,False,False,9,
100000001389255100,terminal,0.03976441016289214,47,0.21228515097620101,"вход 16,136, выход 0",1,0,16136.0,0.0,1,0,16136.0,0.0,1,0,0.00028895605160856404,0.0,1,False,False,False,1,
100000008695495100,terminal,0.051750905640848714,47,0.21234598643820574,"вход 21,000, выход 0",1,0,21000.0,0.0,1,0,21000.0,0.0,1,0,0.00028997694823419326,0.0,1,False,False,False,1,
100000004015047100,consolidator,0.375,30,0.5302776095662987,9 отправителей,9,1,919104.0,69195.0,9,1,919104.0,69195.0,18,7,0.0022785971106508724,0.07528527783580531,1,False,False,False,11,2.5
100000005183943100,terminal,1.0,1,0.22059954757655262,"вход 680,900, выход 0",1,0,680900.0,0.0,1,0,680900.0,0.0,9,0,0.0006108393603081353,0.0,1,False,False,False,1,
100000003004487100,coordinator,1.0,61,0.47394557730388115,7 курьеров выше по цепочке,4,2,183702.8,265015.0,4,2,183702.8,265015.0,9,3,0.0003508724817163427,1.4426290726107605,1,False,False,False,7,13.0
100000003042994100,coordinator,1.0,22,0.45316149410288187,7 курьеров выше по цепочке,1,0,286086.0,0.0,1,0,286086.0,0.0,3,0,0.0003163287040785169,0.0,1,False,False,False,7,
100000001899164100,coordinator,1.0,42,0.4862715384231614,8 курьеров выше по цепочке,4,3,291675.0,76500.0,4,3,291675.0,76500.0,5,3,0.0011765620095510495,0.2622782206222679,1,False,False,False,8,8.0
100000003946524100,coordinator,1.0,4,0.49931670134660444,10 курьеров выше по цепочке,2,2,133757.0,144750.0,2,2,133757.0,144750.0,2,2,0.0003260605758889203,1.0821863528637754,1,False,False,False,10,6.0
100000008717340100,terminal,0.10226964686167722,47,0.212602385897724,"вход 41,500, выход 0",1,0,41500.0,0.0,1,0,41500.0,0.0,1,0,0.000294279658107836,0.0,1,False,False,False,1,
100000003831324100,coordinator,1.0,30,0.4862521872124626,9 курьеров выше по цепочке,2,0,300000.0,0.0,2,0,300000.0,0.0,2,0,0.00031519260326985687,0.0,1,False,False,False,9,
100000008129393100,terminal,0.02464328840040415,17,0.21220840624041543,"вход 10,000, выход 0",1,0,10000.0,0.0,1,0,10000.0,0.0,1,0,0.00031169818202604903,0.0,1,False,False,False,1,
100000004388209100,terminal,0.029079080312476895,47,0.2122309193636902,"вход 11,800, выход 0",1,0,11800.0,0.0,1,0,11800.0,0.0,1,0,0.000288045975998217,0.0,1,False,False,False,1,
100000000706545100,coordinator,1.0,22,0.4764179392140112,7 курьеров выше по цепочке,3,1,1070300.0,75800.0,3,1,1070300.0,75800.0,8,3,0.0032266260404967403,0.07082126506586939,1,False,False,False,7,11.0
100000004497606100,terminal,0.038280884201187804,47,0.21227762158719465,"вход 15,534, выход 0",1,0,15534.0,0.0,1,0,15534.0,0.0,1,0,0.0002888296988600795,0.0,1,False,False,False,1,
100000008470470100,terminal,0.0826708395968358,47,0.21250291541472163,"вход 33,547, выход 0",1,0,33547.0,0.0,1,0,33547.0,0.0,1,0,0.00029261041656514913,0.0,1,False,False,False,1,
100000004318918100,coordinator,1.0,34,0.4638622178442072,8 курьеров выше по цепочке,1,0,75600.0,0.0,1,0,75600.0,0.0,1,0,0.0002970355594933984,0.0,1,False,False,False,8,
100000005228059100,terminal,0.06407254984105079,47,0.21240852289174678,"вход 26,000, выход 0",1,0,26000.0,0.0,1,0,26000.0,0.0,1,0,0.00029102638966678907,0.0,1,False,False,False,1,
100000001609499100,coordinator,1.0,52,0.46563681721831457,7 курьеров выше по цепочке,3,2,263113.0,21000.0,3,2,263113.0,21000.0,3,2,0.00032091395654925293,0.07981361620292422,1,False,False,False,7,2.0
100000002824176100,terminal,0.3548633529658198,30,0.22721771652864872,"вход 144,000, выход 0",1,0,144000.0,0.0,1,0,144000.0,0.0,1,0,0.0003385981575005863,0.0,1,False,False,False,2,
100000001363952100,coordinator,1.0,78,0.4594311180420031,7 курьеров выше по цепочке,2,1,196655.0,91000.0,2,1,196655.0,91000.0,2,2,0.00030709529312419024,0.4627393150441128,1,False,False,False,7,0.0
100000001049200100,coordinator,1.0,64,0.4572419544420546,7 курьеров выше по цепочке,2,4,76624.0,36000.0,2,4,76624.0,36000.0,2,5,0.0002982913003271399,0.46982668615577367,1,False,False,False,7,6.5
100000002662768100,terminal,0.207742921215407,4,0.21313769794003534,"вход 84,300, выход 0",1,0,84300.0,0.0,1,0,84300.0,0.0,1,0,0.00030645559550582425,0.0,1,False,False,False,1,
100000004737477100,coordinator,1.0,52,0.4569602152115615,7 курьеров выше по цепочке,2,1,49598.0,40500.0,2,1,49598.0,40500.0,3,3,0.00029231930484893123,0.8165651840800032,1,False,False,False,7,1.0
100000008680451100,terminal,0.05799551492151113,47,0.21237767991286033,"вход 23,534, выход 0",1,0,23534.0,0.0,1,0,23534.0,0.0,1,0,0.0002905088051522328,0.0,1,False,False,False,1,
100000001952325100,terminal,0.19194164469306785,47,0.2130575011920143,"вход 77,888, выход 0",1,0,77888.0,0.0,1,0,77888.0,0.0,2,0,0.0003019170730776952,0.0,1,False,False,False,1,
100000008751429100,peripheral,0.2,33,0.07282167831025946,"3 отправителей, 1 получателей",3,1,386200.0,72600.0,3,1,386200.0,72600.0,6,2,0.0015043129924041134,0.1879854997410668,1,False,False,False,1,2.0
100000001960517100,terminal,0.492865768008083,30,0.22791812480830842,"вход 200,000, выход 0",1,0,200000.0,0.0,1,0,200000.0,0.0,1,0,0.00035922049322186785,0.0,1,False,False,False,2,
100000008686234100,coordinator,1.0,52,0.4500808483431244,7 курьеров выше по цепочке,1,0,39778.0,0.0,1,0,39778.0,0.0,1,0,0.0002930337323065542,0.0,1,False,False,False,7,
100000004213658100,terminal,0.0624633431085044,47,0.2124003556309143,"вход 25,347, выход 0",1,0,25347.0,0.0,1,0,25347.0,0.0,1,0,0.00029088933261569206,0.0,1,False,False,False,1,
100000001194266100,coordinator,1.0,4,0.49020869786874377,10 курьеров выше по цепочке,1,0,50000.0,0.0,1,0,50000.0,0.0,1,0,0.00029558111590539824,0.0,1,False,False,False,10,
100000002243354100,terminal,0.05145272185120382,47,0.21234447305603005,"вход 20,879, выход 0",1,0,20879.0,0.0,1,0,20879.0,0.0,1,0,0.0002899515517515244,0.0,1,False,False,False,1,
100000006069103100,coordinator,1.0,22,0.46832219506982053,7 курьеров выше по цепочке,3,3,228818.0,270000.0,3,3,228818.0,270000.0,3,4,0.0011516310982681742,1.1799770997036947,1,False,False,False,7,0.5
100000002760175100,coordinator,1.0,34,0.46526065801829203,8 курьеров выше по цепочке,1,0,187410.0,0.0,1,0,187410.0,0.0,1,0,0.00031399380182834,0.0,1,False,False,False,8,
100000003567087100,terminal,0.15307178589911039,47,0.21286022369567373,"вход 62,115, выход 0",1,0,62115.0,0.0,1,0,62115.0,0.0,1,0,0.0002986065051344285,0.0,1,False,False,False,1,
100000008229700100,peripheral,0.2,42,0.05496730715807534,"1 отправителей, 1 получателей",1,1,23500.0,7200.0,1,1,23500.0,7200.0,1,1,0.0002894692379814412,0.30638297872340425,1,False,False,False,1,11.0
100000004076740100,coordinator,1.0,52,0.4648130495303998,7 курьеров выше по цепочке,3,6,93250.0,125000.0,3,6,93250.0,125000.0,5,10,0.0007414546780411359,1.3404825737265416,1,False,False,False,7,2.0
100000003284932100,coordinator,1.0,4,0.4904579056361048,10 курьеров выше по цепочке,1,0,69925.0,0.0,1,0,69925.0,0.0,1,0,0.000299570826848109,0.0,1,False,False,False,10,
100000008071620100,coordinator,1.0,52,0.45017077576331643,7 курьеров выше по цепочке,1,0,46968.0,0.0,1,0,46968.0,0.0,1,0,0.0002943829532292201,0.0,1,False,False,False,7,
100000003235780100,coordinator,1.0,52,0.4566463072293669,7 курьеров выше по цепочке,2,0,65000.0,0.0,2,0,65000.0,0.0,2,0,0.00029120007891764556,0.0,1,False,False,False,7,
100000005363908100,transit,1.0,57,0.24757111767095347,"пропуск 1.00, связей 2",1,1,19500.0,19500.0,1,1,19500.0,19500.0,1,1,0.00033851712062440693,1.0,1,False,False,False,1,0.0
100000001851289100,coordinator,1.0,22,0.4509530067387892,7 курьеров выше по цепочке,1,0,109510.0,0.0,1,0,109510.0,0.0,3,0,0.00029734359625899464,0.0,1,False,False,False,7,
100000002870937100,terminal,0.20626432391138275,30,0.21313019356561042,"вход 83,700, выход 0",1,0,83700.0,0.0,1,0,83700.0,0.0,1,0,0.0002903688396007325,0.0,1,False,False,False,1,
100000002152857100,peripheral,0.2,30,0.07128056642879188,"1 отправителей, 5 получателей",1,5,105000.0,1230000.0,1,5,105000.0,1230000.0,1,6,0.0002997108402620942,11.714285714285714,1,False,False,False,1,2.0
100000002600345100,coordinator,1.0,22,0.4564887153664434,7 курьеров выше по цепочке,2,0,52400.0,0.0,2,0,52400.0,0.0,2,0,0.0002957205308431163,0.0,1,False,False,False,7,
100000002580377100,coordinator,1.0,22,0.4501180200111092,7 курьеров выше по цепочке,1,1,37750.0,5000.0,1,1,37750.0,5000.0,2,1,0.000289628100737922,0.13245033112582782,1,False,False,False,7,6.0
100000004094958100,transit,0.8717948717948723,57,0.24807140929928181,"пропуск 1.03, связей 2",1,1,39000.0,40000.0,1,1,39000.0,40000.0,1,1,0.00039146494703152303,1.0256410256410255,1,False,False,False,1,0.0
100000002609774100,coordinator,1.0,59,0.45002358996626224,7 курьеров выше по цепочке,1,1,7700.0,27500.0,1,1,7700.0,27500.0,1,1,0.00028639718322944613,3.5714285714285716,1,False,False,False,7,
100000002596035100,coordinator,1.0,34,0.46581297997596655,8 курьеров выше по цепочке,1,0,231570.0,0.0,1,0,231570.0,0.0,1,0,0.0003206915567832726,0.0,1,False,False,False,8,
100000004664515100,coordinator,1.0,52,0.4500547456274164,7 курьеров выше по цепочке,1,0,37691.0,0.0,1,0,37691.0,0.0,1,0,0.0002926421016993771,0.0,1,False,False,False,7,
100000000661912100,coordinator,1.0,52,0.48488603895215027,7 курьеров выше по цепочке,5,2,393036.0,430700.0,5,2,393036.0,430700.0,9,8,0.0017491597591117625,1.0958283719557496,1,False,False,False,7,0.0
100000004144536100,terminal,0.4140072451267897,55,0.2329345581723124,"вход 168,000, выход 0",4,0,168000.0,0.0,4,0,168000.0,0.0,6,0,0.0009685966718954048,0.0,1,False,False,False,1,
100000006177176100,coordinator,1.0,22,0.4496947858008341,7 курьеров выше по цепочке,1,0,8911.0,0.0,1,0,8911.0,0.0,1,0,0.0002865273875922669,0.0,1,False,False,False,7,
100000002158488100,terminal,0.07817590379260209,47,0.21248010211646984,"вход 31,723, выход 0",1,0,31723.0,0.0,1,0,31723.0,0.0,1,0,0.00029222758033053823,0.0,1,False,False,False,1,
100000000041368100,coordinator,1.0,4,0.49158449984664665,10 курьеров выше по цепочке,1,0,160000.0,0.0,1,0,160000.0,0.0,1,0,0.0003176071236192344,0.0,1,False,False,False,10,
100000008722328100,terminal,0.0583479139456369,47,0.2123794684554316,"вход 23,677, выход 0",1,0,23677.0,0.0,1,0,23677.0,0.0,1,0,0.00029053881917720503,0.0,1,False,False,False,1,
100000008735384100,terminal,0.09665097710638508,47,0.2125738692749093,"вход 39,220, выход 0",1,0,39220.0,0.0,1,0,39220.0,0.0,1,0,0.00029380111281457236,0.0,1,False,False,False,1,
100000004480280100,coordinator,1.0,4,0.49511835979250673,10 курьеров выше по цепочке,1,2,146694.0,295850.0,1,2,146694.0,295850.0,1,7,0.0003149427776315953,2.0167832358515003,1,False,False,False,10,1.0
100000004286573100,terminal,0.04088321545627049,42,0.21229082928618254,"вход 16,590, выход 0",1,0,16590.0,0.0,1,0,16590.0,0.0,1,0,0.0002883224885597272,0.0,1,False,False,False,1,
100000001746925100,coordinator,1.0,4,0.49046197050558493,10 курьеров выше по цепочке,1,1,65250.0,5000.0,1,1,65250.0,5000.0,1,1,0.000298634721520271,0.07662835249042145,1,False,False,False,10,
100000001660397100,coordinator,1.0,78,0.45705404490645446,7 курьеров выше по цепочке,2,3,48600.0,49000.0,2,3,48600.0,49000.0,2,4,0.0002951523346277189,1.008230452674897,1,False,False,False,7,0.0
100000002591469100,terminal,0.5807683777323246,30,0.21503092653453687,"вход 235,670, выход 0",1,0,235670.0,0.0,1,0,235670.0,0.0,1,0,0.000299083139623691,0.0,1,False,False,False,1,
100000002731501100,peripheral,0.2,55,0.084647696893592,"3 отправителей, 7 получателей",3,7,570370.0,833960.0,3,7,570370.0,833960.0,7,20,0.0004855839777590129,1.4621386117783193,1,False,False,False,1,2.0
100000000089154100,coordinator,1.0,52,0.45503025843675815,7 курьеров выше по цепочке,1,15,10000.0,425500.0,1,15,10000.0,425500.0,1,21,0.0002874458184490932,42.55,1,False,False,False,7,0.0
100000008732098100,terminal,0.038633283225313585,47,0.21227941012976592,"вход 15,677, выход 0",1,0,15677.0,0.0,1,0,15677.0,0.0,1,0,0.00028885971288505175,0.0,1,False,False,False,1,
100000005456919100,terminal,1.0,33,0.22439874396227913,"вход 479,950, выход 5,000",2,1,479950.0,5000.0,2,1,479950.0,5000.0,10,1,0.0013700274780428614,0.010417751849150954,1,False,False,False,1,6.5
100000000507799100,coordinator,1.0,77,0.4497475790749135,7 курьеров выше по цепочке,1,1,5132.0,8000.0,1,1,5132.0,8000.0,1,1,0.0002861210768679897,1.558846453624318,1,False,False,False,7,3.0
100000008716439100,terminal,0.03022992188077577,47,0.21223676026845095,"вход 12,267, выход 0",1,0,12267.0,0.0,1,0,12267.0,0.0,1,0,0.00028814399382802143,0.0,1,False,False,False,1,
100000002981527100,terminal,0.4140072451267897,50,0.2141845581723124,"вход 168,000, выход 0",1,0,168000.0,0.0,1,0,168000.0,0.0,1,0,0.0003036113749173627,0.0,1,False,False,False,1,
100000002844652100,terminal,0.15121121762487985,30,0.21285078069118904,"вход 61,360, выход 0",1,0,61360.0,0.0,1,0,61360.0,0.0,1,0,0.0002890878139870397,0.0,1,False,False,False,1,
100000002605548100,coordinator,1.0,34,0.4972928716225278,10 курьеров выше по цепочке,2,0,116695.0,0.0,2,0,116695.0,0.0,2,0,0.00031432137112675444,0.0,1,False,False,False,10,
100000002750956100,coordinator,1.0,52,0.4501763790295537,7 курьеров выше по цепочке,1,0,47416.0,0.0,1,0,47416.0,0.0,1,0,0.00029446702151480483,0.0,1,False,False,False,7,
100000002982252100,terminal,0.050075162029621235,47,0.21233748148052414,"вход 20,320, выход 0",1,0,20320.0,0.0,1,0,20320.0,0.0,1,0,0.0002898342241993602,0.0,1,False,False,False,1,
100000000961900100,coordinator,1.0,52,0.4562835957988288,7 курьеров выше по цепочке,2,0,36000.0,0.0,2,0,36000.0,0.0,3,0,0.0002943204405632645,0.0,1,False,False,False,7,
100000007175718100,terminal,0.0492865768008083,37,0.2123334791474975,"вход 20,000, выход 0",1,0,20000.0,0.0,1,0,20000.0,0.0,1,0,0.00030318655842831487,0.0,1,False,False,False,1,
100000002306369100,coordinator,1.0,4,0.4537615939110617,7 курьеров выше по цепочке,1,6,73166.0,260900.0,1,6,73166.0,260900.0,1,9,0.00029929907141169583,3.5658639258672062,1,False,False,False,7,17.0
100000000667713100,coordinator,1.0,22,0.4583189197230663,7 курьеров выше по цепочке,2,6,119495.0,79236.0,2,6,119495.0,79236.0,10,7,0.0003201059721320319,0.663090505878907,1,False,False,False,7,9.0
100000001072022100,coordinator,1.0,4,0.5231456108859567,10 курьеров выше по цепочке,3,0,1684000.0,0.0,3,0,1684000.0,0.0,6,0,0.0005021346766292359,0.0,1,False,False,False,10,
100000008116374100,coordinator,1.0,22,0.4499746114158489,7 курьеров выше по цепочке,1,0,31284.0,0.0,1,0,31284.0,0.0,1,0,0.00028893288900381874,0.0,1,False,False,False,7,
100000000703894100,peripheral,0.2,26,0.056521963393105674,"1 отправителей, 1 получателей",1,1,120000.0,35000.0,1,1,120000.0,35000.0,1,1,0.00047736859826889746,0.2916666666666667,1,False,False,False,1,
100000008066326100,coordinator,1.0,52,0.4498249741898159,7 курьеров выше по цепочке,1,0,19320.0,0.0,1,0,19320.0,0.0,1,0,0.00028919473903313297,0.0,1,False,False,False,7,
100000004662806100,coordinator,1.0,42,0.4712489429602228,8 курьеров выше по цепочке,2,2,106585.0,59900.0,2,2,106585.0,59900.0,2,3,0.00030544976624820286,0.5619927757189098,1,False,False,False,8,1.5
100000005778283100,coordinator,1.0,30,0.49645148932648653,9 курьеров выше по цепочке,3,0,615760.0,0.0,3,0,615760.0,0.0,3,0,0.0004375840554275676,0.0,1,False,False,False,9,
100000004408683100,coordinator,1.0,22,0.4572456525977712,7 курьеров выше по цепочке,2,0,112919.68,0.0,2,0,112919.68,0.0,3,0,0.00038531432958819066,0.0,1,False,False,False,7,
100000002704875100,coordinator,1.0,78,0.4651462562621572,7 курьеров выше по цепочке,3,0,244891.0,0.0,3,0,244891.0,0.0,4,0,0.00031507379549976304,0.0,1,False,False,False,7,
100000008349675100,peripheral,0.2,30,0.055623564701535046,"1 отправителей, 1 получателей",1,1,46520.0,36650.0,1,1,46520.0,36650.0,1,2,0.0002882368551639779,0.7878331900257953,1,False,False,False,1,0.0
100000006889963100,coordinator,1.0,90,0.5451112804227687,11 курьеров выше по цепочке,4,1,1431000.0,443475.8,4,1,1431000.0,443475.8,6,3,0.00042726044416286713,0.30990621942697416,1,False,False,False,11,0.0
100000008771819100,terminal,0.09586239187757215,47,0.21256986694188265,"вход 38,900, выход 0",1,0,38900.0,0.0,1,0,38900.0,0.0,1,0,0.00029373394856288624,0.0,1,False,False,False,1,
100000008586731100,terminal,0.02957194608048498,42,0.21223342082183186,"вход 12,000, выход 0",1,0,12000.0,0.0,1,0,12000.0,0.0,1,0,0.00028756075486281447,0.0,1,False,False,False,1,
100000005844459100,coordinator,1.0,52,0.4588776078917113,7 курьеров выше по цепочке,2,0,243400.0,0.0,2,0,243400.0,0.0,2,0,0.00033808255774742736,0.0,1,False,False,False,7,
100000008172352100,coordinator,1.0,32,0.4801666229953766,8 курьеров выше по цепочке,3,7,90265.0,289510.0,3,7,90265.0,289510.0,3,8,0.00037526567278554397,3.207333961114496,1,False,False,False,8,0.0
100000001162560100,peripheral,0.2,50,0.09505314886330268,"1 отправителей, 12 получателей",1,12,331300.0,2904398.0,1,12,331300.0,2904398.0,2,14,0.00032114870693118253,8.76667069121642,1,False,False,False,1,2.5
100000008779584100,terminal,0.07737992557726903,47,0.2124760622615711,"вход 31,400, выход 0",1,0,31400.0,0.0,1,0,31400.0,0.0,1,0,0.00029215978641399247,0.0,1,False,False,False,1,
100000007631637100,terminal,0.03780526873506001,47,0.21227520768008798,"вход 15,341, выход 0",1,0,15341.0,0.0,1,0,15341.0,0.0,1,0,0.0002887891904207813,0.0,1,False,False,False,1,
100000007347733100,terminal,0.05669681362280983,17,0.2123710885706571,"вход 23,007, выход 0",1,0,23007.0,0.0,1,0,23007.0,0.0,1,0,0.0003456840263989008,0.0,1,False,False,False,1,
100000001463701100,coordinator,1.0,34,0.47693369419646425,8 курьеров выше по цепочке,2,0,621000.0,0.0,2,0,621000.0,0.0,2,0,0.0005722109368497137,0.0,1,False,False,False,8,
100000008664469100,coordinator,1.0,4,0.48989601560103846,10 курьеров выше по цепочке,1,0,25000.0,0.0,1,0,25000.0,0.0,1,0,0.0002905752050613446,0.0,1,False,False,False,10,
100000003923946100,peripheral,0.2,30,0.07988614387442235,"1 отправителей, 4 получателей",1,4,282000.0,675000.0,1,4,282000.0,675000.0,3,4,0.00038941748481374446,2.393617021276596,1,False,False,False,2,0.0
100000006562026100,terminal,0.18482466300303113,17,0.23260471346978234,"вход 75,000, выход 0",2,0,75000.0,0.0,2,0,75000.0,0.0,6,0,0.0006853595679127574,0.0,1,False,False,False,2,
100000008776298100,terminal,0.10547327435372976,47,0.21261864537564468,"вход 42,800, выход 0",1,0,42800.0,0.0,1,0,42800.0,0.0,1,0,0.00029455251288031093,0.0,1,False,False,False,1,
100000006446271100,coordinator,1.0,4,0.49683391658999,10 курьеров выше по цепочке,2,0,80000.0,0.0,2,0,80000.0,0.0,2,0,0.0003139136962099016,0.0,1,False,False,False,10,
100000004588479100,coordinator,1.0,22,0.4518050409037045,7 курьеров выше по цепочке,1,0,177633.0,0.0,1,0,177633.0,0.0,2,0,0.0003046680486193908,0.0,1,False,False,False,7,
100000002324543100,terminal,0.07442765962690061,50,0.21246107852730267,"вход 30,202, выход 0",1,0,30202.0,0.0,1,0,30202.0,0.0,1,0,0.0002888127877964788,0.0,1,False,False,False,1,
100000007129492100,coordinator,1.0,34,0.5102671831760819,11 курьеров выше по цепочке,2,1,50990.0,37000.0,2,1,50990.0,37000.0,2,1,0.0002945171129254455,0.725632476956266,1,False,False,False,11,0.0
100000003877908100,coordinator,1.0,4,0.4900836249616616,10 курьеров выше по цепочке,1,0,40000.0,0.0,1,0,40000.0,0.0,1,0,0.0002935787515677768,0.0,1,False,False,False,10,
100000002748180100,peripheral,0.2,62,0.06320889881921447,"1 отправителей, 8 получателей",1,8,9900.0,679743.0,1,8,9900.0,679743.0,1,9,0.0002872122492498478,68.66090909090909,1,False,False,False,1,0.0
100000000945428100,coordinator,1.0,52,0.4507043492922193,7 курьеров выше по цепочке,1,0,89629.0,0.0,1,0,89629.0,0.0,1,0,0.00030238839325451197,0.0,1,False,False,False,7,
100000003115284100,consolidator,0.3333333333333333,34,0.5451549375378953,8 отправителей,8,2,2160500.0,517000.0,8,2,2160500.0,517000.0,15,4,0.0015286375827955761,0.23929645915297384,1,False,False,False,11,0.0
100000005394708100,peripheral,0.2,35,0.055721496787780316,"1 отправителей, 1 получателей",1,1,26000.0,65000.0,1,1,26000.0,65000.0,1,1,0.00034517722457498757,2.5,1,False,False,False,1,1.0
100000008747113100,coordinator,1.0,90,0.49830728794270773,10 курьеров выше по цепочке,2,0,197801.0,0.0,2,0,197801.0,0.0,2,0,0.00030751915506009613,0.0,1,False,False,False,10,
100000004491881100,terminal,0.04224845363365287,47,0.21229775832523487,"вход 17,144, выход 0",1,0,17144.0,0.0,1,0,17144.0,0.0,1,0,0.0002891676190013754,0.0,1,False,False,False,1,
100000006008169100,terminal,0.17250301880282906,42,0.21295884368290796,"вход 70,000, выход 0",1,0,70000.0,0.0,1,0,70000.0,0.0,1,0,0.000297186147982845,0.0,1,False,False,False,1,
100000002681449100,coordinator,1.0,67,0.4586804679755685,7 курьеров выше по цепочке,2,2,94638.0,133000.0,2,2,94638.0,133000.0,2,2,0.0002951397503203067,1.4053551427544961,1,False,False,False,7,0.0
100000002645609100,coordinator,1.0,52,0.47517257854335365,7 курьеров выше по цепочке,4,0,546820.6799999999,0.0,4,0,546820.6799999999,0.0,5,0,0.00035535788312599583,0.0,1,False,False,False,7,
100000006369769100,terminal,0.0985731536016166,47,0.2125836249616617,"вход 40,000, выход 0",1,0,40000.0,0.0,1,0,40000.0,0.0,1,0,0.00029396482567805725,0.0,1,False,False,False,1,
100000002173161100,coordinator,1.0,22,0.5066041574859679,9 курьеров выше по цепочке,3,0,1427500.0,0.0,3,0,1427500.0,0.0,5,0,0.0004354146921033433,0.0,1,False,False,False,9,
100000008686313100,coordinator,1.0,52,0.5089311620259754,7 курьеров выше по цепочке,6,7,1912716.0,333800.0,6,7,1912716.0,333800.0,16,13,0.0004676329022286971,0.17451623764322566,1,False,False,False,7,1.0
100000004692798100,terminal,0.5921905419059119,42,0.22152650718759256,"вход 240,305, выход 15,000",2,1,240305.0,15000.0,2,1,240305.0,15000.0,4,2,0.0019106511787003878,0.06242067372713843,1,False,False,False,1,8.0
100000002939838100,coordinator,1.0,22,0.5092279105264554,10 курьеров выше по цепочке,3,0,571233.0,0.0,3,0,571233.0,0.0,3,0,0.0004000333621032979,0.0,1,False,False,False,10,
100000003119550100,terminal,0.051750905640848714,47,0.21234598643820574,"вход 21,000, выход 0",1,0,21000.0,0.0,1,0,21000.0,0.0,1,0,0.00028997694823419326,0.0,1,False,False,False,1,
100000004315838100,coordinator,1.0,4,0.49668382910149156,10 курьеров выше по цепочке,2,1,50000.0,18000.0,2,1,50000.0,18000.0,2,1,0.0002913854344131966,0.36,1,False,False,False,10,
100000002671806100,terminal,0.030656250770102762,42,0.21223892402974345,"вход 12,440, выход 0",1,0,12440.0,0.0,1,0,12440.0,0.0,1,0,0.00028763377508648363,0.0,1,False,False,False,1,
100000008716222100,terminal,0.04435791912072747,47,0.2123084645660811,"вход 18,000, выход 0",1,0,18000.0,0.0,1,0,18000.0,0.0,1,0,0.00028934728337463573,0.0,1,False,False,False,1,
100000005496254100,coordinator,1.0,52,0.4497421759253275,7 курьеров выше по цепочке,1,0,12700.0,0.0,1,0,12700.0,0.0,1,0,0.0002879524799916799,0.0,1,False,False,False,7,
100000004622227100,coordinator,1.0,52,0.4501327911214356,7 курьеров выше по цепочке,1,3,24931.0,19000.0,1,3,24931.0,19000.0,1,3,0.0002902476567795973,0.762103405398901,1,False,False,False,7,3.0
100000000274067100,peripheral,0.2,30,0.10444255387480729,"2 отправителей, 3 получателей",2,3,517704.0,2969000.0,2,3,517704.0,2969000.0,9,9,0.0004137036512851875,5.734937338710924,1,False,False,False,1,0.0
100000008782056100,terminal,0.07166761132605536,47,0.21244707036170948,"вход 29,082, выход 0",1,0,29082.0,0.0,1,0,29082.0,0.0,1,0,0.0002916732653658411,0.0,1,False,False,False,1,
100000006788200100,coordinator,1.0,30,0.4725439852925379,7 курьеров выше по цепочке,4,3,272155.8,64500.0,4,3,272155.8,64500.0,4,4,0.00033716343435244255,0.23699660268125833,1,False,False,False,7,8.0
100000001164648100,coordinator,1.0,59,0.4560041829244074,7 курьеров выше по цепочке,2,0,13660.0,0.0,2,0,13660.0,0.0,2,0,0.00029014259597535177,0.0,1,False,False,False,7,
100000005133757100,coordinator,1.0,78,0.49664630722936687,10 курьеров выше по цепочке,2,0,65000.0,0.0,2,0,65000.0,0.0,2,0,0.00029941072919293055,0.0,1,False,False,False,10,
100000006445501100,coordinator,1.0,34,0.46405483012111365,8 курьеров выше по цепочке,1,0,91000.0,0.0,1,0,91000.0,0.0,1,0,0.0002993712801977907,0.0,1,False,False,False,8,
100000004390333100,coordinator,1.0,52,0.46297572175058155,7 курьеров выше по цепочке,2,9,64558.0,506500.0,2,9,64558.0,506500.0,2,14,0.00029521378985057596,7.845658167849066,1,False,False,False,7,0.5
100000001641789100,coordinator,1.0,30,0.5031396216308311,11 курьеров выше по цепочке,1,0,17826.0,0.0,1,0,17826.0,0.0,1,0,0.0004895828148678133,0.0,1,False,False,False,11,
100000000968253100,terminal,0.03696493260060622,47,0.21227094269395647,"вход 15,000, выход 0",1,0,15000.0,0.0,1,0,15000.0,0.0,1,0,0.00028871761851507826,0.0,1,False,False,False,1,
100000001527186100,coordinator,1.0,4,0.4980632764334988,10 курьеров выше по цепочке,1,0,678000.0,0.0,1,0,678000.0,0.0,2,0,0.00042132959630802663,0.0,1,False,False,False,10,
100000005852946100,coordinator,1.0,4,0.4898803314584904,10 курьеров выше по цепочке,1,0,23746.0,0.0,1,0,23746.0,0.0,1,0,0.00029032410857340684,0.0,1,False,False,False,10,
100000001530983100,coordinator,1.0,22,0.49827198507240955,7 курьеров выше по цепочке,4,11,564158.0,1829538.0,4,11,564158.0,1829538.0,4,17,0.00035609030999176293,3.24295321523403,1,False,False,False,7,0.5
100000008221543100,coordinator,1.0,54,0.4626122848971824,7 курьеров выше по цепочке,2,0,542000.0,0.0,2,0,542000.0,0.0,2,0,0.00037148464522539736,0.0,1,False,False,False,7,
100000001937767100,coordinator,1.0,83,0.527756146013169,11 курьеров выше по цепочке,1,4,53000.0,1933000.0,1,4,53000.0,1933000.0,1,6,0.0008921392815659775,36.471698113207545,1,False,False,False,11,0.0
100000002462183100,terminal,0.2649153503043446,37,0.2134278670844658,"вход 107,500, выход 0",1,0,107500.0,0.0,1,0,107500.0,0.0,3,0,0.0003802620893515447,0.0,1,False,False,False,1,
100000001805543100,coordinator,1.0,22,0.4503212634851176,7 курьеров выше по цепочке,1,0,59000.0,0.0,1,0,59000.0,0.0,1,0,0.0002919128593753634,0.0,1,False,False,False,7,
100000002606567100,coordinator,1.0,52,0.45042251000340056,7 курьеров выше по цепочке,1,1,14095.0,53000.0,1,1,14095.0,53000.0,1,1,0.00028821425512201625,3.7601986520042567,1,False,False,False,7,
100000007281639100,coordinator,1.0,22,0.4585445387401517,7 курьеров выше по цепочке,2,0,216770.0,0.0,2,0,216770.0,0.0,4,0,0.0003235711404553908,0.0,1,False,False,False,7,
100000002991079100,coordinator,1.0,22,0.4578332491175759,7 курьеров выше по цепочке,2,1,148900.0,11000.0,2,1,148900.0,11000.0,3,1,0.00039517397427267476,0.07387508394895903,1,False,False,False,7,0.0
100000002847207100,coordinator,1.0,4,0.490161707977553,10 курьеров выше по цепочке,1,0,46243.0,0.0,1,0,46243.0,0.0,1,0,0.0002948288276237539,0.0,1,False,False,False,10,
100000000011452100,coordinator,1.0,52,0.4636678194567027,7 курьеров выше по цепочке,3,1,110000.0,16685.0,3,1,110000.0,16685.0,7,2,0.0004768640252326481,0.1516818181818182,1,False,False,False,7,2.0
100000003148220100,peripheral,0.2,8,0.05519681594257097,"1 отправителей, 2 получателей",1,2,5650.0,43400.0,1,2,5650.0,43400.0,1,4,0.0009182428014100987,7.68141592920354,1,False,False,False,1,2.0
100000002479804100,peripheral,0.2,4,0.05560017606791069,"1 отправителей, 2 получателей",1,2,46000.0,35300.0,1,2,46000.0,35300.0,1,2,0.00029696632694887494,0.7673913043478261,1,False,False,False,1,1.0
100000008745489100,terminal,0.13686635944700462,47,0.21277797575197654,"вход 55,539, выход 0",1,0,55539.0,0.0,1,0,55539.0,0.0,1,0,0.00029722627976227855,0.0,1,False,False,False,1,
100000002289937100,terminal,0.0492865768008083,47,0.2123334791474975,"вход 20,000, выход 0",1,0,20000.0,0.0,1,0,20000.0,0.0,1,0,0.0002897670599476741,0.0,1,False,False,False,1,
100000004679953100,coordinator,1.0,78,0.4668065615817998,7 курьеров выше по цепочке,3,3,343538.0,34100.0,3,3,343538.0,34100.0,3,3,0.0003342675529915223,0.09926121709970949,1,False,False,False,7,3.0
100000003066385100,coordinator,1.0,52,0.4560834791474975,7 курьеров выше по цепочке,2,0,20000.0,0.0,2,0,20000.0,0.0,2,0,0.00029153974169365685,0.0,1,False,False,False,7,
100000008744849100,terminal,0.10952709529559625,47,0.21263921986885967,"вход 44,445, выход 0",1,0,44445.0,0.0,1,0,44445.0,0.0,1,0,0.00029489777911163493,0.0,1,False,False,False,1,
100000005093521100,coordinator,1.0,4,0.4897734441520981,10 курьеров выше по цепочке,1,0,15200.0,0.0,1,0,15200.0,0.0,1,0,0.00028861288801047553,0.0,1,False,False,False,10,
100000006518161100,coordinator,1.0,22,0.4769682474978817,7 курьеров выше по цепочке,3,2,594200.0,595899.0,3,2,594200.0,595899.0,13,13,0.0008108053328700469,1.002859306630764,1,False,False,False,7,0.0
100000001126374100,coordinator,1.0,52,0.4709811267762611,7 курьеров выше по цепочке,4,2,182500.0,29200.0,4,2,182500.0,29200.0,7,4,0.0003135004104490038,0.16,1,False,False,False,7,6.0
100000004509286100,coordinator,1.0,4,0.4900836249616616,10 курьеров выше по цепочке,1,0,40000.0,0.0,1,0,40000.0,0.0,1,0,0.0002935787515677768,0.0,1,False,False,False,10,
100000005056870100,terminal,0.0492865768008083,37,0.2123334791474975,"вход 20,000, выход 0",1,0,20000.0,0.0,1,0,20000.0,0.0,1,0,0.00030318655842831487,0.0,1,False,False,False,1,
100000008708368100,terminal,0.0583479139456369,47,0.2123794684554316,"вход 23,677, выход 0",1,0,23677.0,0.0,1,0,23677.0,0.0,1,0,0.00029053881917720503,0.0,1,False,False,False,1,
100000005895525100,terminal,0.2957194608048498,37,0.2135842082183184,"вход 120,000, выход 0",1,0,120000.0,0.0,1,0,120000.0,0.0,3,0,0.00039127287948343466,0.0,1,False,False,False,1,
100000008716773100,terminal,0.038633283225313585,47,0.21227941012976592,"вход 15,677, выход 0",1,0,15677.0,0.0,1,0,15677.0,0.0,1,0,0.00028885971288505175,0.0,1,False,False,False,1,
100000002778085100,coordinator,1.0,22,0.45041141603654233,7 курьеров выше по цепочке,1,0,66208.0,0.0,1,0,66208.0,0.0,1,0,0.0002926878495051835,0.0,1,False,False,False,7,
100000007055802100,coordinator,1.0,52,0.5137274953886314,7 курьеров выше по цепочке,6,1,2024999.0,605000.0,6,1,2024999.0,605000.0,34,7,0.001181924366122314,0.29876557963732325,1,False,False,False,7,0.0
100000003071930100,coordinator,1.0,50,0.48145281023535524,8 курьеров выше по цепочке,3,1,477610.0,5000.0,3,1,477610.0,5000.0,4,1,0.0003483674806474176,0.010468792529469651,1,False,False,False,8,4.5
100000002941114100,coordinator,1.0,34,0.4709615879562017,8 курьеров выше по цепочке,2,1,128510.0,15000.0,2,1,128510.0,15000.0,15,1,0.0018146321453408293,0.11672243405182477,1,False,False,False,8,5.0
100000003888271100,peripheral,0.2,1,0.055055696181510246,"1 отправителей, 2 получателей",1,2,12177.0,25590.0,1,2,12177.0,25590.0,2,3,0.0002913863210858299,2.10150283321015,1,False,False,False,1,3.5
100000007507343100,terminal,0.9118016708149536,38,0.21671103089537055,"вход 370,000, выход 0",1,0,370000.0,0.0,1,0,370000.0,0.0,1,0,0.0006416178761806935,0.0,1,False,False,False,1,
100000008002020100,peripheral,0.2,42,0.05571974576708117,"1 отправителей, 1 получателей",1,1,73860.0,17000.0,1,1,73860.0,17000.0,1,1,0.0002978267344904884,0.23016517736257786,1,False,False,False,1,7.0
100000001872484100,peripheral,0.2,21,0.07191818810909636,"1 отправителей, 3 получателей",1,3,871400.0,514580.0,1,3,871400.0,514580.0,13,9,0.0022739787649245797,0.5905210006885472,1,False,False,False,1,7.0
100000008769636100,terminal,0.056970354124054316,47,0.21237247687992572,"вход 23,118, выход 0",1,0,23118.0,0.0,1,0,23118.0,0.0,1,0,0.0002904214916250408,0.0,1,False,False,False,1,
100000004135268100,transit,0.03631961259079908,38,0.2813396586871541,"пропуск 0.81, связей 5",2,3,1239000.0,1000200.0,2,3,1239000.0,1000200.0,3,4,0.001740527342257778,0.8072639225181598,1,False,False,False,1,0.0
100000005316708100,peripheral,0.2,30,0.05892961685443584,"1 отправителей, 2 получателей",1,2,90000.0,257500.0,1,2,90000.0,257500.0,1,4,0.0002976906193985509,2.861111111111111,1,False,False,False,1,
100000008671929100,coordinator,1.0,4,0.49052138013644897,10 курьеров выше по цепочке,1,0,75000.0,0.0,1,0,75000.0,0.0,2,0,0.00030058702674945194,0.0,1,False,False,False,10,
100000005287097100,coordinator,1.0,22,0.46614525682540225,7 курьеров выше по цепочке,2,9,127173.0,697300.0,2,9,127173.0,697300.0,5,42,0.00030270743388181913,5.483082100760382,1,False,False,False,7,0.0
100000007283257100,terminal,0.4731511372877597,31,0.2144847331493094,"вход 192,000, выход 0",1,0,192000.0,0.0,1,0,192000.0,0.0,7,0,0.00038906884568361,0.0,1,False,False,False,1,
100000004847758100,coordinator,1.0,52,0.4758873742096608,7 курьеров выше по цепочке,4,15,115171.0,488800.0,4,15,115171.0,488800.0,4,23,0.00030474224834678437,4.244123954815014,1,False,False,False,7,1.5
100000008737422100,terminal,0.18951428078562804,47,0.2130451815106667,"вход 76,903, выход 0",1,0,76903.0,0.0,1,0,76903.0,0.0,1,0,0.00030171033311547385,0.0,1,False,False,False,1,
100000008555918100,coordinator,1.0,4,0.4918660514677792,10 курьеров выше по цепочке,1,2,139211.0,43300.0,1,2,139211.0,43300.0,1,2,0.00031344440839775313,0.3110386391879952,1,False,False,False,10,
100000008094734100,coordinator,1.0,52,0.48462150158919026,8 курьеров выше по цепочке,4,0,236249.0,0.0,4,0,236249.0,0.0,4,0,0.0003441360031889836,0.0,1,False,False,False,8,
100000006952718100,coordinator,1.0,22,0.4504774670387724,7 курьеров выше по цепочке,1,0,71489.0,0.0,1,0,71489.0,0.0,1,0,0.00029325565234585775,0.0,1,False,False,False,7,
100000005339662100,coordinator,1.0,22,0.47456320232780136,7 курьеров выше по цепочке,4,4,202939.0,295160.0,4,4,202939.0,295160.0,9,15,0.0016567441326948078,1.4544271924075707,1,False,False,False,7,0.0
100000001716579100,terminal,0.034293600138002416,47,0.21225738479082878,"вход 13,916, выход 0",1,0,13916.0,0.0,1,0,13916.0,0.0,1,0,0.0002884900996124915,0.0,1,False,False,False,1,
100000002774456100,coordinator,1.0,34,0.46354657134860416,8 курьеров выше по цепочке,1,0,50363.0,0.0,1,0,50363.0,0.0,1,0,0.00029320785927153167,0.0,1,False,False,False,8,
100000004394765100,coordinator,1.0,22,0.47066763726716804,7 курьеров выше по цепочке,3,2,603844.0,82500.0,3,2,603844.0,82500.0,10,2,0.0003802754591116205,0.13662469114539516,1,False,False,False,7,1.0
100000004004621100,coordinator,1.0,56,0.5030262454725345,10 курьеров выше по цепочке,3,0,75389.0,0.0,3,0,75389.0,0.0,3,0,0.00030077440313347714,0.0,1,False,False,False,10,
100000000907277100,terminal,0.04320954188126864,47,0.2123026361686111,"вход 17,534, выход 0",1,0,17534.0,0.0,1,0,17534.0,0.0,1,0,0.00028924947543311784,0.0,1,False,False,False,1,
100000003835149100,peripheral,0.2,44,0.11523043553999462,"1 отправителей, 2 получателей",1,2,248500.0,4600440.0,1,2,248500.0,4600440.0,1,13,0.0004889016554646476,18.512837022132796,1,False,False,False,1,3.0
100000004254434100,terminal,0.10952709529559625,47,0.21263921986885967,"вход 44,445, выход 0",1,0,44445.0,0.0,1,0,44445.0,0.0,2,0,0.00029489777911163493,0.0,1,False,False,False,1,
100000003635170100,coordinator,1.0,34,0.48194547241635155,8 курьеров выше по цепочке,3,4,268500.0,253500.0,3,4,268500.0,253500.0,13,10,0.0011481911115018492,0.9441340782122905,1,False,False,False,8,2.0
100000006687202100,coordinator,1.0,52,0.45020869786874373,7 курьеров выше по цепочке,1,0,50000.0,0.0,1,0,50000.0,0.0,1,0,0.0002949519153763026,0.0,1,False,False,False,7,
100000006030946100,terminal,0.18060819635772196,47,0.21299998016204724,"вход 73,289, выход 0",1,0,73289.0,0.0,1,0,73289.0,0.0,1,0,0.0003009517968479936,0.0,1,False,False,False,1,
100000002615479100,terminal,0.5421523448088913,50,0.21483493728913924,"вход 220,000, выход 0",1,0,220000.0,0.0,1,0,220000.0,0.0,1,0,0.00030919582846738493,0.0,1,False,False,False,1,
100000002952631100,coordinator,1.0,22,0.4501843086518627,7 курьеров выше по цепочке,1,0,48050.0,0.0,1,0,48050.0,0.0,1,0,0.00029073553668924657,0.0,1,False,False,False,7,
100000002890167100,coordinator,1.0,22,0.45106106973050814,7 курьеров выше по цепочке,1,0,118150.0,0.0,1,0,118150.0,0.0,1,0,0.00029827255224146494,0.0,1,False,False,False,7,
100000008687671100,terminal,0.09241233150151557,47,0.21255235673489117,"вход 37,500, выход 0",1,0,37500.0,0.0,1,0,37500.0,0.0,1,0,0.0002934401049617594,0.0,1,False,False,False,1,
100000000810551100,coordinator,1.0,4,0.4909228641681824,10 курьеров выше по цепочке,1,1,100000.0,7100.0,1,1,100000.0,7100.0,1,1,0.0003055929375935056,0.071,1,False,False,False,10,
100000008724279100,coordinator,1.0,22,0.4497302939991547,7 курьеров выше по цепочке,1,0,11750.0,0.0,1,0,11750.0,0.0,1,0,0.00028683263134622903,0.0,1,False,False,False,7,
100000002592567100,coordinator,1.0,22,0.4502574387806336,7 курьеров выше по цепочке,1,2,5297.0,48600.0,1,2,5297.0,48600.0,1,2,0.0002861388173468216,9.175004719652634,1,False,False,False,7,7.0
100000002670860100,coordinator,0.5,62,0.4081282808186939,3 курьеров выше по цепочке,2,0,450000.0,0.0,2,0,450000.0,0.0,2,0,0.00030894570400308074,0.0,1,False,False,False,3,
100000002844897100,terminal,0.02661475147243648,50,0.212218412072982,"вход 10,800, выход 0",1,0,10800.0,0.0,1,0,10800.0,0.0,1,0,0.00028672914226229553,0.0,1,False,False,False,1,
100000007938486100,terminal,0.0973409891815964,47,0.21257737131630758,"вход 39,500, выход 0",1,0,39500.0,0.0,1,0,39500.0,0.0,1,0,0.00029385988153479773,0.0,1,False,False,False,1,
100000008438656100,coordinator,1.0,4,0.49689645304353103,10 курьеров выше по цепочке,2,1,80000.0,5000.0,2,1,80000.0,5000.0,2,1,0.00029739252742606105,0.0625,1,False,False,False,10,7.0
100000008304139100,distributor,0.4,4,0.42187614120342093,24 получателей,4,24,189329.75,1692997.0,4,24,189329.75,1692997.0,4,43,0.0003136180059586537,8.942054801213228,1,False,False,False,7,1.5
100000002597003100,coordinator,1.0,52,0.44994229257665885,7 курьеров выше по цепочке,1,1,17700.0,11000.0,1,1,17700.0,11000.0,1,1,0.00028889074210758104,0.6214689265536724,1,False,False,False,7,
100000002830055100,terminal,0.03450060376056581,47,0.21225843540324826,"вход 14,000, выход 0",1,0,14000.0,0.0,1,0,14000.0,0.0,1,0,0.0002885077302285591,0.0,1,False,False,False,1,
100000004299488100,coordinator,1.0,52,0.5070235875690315,7 курьеров выше по цепочке,6,2,1749000.0,344999.0,6,2,1749000.0,344999.0,22,14,0.0014621185934412485,0.19725500285877645,1,False,False,False,7,0.0
100000002809568100,coordinator,1.0,52,0.44970840624041536,7 курьеров выше по цепочке,1,0,10000.0,0.0,1,0,10000.0,0.0,1,0,0.0002874458184490932,0.0,1,False,False,False,7,
100000004784224100,peripheral,0.2,44,0.0561279837357971,"1 отправителей, 1 получателей",1,1,23500.0,100000.0,1,1,23500.0,100000.0,2,1,0.0003047979078563769,4.25531914893617,1,False,False,False,1,5.5
100000003123296100,terminal,0.21242514601148377,42,0.21316146179238094,"вход 86,200, выход 0",1,0,86200.0,0.0,1,0,86200.0,0.0,2,0,0.00029987461985430183,0.0,1,False,False,False,1,
100000004130144100,terminal,0.492865768008083,30,0.21458479147497508,"вход 200,000, выход 0",1,0,200000.0,0.0,1,0,200000.0,0.0,1,0,0.0002970377419674501,0.0,1,False,False,False,1,
100000001253557100,coordinator,1.0,67,0.5172123658401988,10 курьеров выше по цепочке,5,0,210200.0,0.0,5,0,210200.0,0.0,5,0,0.00035106592298765355,0.0,1,False,False,False,10,
100000008767925100,terminal,0.04224845363365287,47,0.21229775832523487,"вход 17,144, выход 0",1,0,17144.0,0.0,1,0,17144.0,0.0,1,0,0.0002891676190013754,0.0,1,False,False,False,1,
100000007181706100,coordinator,1.0,4,0.49803801848105067,10 курьеров выше по цепочке,2,0,176272.0,0.0,2,0,176272.0,0.0,2,0,0.00031906641503554804,0.0,1,False,False,False,10,
100000003366154100,coordinator,1.0,4,0.4947634779259521,10 курьеров выше по цепочке,1,3,125000.0,289170.0,1,3,125000.0,289170.0,1,3,0.0003105988484375593,2.31336,1,False,False,False,10,0.0
100000007641183100,coordinator,1.0,22,0.4499335374731631,7 курьеров выше по цепочке,1,0,28000.0,0.0,1,0,28000.0,0.0,1,0,0.00028857979971603717,0.0,1,False,False,False,7,
100000008663007100,terminal,0.03450060376056581,47,0.21225843540324826,"вход 14,000, выход 0",1,0,14000.0,0.0,1,0,14000.0,0.0,1,0,0.0002885077302285591,0.0,1,False,False,False,1,
100000007334196100,coordinator,1.0,34,0.46479278528747936,8 курьеров выше по цепочке,1,0,150002.0,0.0,1,0,150002.0,0.0,1,0,0.0003083201238991253,0.0,1,False,False,False,8,
100000003873332100,coordinator,1.0,64,0.4534539395742212,7 курьеров выше по цепочке,1,4,23468.0,286000.0,1,4,23468.0,286000.0,1,8,0.0002899731212844846,12.186807567751833,1,False,False,False,7,3.0
100000001550388100,coordinator,1.0,52,0.45020869786874373,7 курьеров выше по цепочке,1,0,50000.0,0.0,1,0,50000.0,0.0,1,0,0.0002949519153763026,0.0,1,False,False,False,7,
100000008718089100,terminal,0.038280884201187804,47,0.21227762158719465,"вход 15,534, выход 0",1,0,15534.0,0.0,1,0,15534.0,0.0,1,0,0.0002888296988600795,0.0,1,False,False,False,1,
100000008728457100,coordinator,1.0,34,0.46347949474853606,8 курьеров выше по цепочке,1,0,45000.0,0.0,1,0,45000.0,0.0,1,0,0.0002923944521197359,0.0,1,False,False,False,8,
100000004206046100,coordinator,1.0,22,0.4497218515779267,7 курьеров выше по цепочке,1,0,11075.0,0.0,1,0,11075.0,0.0,1,0,0.00028676005666009854,0.0,1,False,False,False,7,
100000006579678100,coordinator,1.0,22,0.47911853166352664,7 курьеров выше по цепочке,2,6,192930.0,1668800.0,2,6,192930.0,1668800.0,2,15,0.0006256438748763364,8.649769346395066,1,False,False,False,7,2.0
100000002988894100,coordinator,1.0,4,0.494381392702107,10 курьеров выше по цепочке,1,3,306121.0,77500.0,1,3,306121.0,77500.0,1,3,0.0003468658715569931,0.25316786499456095,1,False,False,False,10,0.0
100000008749406100,terminal,0.04224845363365287,47,0.21229775832523487,"вход 17,144, выход 0",1,0,17144.0,0.0,1,0,17144.0,0.0,1,0,0.0002891676190013754,0.0,1,False,False,False,1,
100000005584222100,coordinator,1.0,52,0.4596018300528794,7 курьеров выше по цепочке,2,2,192717.0,108587.0,2,2,192717.0,108587.0,6,3,0.0008759174247919279,0.5634531463233653,1,False,False,False,7,1.0
100000003239859100,terminal,0.04583651642475172,42,0.21231596894050603,"вход 18,600, выход 0",1,0,18600.0,0.0,1,0,18600.0,0.0,1,0,0.0002886560582178524,0.0,1,False,False,False,1,
100000003980083100,terminal,0.07392986520121245,39,0.2124585520545796,"вход 30,000, выход 0",1,0,30000.0,0.0,1,0,30000.0,0.0,1,0,0.0005285862410602082,0.0,1,False,False,False,1,
100000004351795100,coordinator,1.0,52,0.4850153758030896,7 курьеров выше по цепочке,3,14,118333.0,1715161.0,3,14,118333.0,1715161.0,3,37,0.0003135156057452154,14.494359139039828,1,False,False,False,7,0.0
100000002666248100,coordinator,1.0,4,0.49045924391621054,10 курьеров выше по цепочке,1,0,70032.0,0.0,1,0,70032.0,0.0,1,0,0.0002995922521465216,0.0,1,False,False,False,10,
100000005877725100,terminal,0.17250301880282906,47,0.21295884368290796,"вход 70,000, выход 0",1,0,70000.0,0.0,1,0,70000.0,0.0,1,0,0.0003002614742736321,0.0,1,False,False,False,1,
100000001697501100,distributor,0.6333333333333333,47,0.3321738694416731,38 получателей,3,38,123700.0,1482606.0,3,38,123700.0,1482606.0,3,55,0.0005916045492534869,11.98549717057397,1,False,False,False,1,0.0
100000006972210100,coordinator,1.0,50,0.48152991768257136,8 курьеров выше по цепочке,3,0,488775.0,0.0,3,0,488775.0,0.0,4,0,0.000346296000353762,0.0,1,False,False,False,8,
100000008749618100,terminal,0.11651346755711083,47,0.21267467803801746,"вход 47,280, выход 0",1,0,47280.0,0.0,1,0,47280.0,0.0,1,0,0.00029549281240391677,0.0,1,False,False,False,1,
100000008671026100,terminal,0.05799551492151113,47,0.21237767991286033,"вход 23,534, выход 0",1,0,23534.0,0.0,1,0,23534.0,0.0,1,0,0.0002905088051522328,0.0,1,False,False,False,1,
100000001696818100,terminal,0.13196480938416422,4,0.21275309875075793,"вход 53,550, выход 0",1,0,53550.0,0.0,1,0,53550.0,0.0,1,0,0.00029883692688634147,0.0,1,False,False,False,1,
100000008679986100,terminal,0.046822247960767886,47,0.2123209718567893,"вход 19,000, выход 0",1,0,19000.0,0.0,1,0,19000.0,0.0,1,0,0.00028955717166115493,0.0,1,False,False,False,1,
100000003616818100,peripheral,0.2,55,0.0710619025076145,"3 отправителей, 3 получателей",3,3,78000.0,240100.0,3,3,78000.0,240100.0,4,8,0.0005130034108689024,3.0782051282051284,1,False,False,False,1,5.0
100000004156082100,distributor,0.43333333333333335,22,0.43831452218049877,26 получателей,5,26,377366.11,2319556.0,5,26,377366.11,2319556.0,7,29,0.0008669668928480434,6.146699288921308,1,False,False,False,7,0.0
100000008667058100,terminal,0.04320954188126864,47,0.2123026361686111,"вход 17,534, выход 0",1,0,17534.0,0.0,1,0,17534.0,0.0,1,0,0.00028924947543311784,0.0,1,False,False,False,1,
100000008628231100,coordinator,1.0,41,0.4980616504857067,10 курьеров выше по цепочке,1,2,50000.0,627870.0,1,2,50000.0,627870.0,1,19,0.00029558111590539824,12.5574,1,False,False,False,10,1.0
100000008749063100,terminal,0.046822247960767886,47,0.2123209718567893,"вход 19,000, выход 0",1,0,19000.0,0.0,1,0,19000.0,0.0,1,0,0.00028955717166115493,0.0,1,False,False,False,1,
100000004494983100,terminal,0.08625150940141453,47,0.21252108850812065,"вход 35,000, выход 0",1,0,35000.0,0.0,1,0,35000.0,0.0,1,0,0.0002929153842454615,0.0,1,False,False,False,1,
100000007648946100,coordinator,1.0,56,0.45014053313438396,7 курьеров выше по цепочке,1,1,19550.0,25000.0,1,1,19550.0,25000.0,1,1,0.0002892378990904645,1.278772378516624,1,False,False,False,7,3.0
100000003037660100,coordinator,1.0,4,0.49024621974086835,10 курьеров выше по цепочке,1,0,53000.0,0.0,1,0,53000.0,0.0,1,0,0.0002961818252066847,0.0,1,False,False,False,10,
100000002679516100,coordinator,1.0,42,0.5033632669279579,10 курьеров выше по цепочке,3,0,102335.0,0.0,3,0,102335.0,0.0,3,0,0.00032682549707084964,0.0,1,False,False,False,10,
100000005588444100,terminal,0.030311244732497106,30,0.21223717300904432,"вход 12,300, выход 0",1,0,12300.0,0.0,1,0,12300.0,0.0,1,0,0.00028627460375392564,0.0,1,False,False,False,1,
100000001307612100,terminal,0.09483476675127529,47,0.21256465140165734,"вход 38,483, выход 0",1,0,38483.0,0.0,1,0,38483.0,0.0,1,0,0.00029364642514740773,0.0,1,False,False,False,1,
100000003001564100,coordinator,1.0,22,0.4521288171382679,7 курьеров выше по цепочке,1,1,23520.0,180000.0,1,1,23520.0,180000.0,1,1,0.00028809811883623776,7.653061224489796,1,False,False,False,7,5.0
100000002762076100,peripheral,0.2,30,0.07629728363881001,"2 отправителей, 1 получателей",2,1,140350.0,30000.0,2,1,140350.0,30000.0,2,1,0.00029914566971164536,0.21375133594584966,1,False,False,False,2,
100000005514161100,coordinator,1.0,30,0.5006470417547562,9 курьеров выше по цепочке,4,1,401500.0,50000.0,4,1,401500.0,50000.0,7,1,0.0008061423847001054,0.12453300124533001,1,False,False,False,9,
100000008746673100,terminal,0.13072771630646393,47,0.2127468200908224,"вход 53,048, выход 0",1,0,53048.0,0.0,1,0,53048.0,0.0,1,0,0.0002967034480405593,0.0,1,False,False,False,1,
100000003265158100,coordinator,1.0,42,0.4925059444025913,9 курьеров выше по цепочке,3,2,146100.4,154200.0,3,2,146100.4,154200.0,3,4,0.0003846709844220265,1.055438588806054,1,False,False,False,9,0.0
100000001567366100,coordinator,1.0,22,0.4598902163872468,7 курьеров выше по цепочке,1,0,824070.0,0.0,1,0,824070.0,0.0,4,0,0.00037417169658699974,0.0,1,False,False,False,7,
100000008777088100,terminal,0.04435791912072747,47,0.2123084645660811,"вход 18,000, выход 0",1,0,18000.0,0.0,1,0,18000.0,0.0,1,0,0.00028934728337463573,0.0,1,False,False,False,1,
100000002589019100,terminal,0.0855368540378028,42,0.21251746139381528,"вход 34,710, выход 0",1,0,34710.0,0.0,1,0,34710.0,0.0,1,0,0.0002913295941344678,0.0,1,False,False,False,1,
100000008666075100,terminal,0.06460730919933956,47,0.21241123697383046,"вход 26,217, выход 0",1,0,26217.0,0.0,1,0,26217.0,0.0,1,0,0.0002910719354249637,0.0,1,False,False,False,1,
100000008137435100,coordinator,1.0,43,0.47476444359302217,7 курьеров выше по цепочке,2,6,93906.0,1419700.0,2,6,93906.0,1419700.0,2,7,0.0003142779777322604,15.118309799160864,1,False,False,False,7,0.0
100000004403675100,coordinator,1.0,35,0.4739325847302935,7 курьеров выше по цепочке,4,5,182980.0,264699.0,4,5,182980.0,264699.0,8,6,0.0007400733271266653,1.4466007213903158,1,False,False,False,7,0.5
100000004677680100,coordinator,1.0,34,0.47205585082026286,8 курьеров выше по цепочке,2,1,63000.0,168000.0,2,1,63000.0,168000.0,2,3,0.0010928341745650807,2.6666666666666665,1,False,False,False,8,3.0
100000005958064100,coordinator,1.0,83,0.4517062313059432,7 курьеров выше по цепочке,1,2,5746.0,163986.84,1,2,5746.0,163986.84,1,3,0.000286187092952855,28.539303863557258,1,False,False,False,7,26.0
100000002881669100,terminal,0.04583651642475172,42,0.21231596894050603,"вход 18,600, выход 0",1,0,18600.0,0.0,1,0,18600.0,0.0,1,0,0.0002886560582178524,0.0,1,False,False,False,1,
100000002938501100,coordinator,1.0,22,0.4497508684923697,7 курьеров выше по цепочке,1,1,8395.0,5000.0,1,1,8395.0,5000.0,1,1,0.00028647190827664715,0.5955926146515783,1,False,False,False,7,
100000006734554100,peripheral,0.2,26,0.05510238589772399,"1 отправителей, 1 получателей",1,1,16500.0,25000.0,1,1,16500.0,25000.0,1,1,0.0003119416985243868,1.5151515151515151,1,False,False,False,1,19.0
100000008003034100,coordinator,1.0,56,0.4514244190328723,7 курьеров выше по цепочке,1,4,12201.0,135000.0,1,4,12201.0,135000.0,1,4,0.00028688112198836955,11.064666830587656,1,False,False,False,7,0.0
100000003970394100,terminal,0.20946795140343527,42,0.21314645304353108,"вход 85,000, выход 0",1,0,85000.0,0.0,1,0,85000.0,0.0,1,0,0.00029967547378974946,0.0,1,False,False,False,1,
100000003205210100,coordinator,1.0,4,0.4913038737650266,10 курьеров выше по цепочке,1,0,137563.0,0.0,1,0,137563.0,0.0,1,0,0.0003131144187549131,0.0,1,False,False,False,10,
100000004559194100,coordinator,1.0,22,0.4531122028702008,7 курьеров выше по цепочке,1,0,282145.0,0.0,1,0,282145.0,0.0,6,0,0.0003159049754295683,0.0,1,False,False,False,7,
100000008173359100,coordinator,1.0,22,0.44965975287956045,7 курьеров выше по цепочке,1,0,6110.0,0.0,1,0,6110.0,0.0,1,0,0.00028622622952433876,0.0,1,False,False,False,7,
100000007953156100,coordinator,1.0,83,0.4632668708064965,8 курьеров выше по цепочке,1,1,18000.0,10000.0,1,1,18000.0,10000.0,1,1,0.0004778416683076007,0.5555555555555556,2,False,False,False,8,11.0
100000002224132100,peripheral,0.2,44,0.2938590493305612,"5 отправителей, 4 получателей",5,4,3951020.0,12115000.0,5,4,3951020.0,12115000.0,10,25,0.0059957331954744305,3.0662968043695047,2,False,False,False,2,1.0
100000008547844100,coordinator,1.0,67,0.5031803380734575,8 курьеров выше по цепочке,3,19,177600.0,2042199.0,3,19,177600.0,2042199.0,3,21,0.0003443380521779434,11.498868243243244,2,False,False,False,8,0.0
100000002635780100,coordinator,1.0,30,0.47828868863558377,9 курьеров выше по цепочке,1,0,163000.02,0.0,1,0,163000.02,0.0,1,0,0.0005553850086577911,0.0,2,False,False,False,9,
100000001279875100,terminal,0.12133123043938983,62,0.212699129791352,"вход 49,235, выход 0",1,0,49235.0,0.0,1,0,49235.0,0.0,1,0,0.0003032727428264067,0.0,2,False,False,False,1,
100000001961048100,coordinator,1.0,48,0.4514594269395646,7 курьеров выше по цепочке,1,0,150000.0,0.0,1,0,150000.0,0.0,1,0,0.00030430933928482544,0.0,2,False,False,False,7,
100000000993112100,coordinator,1.0,32,0.46468019465652405,8 курьеров выше по цепочке,1,0,141000.0,0.0,1,0,141000.0,0.0,1,0,0.00044111482764995627,0.0,2,False,False,False,8,
100000005547096100,peripheral,0.2,57,0.05751379154626662,"1 отправителей, 2 получателей",1,2,8000.0,226300.0,1,2,8000.0,226300.0,1,3,0.0008920567423173903,28.2875,2,False,False,False,1,
100000000331309100,distributor,1.0,90,0.7045833333333333,99 получателей,5,99,984635.0,23001375.0,5,99,984635.0,23001375.0,8,126,0.000875689903807376,23.360306103276848,2,False,False,False,7,0.0
100000006684930100,coordinator,1.0,56,0.48970840624041534,10 курьеров выше по цепочке,1,0,10000.0,0.0,1,0,10000.0,0.0,1,0,0.0002987343713958286,0.0,2,False,False,False,10,
100000004479404100,coordinator,1.0,75,0.47824639828244325,7 курьеров выше по цепочке,2,1,1492000.0,300000.0,2,1,1492000.0,300000.0,8,2,0.0008667096306509939,0.20107238605898123,2,False,False,False,7,18.5
100000004134060100,coordinator,1.0,51,0.46401954705402576,8 курьеров выше по цепочке,1,0,88179.0,0.0,1,0,88179.0,0.0,1,0,0.0003280105841798639,0.0,2,False,False,False,8,
100000001083990100,coordinator,1.0,42,0.46354078047300623,8 курьеров выше по цепочке,1,0,49900.0,0.0,1,0,49900.0,0.0,2,0,0.0005021137973799181,0.0,2,False,False,False,8,
100000004573782100,terminal,0.03696493260060622,30,0.21227094269395647,"вход 15,000, выход 0",1,0,15000.0,0.0,1,0,15000.0,0.0,1,0,0.0003098970169286297,0.0,2,False,False,False,1,
100000005660203100,coordinator,1.0,22,0.45726154659181184,7 курьеров выше по цепочке,1,2,572899.0,41000.0,1,2,572899.0,41000.0,12,5,0.0009492504038791965,0.07156584319400104,2,False,False,False,7,2.0
100000008771627100,terminal,0.040661425860666844,47,0.21228970363001878,"вход 16,500, выход 0",1,0,16500.0,0.0,1,0,16500.0,0.0,1,0,0.0002911733098421886,0.0,2,False,False,False,1,
100000000031787100,transit,1.0,30,0.24933464566081087,"пропуск 1.00, связей 3",1,2,90000.0,90000.0,1,2,90000.0,90000.0,2,4,0.0004315356304853241,1.0,2,False,False,False,1,2.0
100000001346560100,coordinator,1.0,4,0.509569401427471,11 курьеров выше по цепочке,2,1,10000.0,22200.0,2,1,10000.0,22200.0,2,1,0.0005866163489075493,2.22,2,False,False,False,11,7.0
100000001703168100,coordinator,1.0,4,0.45127181757894147,7 курьеров выше по цепочке,1,1,45000.0,90000.0,1,1,45000.0,90000.0,1,1,0.00029266343176030765,2.0,2,False,False,False,7,2.0
100000004904960100,coordinator,1.0,52,0.49623356663599605,10 курьеров выше по цепочке,2,0,32000.0,0.0,2,0,32000.0,0.0,2,0,0.0007779174826823424,0.0,2,False,False,False,10,
100000004467157100,coordinator,1.0,52,0.44992103018245494,7 курьеров выше по цепочке,1,1,20000.0,7000.0,1,1,20000.0,7000.0,3,1,0.0003865607584834249,0.35,2,False,False,False,7,16.0
100000008346837100,distributor,0.4166666666666667,56,0.44850688918943443,25 получателей,9,25,254359.0,1258643.0,9,25,254359.0,1258643.0,12,26,0.0005474079827287936,4.948293553599441,2,False,False,False,7,0.0
100000006385877100,peripheral,0.2,50,0.055712861128910836,"1 отправителей, 1 получателей",1,1,53706.62,36602.93,1,1,53706.62,36602.93,5,5,0.0020942975539589266,0.6815347903107661,2,False,False,False,1,0.0
100000002459093100,peripheral,0.2,30,0.06152487967638914,"1 отправителей, 1 получателей",1,1,500000.0,55000.0,1,1,500000.0,55000.0,2,3,0.00038924998698062655,0.11,2,False,False,False,1,
100000005053653100,coordinator,1.0,56,0.4569348879478774,7 курьеров выше по цепочке,2,1,63073.0,25000.0,2,1,63073.0,25000.0,2,1,0.0003136008584320485,0.3963661154535221,2,False,False,False,7,
100000001557930100,terminal,0.08529042115379876,30,0.21251621066474444,"вход 34,610, выход 0",1,0,34610.0,0.0,1,0,34610.0,0.0,1,0,0.0002921289541275454,0.0,2,False,False,False,1,
100000002820010100,terminal,0.07392986520121245,30,0.2124585520545796,"вход 30,000, выход 0",1,0,30000.0,0.0,1,0,30000.0,0.0,1,0,0.00029125521728309953,0.0,2,False,False,False,1,
100000000769919100,terminal,0.6160822100101038,29,0.2152101560103855,"вход 250,000, выход 0",1,0,250000.0,0.0,1,0,250000.0,0.0,1,0,0.0007354469638244255,0.0,2,False,False,False,1,
100000003188607100,peripheral,0.2,30,0.05487100101962213,"1 отправителей, 1 получателей",1,1,18000.0,5000.0,1,1,18000.0,5000.0,1,1,0.0003147625614708975,0.2777777777777778,2,False,False,False,1,
100000002836052100,coordinator,1.0,4,0.5031042760272897,11 курьеров выше по цепочке,1,0,15000.0,0.0,1,0,15000.0,0.0,1,0,0.0003056660501463524,0.0,2,False,False,False,11,
100000001102676100,coordinator,1.0,4,0.4641673957374875,8 курьеров выше по цепочке,1,1,50000.0,50000.0,1,1,50000.0,50000.0,1,1,0.0003130309543986752,1.0,2,False,False,False,8,0.0
100000003390036100,coordinator,1.0,34,0.5128350550313843,11 курьеров выше по цепочке,2,2,231300.0,62000.0,2,2,231300.0,62000.0,4,2,0.0013242239371446286,0.2680501513186338,2,False,False,False,11,0.0
100000008335401100,coordinator,1.0,59,0.47812609360623126,9 курьеров выше по цепочке,1,0,150000.0,0.0,1,0,150000.0,0.0,3,0,0.0005512278448300623,0.0,2,False,False,False,9,
100000006994985100,coordinator,1.0,30,0.45031751129790515,7 курьеров выше по цепочке,1,1,48500.0,10200.0,1,1,48500.0,10200.0,2,2,0.0005013304862324077,0.21030927835051547,2,False,False,False,7,1.0
100000008356606100,coordinator,1.0,56,0.4579408118176665,7 курьеров выше по цепочке,2,0,168500.0,0.0,2,0,168500.0,0.0,2,0,0.0006267853006401152,0.0,2,False,False,False,7,
100000007930878100,terminal,0.012321644200202075,1,0.21214586978687439,"вход 5,000, выход 0",1,0,5000.0,0.0,1,0,5000.0,0.0,1,0,0.00048363772579278913,0.0,2,False,False,False,1,
100000008389800100,coordinator,1.0,22,0.4694703893714155,7 курьеров выше по цепочке,3,7,189000.0,401620.0,3,7,189000.0,401620.0,3,8,0.0005050963840560336,2.124973544973545,2,False,False,False,7,1.0
100000005474472100,terminal,0.2464328840040415,44,0.2133340624041542,"вход 100,000, выход 0",1,0,100000.0,0.0,1,0,100000.0,0.0,1,0,0.0005449540086863332,0.0,2,False,False,False,1,
100000004486525100,consolidator,0.3333333333333333,52,0.46623755333490924,8 отправителей,8,2,360924.0,271045.0,8,2,360924.0,271045.0,21,3,0.0008057988481996705,0.7509752745730403,2,False,False,False,7,2.0
100000003031890100,terminal,0.5298307006086892,55,0.2147724008355982,"вход 215,000, выход 0",1,0,215000.0,0.0,1,0,215000.0,0.0,10,0,0.00039212223001592824,0.0,2,False,False,False,1,
100000008624978100,coordinator,1.0,51,0.4642799613538614,8 курьеров выше по цепочке,1,0,109000.0,0.0,1,0,109000.0,0.0,1,0,0.00033803190556376176,0.0,2,False,False,False,8,
100000000790311100,coordinator,1.0,22,0.45016242089312336,7 курьеров выше по цепочке,1,0,46300.0,0.0,1,0,46300.0,0.0,1,0,0.000300299219066313,0.0,2,False,False,False,7,
100000008546855100,coordinator,1.0,64,0.48185630464035767,7 курьеров выше по цепочке,6,2,71790.0,10000.0,6,2,71790.0,10000.0,8,2,0.0014269758891576917,0.1392951664577239,2,False,False,False,7,0.0
100000002863356100,peripheral,0.2,47,0.05539630722936689,"1 отправителей, 1 получателей",1,1,45000.0,20000.0,1,1,45000.0,20000.0,1,1,0.0003008529731942847,0.4444444444444444,2,False,False,False,1,
100000000332284100,consolidator,0.4166666666666667,90,0.47579780220497975,10 отправителей,10,3,107426.0,289500.0,10,3,107426.0,289500.0,12,3,0.0007170946224349073,2.69487833485376,2,False,False,False,7,4.0
100000002605308100,coordinator,1.0,83,0.5475544233006379,11 курьеров выше по цепочке,3,0,2569521.84,0.0,3,0,2569521.84,0.0,7,0,0.0008849814697633089,0.0,2,False,False,False,11,
100000005931985100,terminal,0.18728899184307155,62,0.2130338874271572,"вход 76,000, выход 0",1,0,76000.0,0.0,1,0,76000.0,0.0,1,0,0.00031289664456344305,0.0,2,False,False,False,1,
100000001166289100,terminal,1.0,47,0.22766425998599463,"вход 721,039, выход 25,000",2,1,721039.0,25000.0,2,1,721039.0,25000.0,10,1,0.0020021280906723886,0.0346721883282319,2,False,False,False,1,9.0
100000008477350100,distributor,0.65,52,0.4919244615576607,39 получателей,11,39,610100.0,3374866.0,11,39,610100.0,3374866.0,14,44,0.0010342350786611242,5.531660383543682,2,False,False,False,7,0.0
100000003824464100,coordinator,1.0,43,0.452084791474975,7 курьеров выше по цепочке,1,0,200000.0,0.0,1,0,200000.0,0.0,1,0,0.000323247651083571,0.0,2,False,False,False,7,
100000002738256100,transit,0.17443408788282344,38,0.25115070427164277,"пропуск 1.17, связей 2",1,1,150200.0,175000.0,1,1,150200.0,175000.0,1,1,0.0005073102992973039,1.1651131824234353,2,False,False,False,1,1.0
100000001857829100,coordinator,1.0,78,0.5218513434150435,7 курьеров выше по цепочке,6,16,888535.0,2390993.0,6,16,888535.0,2390993.0,9,16,0.0006204790252521136,2.690938454872346,2,False,False,False,7,0.0
100000008672762100,terminal,0.032036274920525395,47,0.21224592811254006,"вход 13,000, выход 0",1,0,13000.0,0.0,1,0,13000.0,0.0,1,0,0.0002899845792550891,0.0,2,False,False,False,1,
100000001737722100,coordinator,1.0,4,0.46367285746288495,8 курьеров выше по цепочке,1,0,60460.0,0.0,1,0,60460.0,0.0,1,0,0.0003187759337086208,0.0,2,False,False,False,8,
100000005572303100,coordinator,1.0,22,0.4507715259506131,7 курьеров выше по цепочке,1,1,75000.0,20000.0,1,1,75000.0,20000.0,1,1,0.0003132762393993454,0.26666666666666666,2,False,False,False,7,
100000008733049100,coordinator,1.0,22,0.44970840624041536,7 курьеров выше по цепочке,1,0,10000.0,0.0,1,0,10000.0,0.0,1,0,0.0002887507034719393,0.0,2,False,False,False,7,
100000000850297100,transit,1.0,59,0.24752158879974895,"пропуск 1.00, связей 2",1,1,17520.0,17520.0,1,1,17520.0,17520.0,1,1,0.0002939168313087527,1.0,2,False,False,False,1,0.0
100000005140601100,coordinator,1.0,78,0.4651849538196084,7 курьеров выше по цепочке,3,2,52685.0,195300.0,3,2,52685.0,195300.0,4,5,0.002705731454703331,3.706937458479643,2,False,False,False,7,1.0
100000004410489100,coordinator,1.0,52,0.45025872703157654,7 курьеров выше по цепочке,1,0,54000.0,0.0,1,0,54000.0,0.0,1,0,0.0003142199106141309,0.0,2,False,False,False,7,
100000006852430100,coordinator,1.0,34,0.5033794364228703,11 курьеров выше по цепочке,1,0,37000.0,0.0,1,0,37000.0,0.0,1,0,0.0005362020040442948,0.0,2,False,False,False,11,
100000003166755100,coordinator,1.0,4,0.4498836333832374,7 курьеров выше по цепочке,1,0,24010.0,0.0,1,0,24010.0,0.0,1,0,0.0002893544107152427,0.0,2,False,False,False,7,
100000008258083100,coordinator,1.0,48,0.5208105846560835,7 курьеров выше по цепочке,2,2,3149500.0,2045650.0,2,2,3149500.0,2045650.0,13,6,0.0010500443938968613,0.6495157961581204,2,False,False,False,7,1.0
100000003054328100,peripheral,0.2,62,0.058757266388476725,"1 отправителей, 2 получателей",1,2,140000.0,193720.0,1,2,140000.0,193720.0,1,2,0.00033590915011809754,1.3837142857142857,2,False,False,False,1,0.0
100000008473207100,coordinator,1.0,4,0.5054431393897247,11 курьеров выше по цепочке,1,0,202000.0,0.0,1,0,202000.0,0.0,4,0,0.0005562056073953194,0.0,2,False,False,False,11,
100000008104567100,coordinator,1.0,59,0.4632533903790862,7 курьеров выше по цепочке,3,3,53550.0,40000.0,3,3,53550.0,40000.0,3,4,0.0005380423675699459,0.7469654528478058,2,False,False,False,7,3.0
100000002721825100,coordinator,1.0,52,0.4497209135311236,7 курьеров выше по цепочке,1,0,11000.0,0.0,1,0,11000.0,0.0,1,0,0.0005314143750831583,0.0,2,False,False,False,7,
100000003509750100,transit,0.7636407825981286,30,0.2615931298772353,"пропуск 0.95, связей 6",3,3,82290.0,78400.0,3,3,82290.0,78400.0,4,5,0.001687048026555684,0.9527281565196257,2,False,False,False,1,2.5
100000007322059100,coordinator,1.0,32,0.4698107921381394,8 курьеров выше по цепочке,2,1,29000.0,22500.0,2,1,29000.0,22500.0,2,2,0.0006801571631888191,0.7758620689655172,2,False,False,False,8,2.5
100000004441291100,coordinator,1.0,4,0.4898334791474974,10 курьеров выше по цепочке,1,0,20000.0,0.0,1,0,20000.0,0.0,1,0,0.000548843069567571,0.0,2,False,False,False,10,
100000006122699100,coordinator,1.0,42,0.4564069802216653,7 курьеров выше по цепочке,2,0,45865.0,0.0,2,0,45865.0,0.0,2,0,0.0004047064849586192,0.0,2,False,False,False,7,
100000008254069100,coordinator,1.0,35,0.4643887747830228,8 курьеров выше по цепочке,1,5,10200.0,107500.0,1,5,10200.0,107500.0,2,6,0.0003424861412375226,10.53921568627451,2,False,False,False,8,0.0
100000003336565100,terminal,0.040784642302668865,47,0.2122903289945542,"вход 16,550, выход 0",1,0,16550.0,0.0,1,0,16550.0,0.0,1,0,0.0002911902917077186,0.0,2,False,False,False,1,
100000002492277100,coordinator,1.0,4,0.45131559309642016,7 курьеров выше по цепочке,1,0,138500.0,0.0,1,0,138500.0,0.0,1,0,0.00030740347309968685,0.0,2,False,False,False,7,
100000001339466100,coordinator,1.0,4,0.4766252187212462,9 курьеров выше по цепочке,1,0,30000.0,0.0,1,0,30000.0,0.0,1,0,0.0003039018745217943,0.0,2,False,False,False,9,
100000005022964100,coordinator,1.0,4,0.4898334791474974,10 курьеров выше по цепочке,1,0,20000.0,0.0,1,0,20000.0,0.0,1,0,0.0003273647858899897,0.0,2,False,False,False,10,
100000003112436100,coordinator,1.0,22,0.45083406240415413,7 курьеров выше по цепочке,1,0,100000.0,0.0,1,0,100000.0,0.0,1,0,0.0003021326407143058,0.0,2,False,False,False,7,
100000000489417100,coordinator,1.0,56,0.46400325248620616,7 курьеров выше по цепочке,3,1,73504.0,80000.0,3,1,73504.0,80000.0,3,1,0.0005517574141078733,1.0883761427949499,2,False,False,False,7,0.0
100000002217161100,coordinator,1.0,88,0.47334206446452187,7 курьеров выше по цепочке,2,7,404750.0,995132.0,2,7,404750.0,995132.0,15,19,0.0008915694561715996,2.4586337245213095,2,False,False,False,7,1.0
100000002469065100,coordinator,1.0,22,0.452084791474975,7 курьеров выше по цепочке,1,0,200000.0,0.0,1,0,200000.0,0.0,1,0,0.0003186959872113208,0.0,2,False,False,False,7,
100000007337374100,terminal,0.0492865768008083,47,0.2123334791474975,"вход 20,000, выход 0",1,0,20000.0,0.0,1,0,20000.0,0.0,2,0,0.0002923620404292881,0.0,2,False,False,False,1,
100000003249054100,coordinator,1.0,4,0.48851791957756485,7 курьеров выше по цепочке,7,1,99700.0,15000.0,7,1,99700.0,15000.0,11,1,0.0004314632286065654,0.15045135406218657,2,False,False,False,7,7.0
100000003024542100,coordinator,1.0,4,0.4896896453043531,10 курьеров выше по цепочке,1,0,8500.0,0.0,1,0,8500.0,0.0,1,0,0.00031794749343884253,0.0,2,False,False,False,10,
100000002718366100,coordinator,1.0,73,0.5390809090382268,9 курьеров выше по цепочке,6,0,2525000.0,0.0,6,0,2525000.0,0.0,10,0,0.0006811994866182293,0.0,2,False,False,False,9,
100000005059998100,coordinator,1.0,52,0.44980846456608103,7 курьеров выше по цепочке,1,0,18000.0,0.0,1,0,18000.0,0.0,1,0,0.0002959172747769893,0.0,2,False,False,False,7,
100000004071070100,coordinator,1.0,52,0.45642117599661913,7 курьеров выше по цепочке,2,1,41000.0,6000.0,2,1,41000.0,6000.0,5,1,0.0011875923340219298,0.14634146341463414,2,False,False,False,7,7.5
100000001584286100,coordinator,1.0,62,0.4784057898055297,8 курьеров выше по цепочке,2,0,738699.0,0.0,2,0,738699.0,0.0,3,0,0.00032848499407064284,0.0,2,False,False,False,8,
100000008701256100,coordinator,1.0,25,0.4503118830170864,7 курьеров выше по цепочке,1,0,58250.0,0.0,1,0,58250.0,0.0,1,0,0.0003037426349007179,0.0,2,False,False,False,7,
100000001490461100,coordinator,1.0,59,0.47656268226770515,9 курьеров выше по цепочке,1,1,20000.0,5000.0,1,1,20000.0,5000.0,1,1,0.00032099043429899374,0.25,2,False,False,False,9,12.0
100000008531186100,coordinator,1.0,4,0.477813411338526,9 курьеров выше по цепочке,1,0,125000.0,0.0,1,0,125000.0,0.0,1,0,0.0003619550454860551,0.0,2,False,False,False,9,
100000004765639100,coordinator,1.0,52,0.44978344998466463,7 курьеров выше по цепочке,1,2,5000.0,11000.0,1,2,5000.0,11000.0,1,2,0.00036185625061452016,2.2,2,False,False,False,7,0.0
100000002983879100,coordinator,1.0,4,0.48500208350617713,9 курьеров выше по цепочке,2,0,200050.0,0.0,2,0,200050.0,0.0,2,0,0.0003580797764870863,0.0,2,False,False,False,9,
100000008734364100,terminal,0.06456541560905887,47,0.2124110243498884,"вход 26,200, выход 0",1,0,26200.0,0.0,1,0,26200.0,0.0,1,0,0.0002944677917550073,0.0,2,False,False,False,1,
100000003192220100,coordinator,1.0,22,0.4503337707758258,7 курьеров выше по цепочке,1,0,60000.0,0.0,1,0,60000.0,0.0,2,0,0.0005031715963348392,0.0,2,False,False,False,7,
100000008060273100,coordinator,1.0,4,0.5030417395737488,11 курьеров выше по цепочке,1,0,10000.0,0.0,1,0,10000.0,0.0,2,0,0.0002989671315033319,0.0,2,False,False,False,11,
100000008205937100,coordinator,1.0,56,0.49002108850812054,10 курьеров выше по цепочке,1,0,35000.0,0.0,1,0,35000.0,0.0,3,0,0.00033164706434217267,0.0,2,False,False,False,10,
100000005507142100,peripheral,0.2,80,0.06897193423027284,"3 отправителей, 3 получателей",3,3,51000.0,100000.0,3,3,51000.0,100000.0,3,4,0.000558950097758131,1.9607843137254901,2,False,False,False,1,11.5
100000005539910100,coordinator,1.0,4,0.49113423738115114,10 курьеров выше по цепочке,1,2,102000.0,22000.0,1,2,102000.0,22000.0,1,2,0.000498726301748055,0.21568627450980393,2,False,False,False,10,4.0
100000002459163100,terminal,0.04973015599201557,21,0.21233573045982498,"вход 20,180, выход 0",1,0,20180.0,0.0,1,0,20180.0,0.0,1,0,0.00036111544422251415,0.0,2,False,False,False,1,
100000004666651100,coordinator,1.0,41,0.4949520878698318,10 курьеров выше по цепочке,1,0,429250.0,0.0,1,0,429250.0,0.0,1,0,0.00045753888989794294,0.0,2,False,False,False,10,
100000003927792100,coordinator,1.0,22,0.44974676610101744,7 курьеров выше по цепочке,1,0,13067.0,0.0,1,0,13067.0,0.0,1,0,0.00028972644169034,0.0,2,False,False,False,7,
100000000607941100,coordinator,1.0,22,0.4573342082183183,7 курьеров выше по цепочке,2,1,50000.0,70000.0,2,1,50000.0,70000.0,3,4,0.0005785720589504693,1.4,2,False,False,False,7,0.0
100000004158362100,coordinator,1.0,52,0.44973342082183176,7 курьеров выше по цепочке,1,0,12000.0,0.0,1,0,12000.0,0.0,1,0,0.0002913822339326508,0.0,2,False,False,False,7,
100000005664922100,peripheral,0.2,44,0.06782490883922197,"2 отправителей, 3 получателей",2,3,22000.0,537000.0,2,3,22000.0,537000.0,2,4,0.0008059658576323338,24.40909090909091,2,False,False,False,1,
100000007594394100,coordinator,1.0,52,0.5546737108422785,9 курьеров выше по цепочке,6,1,395385.0,3376312.0,6,1,395385.0,3376312.0,6,40,0.0004055854787031871,8.539302199122375,2,False,False,False,9,0.0
100000000979567100,terminal,0.02464328840040415,47,0.21220840624041543,"вход 10,000, выход 0",1,0,10000.0,0.0,1,0,10000.0,0.0,1,0,0.0005307306769296842,0.0,2,False,False,False,1,
100000002831727100,coordinator,1.0,64,0.4506214384621146,7 курьеров выше по цепочке,1,1,6000.0,77000.0,1,1,6000.0,77000.0,1,3,0.0002907462180152881,12.833333333333334,2,False,False,False,7,2.0
100000003062895100,coordinator,1.0,67,0.48660794458936685,9 курьеров выше по цепочке,2,0,328444.0,0.0,2,0,328444.0,0.0,2,0,0.000407650670955185,0.0,2,False,False,False,9,
100000008376089100,coordinator,1.0,48,0.45127181757894147,7 курьеров выше по цепочке,1,0,135000.0,0.0,1,0,135000.0,0.0,1,0,0.000302435334778072,0.0,2,False,False,False,7,
100000003219438100,coordinator,1.0,52,0.449983566635996,7 курьеров выше по цепочке,1,0,32000.0,0.0,1,0,32000.0,0.0,1,0,0.0004471556370431053,0.0,2,False,False,False,7,
100000000967918100,coordinator,1.0,52,0.4498484878963473,7 курьеров выше по цепочке,1,0,21200.0,0.0,1,0,21200.0,0.0,3,0,0.00047927096158051775,0.0,2,False,False,False,7,
100000003254723100,coordinator,1.0,4,0.4929584257309434,10 курьеров выше по цепочке,1,0,269850.0,0.0,1,0,269850.0,0.0,6,0,0.00053004366318591,0.0,2,False,False,False,10,
100000003823811100,coordinator,1.0,35,0.4507856591891134,7 курьеров выше по цепочке,1,3,30000.0,66130.0,1,3,30000.0,66130.0,1,3,0.0003569753080281231,2.2043333333333335,2,False,False,False,7,
100000008587459100,coordinator,1.0,52,0.4666897492190934,7 курьеров выше по цепочке,2,2,181507.0,686500.0,2,2,181507.0,686500.0,2,4,0.00030075681163842634,3.782223275135394,2,False,False,False,7,
100000008603331100,coordinator,1.0,67,0.4656049543740983,7 курьеров выше по цепочке,2,6,39500.0,741774.0,2,6,39500.0,741774.0,3,6,0.0003442340297094514,18.779088607594936,2,False,False,False,7,0.0
100000008758168100,coordinator,1.0,60,0.5026243558224148,9 курьеров выше по цепочке,2,5,75410.0,1533600.0,2,5,75410.0,1533600.0,2,5,0.0003183672512790776,20.33682535472749,2,False,False,False,9,1.5
100000003724440100,coordinator,1.0,52,0.45645869786874377,7 курьеров выше по цепочке,2,0,50000.0,0.0,2,0,50000.0,0.0,2,0,0.0003080878958078091,0.0,2,False,False,False,7,
100000000291906100,coordinator,1.0,49,0.466387660626618,7 курьеров выше по цепочке,2,2,388000.0,455854.0,2,2,388000.0,455854.0,3,6,0.0007629373053537487,1.1748814432989692,2,False,False,False,7,0.0
100000005077484100,terminal,0.36964932600606226,26,0.21412890072866086,"вход 150,000, выход 13,550",1,2,150000.0,13550.0,1,2,150000.0,13550.0,1,2,0.0005397108639201059,0.09033333333333333,2,False,False,False,1,0.0
100000004192107100,coordinator,1.0,4,0.46322934893437184,8 курьеров выше по цепочке,1,0,25000.0,0.0,1,0,25000.0,0.0,1,0,0.0002993001243079831,0.0,2,False,False,False,8,
100000002193259100,coordinator,1.0,42,0.4704924394817368,8 курьеров выше по цепочке,2,3,48000.0,58000.0,2,3,48000.0,58000.0,2,3,0.0008908421386694424,1.2083333333333333,2,False,False,False,8,3.0
100000005481280100,coordinator,1.0,22,0.4506176862749021,7 курьеров выше по цепочке,1,3,32700.0,50000.0,1,3,32700.0,50000.0,1,3,0.0002959725024799912,1.529051987767584,2,False,False,False,7,1.0
100000004527381100,coordinator,1.0,22,0.4545011910345516,7 курьеров выше по цепочке,1,1,119333.17,273866.11,1,1,119333.17,273866.11,1,1,0.0003754989642558976,2.2949705433954364,2,False,False,False,7,0.0
100000001578517100,coordinator,1.0,22,0.4499585520545795,7 курьеров выше по цепочке,1,0,30000.0,0.0,1,0,30000.0,0.0,1,0,0.00029053829816639534,0.0,2,False,False,False,7,
100000003741418100,consolidator,0.375,90,0.46698248183698193,9 отправителей,9,3,151900.0,39920.0,9,3,151900.0,39920.0,13,3,0.0006325013799441044,0.2628044766293614,2,False,False,False,7,
100000008737514100,coordinator,1.0,22,0.450646453043531,7 курьеров выше по цепочке,1,0,85000.0,0.0,1,0,85000.0,0.0,1,0,0.0003126112728818023,0.0,2,False,False,False,7,
100000002870463100,coordinator,1.0,30,0.4647974154170146,7 курьеров выше по цепочке,3,1,207000.0,10000.0,3,1,207000.0,10000.0,4,1,0.0019299755548282868,0.04830917874396135,2,False,False,False,7,7.0
100000008545727100,coordinator,1.0,59,0.49997007682811767,9 курьеров выше по цепочке,1,6,30000.0,1866500.0,1,6,30000.0,1866500.0,1,7,0.00033870100433984517,62.21666666666667,2,False,False,False,9,0.0
100000000425407100,coordinator,1.0,4,0.44983347914749744,7 курьеров выше по цепочке,1,0,20000.0,0.0,1,0,20000.0,0.0,1,0,0.00030509459327138135,0.0,2,False,False,False,7,
100000001418900100,terminal,0.09891815963922226,47,0.21258537598236085,"вход 40,140, выход 0",1,0,40140.0,0.0,1,0,40140.0,0.0,2,0,0.00029920233586476936,0.0,2,False,False,False,1,
100000001677929100,peripheral,0.2,30,0.07224728098448498,"3 отправителей, 2 получателей",3,2,126777.0,286098.0,3,2,126777.0,286098.0,3,4,0.003334091954588855,2.2567027142147236,2,False,False,False,1,1.5
100000002539625100,coordinator,1.0,67,0.47743444043006733,9 курьеров выше по цепочке,1,0,94700.0,0.0,1,0,94700.0,0.0,1,0,0.0003450202078597562,0.0,2,False,False,False,9,
100000001965374100,peripheral,0.2,44,0.12139138363015219,"2 отправителей, 3 получателей",2,3,1759720.0,3082100.0,2,3,1759720.0,3082100.0,8,5,0.001281655626060873,1.7514718250630783,2,False,False,False,1,2.0
100000001287955100,peripheral,0.2,62,0.05867972118608583,"1 отправителей, 4 получателей",1,4,17520.0,310000.0,1,4,17520.0,310000.0,1,5,0.0002939168313087527,17.69406392694064,2,False,False,False,1,1.0
100000005402643100,peripheral,0.2,50,0.05730742124958118,"1 отправителей, 1 получателей",1,1,127800.0,90000.0,1,1,127800.0,90000.0,1,1,0.0002975952292869964,0.704225352112676,2,False,False,False,1,
100000008752616100,coordinator,1.0,73,0.4991285680694705,9 курьеров выше по цепочке,2,7,64510.0,1265000.0,2,7,64510.0,1265000.0,2,7,0.00031306069757078167,19.6093628894745,2,False,False,False,9,2.5
100000000733373100,coordinator,1.0,22,0.4497172864168182,7 курьеров выше по цепочке,1,0,10710.0,0.0,1,0,10710.0,0.0,1,0,0.00030578139777600477,0.0,2,False,False,False,7,
100000008531133100,coordinator,1.0,22,0.4518755655136751,7 курьеров выше по цепочке,1,3,25000.0,158271.68,1,3,25000.0,158271.68,1,3,0.0005327484529006037,6.3308672,2,False,False,False,7,0.0
100000005933757100,distributor,0.5666666666666667,83,0.45147215884036845,34 получателей,4,34,1246000.0,3002628.0,4,34,1246000.0,3002628.0,6,46,0.000997985572013045,2.409813804173355,2,False,False,False,7,0.0
100000006490557100,terminal,0.012321644200202075,30,0.21214586978687439,"вход 5,000, выход 0",1,0,5000.0,0.0,1,0,5000.0,0.0,1,0,0.0002861622896167226,0.0,2,False,False,False,1,
100000008497298100,terminal,1.0,50,0.21958770775825853,"вход 600,000, выход 0",1,0,600000.0,0.0,1,0,600000.0,0.0,1,0,0.00034202908327694116,0.0,2,False,False,False,1,
100000005168487100,coordinator,1.0,34,0.46439890568849646,8 курьеров выше по цепочке,1,1,15000.0,103510.0,1,1,15000.0,103510.0,1,14,0.00181254731435578,6.900666666666667,2,False,False,False,8,1.0
100000005799271100,coordinator,1.0,34,0.46347949474853606,8 курьеров выше по цепочке,1,0,45000.0,0.0,1,0,45000.0,0.0,2,0,0.0005366730310712545,0.0,2,False,False,False,8,
100000000912487100,coordinator,1.0,4,0.47637507290708203,9 курьеров выше по цепочке,1,0,10000.0,0.0,1,0,10000.0,0.0,1,0,0.00029168015431879206,0.0,2,False,False,False,9,
100000007982908100,terminal,0.07659134034845609,47,0.21247205992854448,"вход 31,080, выход 0",1,0,31080.0,0.0,1,0,31080.0,0.0,1,0,0.0002961252218307346,0.0,2,False,False,False,1,
100000005413948100,coordinator,1.0,67,0.48291542966087314,9 курьеров выше по цепочке,2,1,28215.0,5000.0,2,1,28215.0,5000.0,2,1,0.0018520392070328206,0.177210703526493,2,False,False,False,9,10.0
100000000724540100,coordinator,1.0,51,0.46479276027289795,8 курьеров выше по цепочке,1,1,50000.0,100000.0,1,1,50000.0,100000.0,1,1,0.00030963471226613077,2.0,2,False,False,False,8,
100000005730108100,coordinator,1.0,52,0.44968339165899895,7 курьеров выше по цепочке,1,0,8000.0,0.0,1,0,8000.0,0.0,1,0,0.0003586642630336029,0.0,2,False,False,False,7,
100000002566204100,terminal,0.19913009191946573,59,0.21309398495901014,"вход 80,805, выход 0",1,0,80805.0,0.0,1,0,80805.0,0.0,1,0,0.00032406945030607917,0.0,2,False,False,False,1,
100000000625169100,terminal,0.02464328840040415,47,0.21220840624041543,"вход 10,000, выход 0",1,0,10000.0,0.0,1,0,10000.0,0.0,1,0,0.00028896566732328953,0.0,2,False,False,False,1,
100000001114385100,coordinator,1.0,4,0.44995229840922546,7 курьеров выше по цепочке,1,0,29500.0,0.0,1,0,29500.0,0.0,1,0,0.00029021989549549073,0.0,2,False,False,False,7,
100000002964966100,coordinator,1.0,4,0.46541812480830835,8 курьеров выше по цепочке,1,0,200000.0,0.0,1,0,200000.0,0.0,1,0,0.00039541593494282827,0.0,2,False,False,False,8,
100000008771814100,terminal,0.05840459350895783,47,0.21237975612311788,"вход 23,700, выход 0",1,0,23700.0,0.0,1,0,23700.0,0.0,1,0,0.0002936186984785076,0.0,2,False,False,False,1,
100000001241318100,coordinator,1.0,52,0.4502462197408683,7 курьеров выше по цепочке,1,0,53000.0,0.0,1,0,53000.0,0.0,1,0,0.0005308383624756592,0.0,2,False,False,False,7,
100000001250022100,terminal,0.12321644200202075,30,0.21270869786874377,"вход 50,000, выход 0",1,0,50000.0,0.0,1,0,50000.0,0.0,1,0,0.0002950458326603053,0.0,2,False,False,False,1,
100000006534886100,coordinator,1.0,22,0.4525750772707368,7 курьеров выше по цепочке,1,1,71700.0,167500.0,1,1,71700.0,167500.0,5,8,0.0011276985721232183,2.336122733612273,2,False,False,False,7,1.0
100000008655035100,terminal,0.07392986520121245,30,0.22579188538791295,"вход 30,000, выход 0",1,0,30000.0,0.0,1,0,30000.0,0.0,1,0,0.0005401427143175893,0.0,2,False,False,False,2,
100000005932987100,coordinator,1.0,52,0.4498960156010385,7 курьеров выше по цепочке,1,0,25000.0,0.0,1,0,25000.0,0.0,3,0,0.00041180862454995846,0.0,2,False,False,False,7,
100000008636603100,coordinator,1.0,42,0.45827019131846713,7 курьеров выше по цепочке,2,6,35460.0,159375.0,2,6,35460.0,159375.0,2,7,0.0003387006850594576,4.494500846023689,2,False,False,False,7,0.0
100000008710843100,coordinator,1.0,60,0.4944244398436144,8 курьеров выше по цепочке,2,13,33944.0,1985500.0,2,13,33944.0,1985500.0,3,14,0.00029287559446499275,58.49340089559274,2,False,False,False,8,4.0
100000000917179100,coordinator,1.0,83,0.4507648345500842,7 курьеров выше по цепочке,1,0,94465.0,0.0,1,0,94465.0,0.0,2,0,0.00042586253334482907,0.0,2,False,False,False,7,
100000004209339100,coordinator,1.0,34,0.4676319152636613,8 курьеров выше по цепочке,1,2,138500.0,238500.0,1,2,138500.0,238500.0,6,11,0.0008195334277812209,1.7220216606498195,2,False,False,False,8,0.0
100000008765627100,terminal,0.1478597304024249,30,0.21283377077582585,"вход 60,000, выход 0",1,0,60000.0,0.0,1,0,60000.0,0.0,1,0,0.00029694114034890817,0.0,2,False,False,False,1,
100000002443664100,coordinator,1.0,62,0.4957150600495872,9 курьеров выше по цепочке,3,0,556880.0,0.0,3,0,556880.0,0.0,3,0,0.0003387703864093913,0.0,2,False,False,False,9,
100000008144528100,coordinator,1.0,22,0.48794365378679766,7 курьеров выше по цепочке,5,0,1068202.6,0.0,5,0,1068202.6,0.0,13,0,0.001055538276590802,0.0,2,False,False,False,7,
100000003988112100,coordinator,1.0,35,0.4515344706838138,7 курьеров выше по цепочке,1,1,92000.0,64000.0,1,1,92000.0,64000.0,2,5,0.0005045477365705099,0.6956521739130435,2,False,False,False,7,0.0
100000008008463100,terminal,0.13351733655338968,30,0.2127609783439041,"вход 54,180, выход 0",1,0,54180.0,0.0,1,0,54180.0,0.0,1,0,0.0002958380712741413,0.0,2,False,False,False,1,
100000006679055100,coordinator,1.0,4,0.47656268226770515,9 курьеров выше по цепочке,1,0,25000.0,0.0,1,0,25000.0,0.0,1,0,0.0003008464444710437,0.0,2,False,False,False,9,
100000007382543100,coordinator,1.0,85,0.4701505358401279,7 курьеров выше по цепочке,3,5,218000.0,427000.0,3,5,218000.0,427000.0,3,8,0.0011904909010560457,1.9587155963302751,2,False,False,False,7,3.0
100000007749092100,coordinator,1.0,22,0.45055921469084126,7 курьеров выше по цепочке,1,1,7650.0,70375.0,1,1,7650.0,70375.0,1,5,0.0018044164784854861,9.199346405228757,2,False,False,False,7,
100000004221668100,peripheral,0.2,30,0.0965936421550173,"4 отправителей, 3 получателей",4,3,1128300.0,731440.0,4,3,1128300.0,731440.0,8,10,0.0030901749053247364,0.6482673047948241,2,False,False,False,1,1.0
100000008174521100,coordinator,1.0,22,0.4506103069733843,7 курьеров выше по цепочке,1,0,82110.0,0.0,1,0,82110.0,0.0,1,0,0.00044052875483409733,0.0,2,False,False,False,7,
100000002692750100,coordinator,1.0,30,0.46445759232847256,7 курьеров выше по цепочке,3,1,112830.0,77000.0,3,1,112830.0,77000.0,3,8,0.0020142415855483,0.682442612780289,2,False,False,False,7,5.0
100000002173070100,coordinator,1.0,22,0.4499585520545795,7 курьеров выше по цепочке,1,0,30000.0,0.0,1,0,30000.0,0.0,1,0,0.00029053829816639534,0.0,2,False,False,False,7,
100000005911352100,coordinator,1.0,77,0.45632111767095346,7 курьеров выше по цепочке,2,3,15000.0,24000.0,2,3,15000.0,24000.0,2,3,0.000551734499856716,1.6,2,False,False,False,7,6.5
100000003068941100,coordinator,1.0,52,0.46357170092761013,7 курьеров выше по цепочке,3,1,94000.0,25000.0,3,1,94000.0,25000.0,3,2,0.000320174383735057,0.26595744680851063,2,False,False,False,7,2.0
100000001420847100,coordinator,1.0,64,0.44983347914749744,7 курьеров выше по цепочке,1,0,20000.0,0.0,1,0,20000.0,0.0,2,0,0.00030282570687728154,0.0,2,False,False,False,7,
100000005602999100,coordinator,1.0,34,0.46317931977153903,8 курьеров выше по цепочке,1,2,5000.0,16000.0,1,2,5000.0,16000.0,1,3,0.0003048459777394544,3.2,2,False,False,False,8,2.0
100000000723383100,coordinator,1.0,72,0.45060642971326476,7 курьеров выше по цепочке,1,2,6800.0,75000.0,1,2,6800.0,75000.0,1,2,0.0003893195549175227,11.029411764705882,2,False,False,False,7,
100000006977207100,peripheral,0.2,51,0.11175438429178787,"1 отправителей, 15 получателей",1,15,414000.0,4157018.0,1,15,414000.0,4157018.0,1,15,0.00034788547570970175,10.041106280193237,2,False,False,False,1,
100000001273783100,terminal,0.057172429088937625,59,0.2123735024777638,"вход 23,200, выход 0",1,0,23200.0,0.0,1,0,23200.0,0.0,1,0,0.0002966231104571262,0.0,2,False,False,False,1,
100000000201868100,coordinator,1.0,22,0.4543361038024526,7 курьеров выше по цепочке,1,1,190000.0,190000.0,1,1,190000.0,190000.0,1,1,0.0009746432509228604,1.0,2,False,False,False,7,1.0
100000007777377100,coordinator,1.0,22,0.4554153579176639,7 курьеров выше по цепочке,1,2,456290.0,10000.0,1,2,456290.0,10000.0,7,2,0.0003611461879485204,0.021915886826360427,2,False,False,False,7,2.5
100000004192865100,terminal,0.1642869464501343,26,0.2129171443756868,"вход 66,666, выход 0",1,0,66666.0,0.0,1,0,66666.0,0.0,1,0,0.0005558092873800479,0.0,2,False,False,False,1,
100000006901046100,coordinator,1.0,22,0.45060017606791064,7 курьеров выше по цепочке,1,1,75800.0,5500.0,1,1,75800.0,5500.0,3,1,0.0029998776847225033,0.07255936675461741,2,False,False,False,7,1.0
100000000437046100,distributor,0.7,52,0.5385646603652157,42 получателей,9,42,1107200.0,7606224.0,9,42,1107200.0,7606224.0,20,73,0.0007924860106097876,6.86978323699422,2,False,False,False,7,0.0
100000008765494100,terminal,0.05914389216096996,47,0.21238350831033034,"вход 24,000, выход 0",1,0,24000.0,0.0,1,0,24000.0,0.0,1,0,0.0002937205896716876,0.0,2,False,False,False,1,
100000008713270100,peripheral,0.2,30,0.057334937289139236,"1 отправителей, 3 получателей",1,3,30000.0,190000.0,1,3,30000.0,190000.0,1,3,0.00029125521728309953,6.333333333333333,2,False,False,False,1,2.0
100000003603979100,terminal,0.4066142586066685,55,0.21414703630018778,"вход 165,000, выход 0",1,0,165000.0,0.0,1,0,165000.0,0.0,3,0,0.0005856463349534348,0.0,2,False,False,False,1,
100000000943371100,coordinator,1.0,56,0.4897771963393105,10 курьеров выше по цепочке,1,0,15500.0,0.0,1,0,15500.0,0.0,1,0,0.00030597516384402423,0.0,2,False,False,False,10,
100000008672480100,terminal,0.032036274920525395,47,0.21224592811254006,"вход 13,000, выход 0",1,0,13000.0,0.0,1,0,13000.0,0.0,1,0,0.0002899845792550891,0.0,2,False,False,False,1,
100000008691168100,terminal,0.05914389216096996,47,0.21238350831033034,"вход 24,000, выход 0",1,0,24000.0,0.0,1,0,24000.0,0.0,1,0,0.0002937205896716876,0.0,2,False,False,False,1,
100000003237045100,coordinator,1.0,22,0.45571440723849715,7 курьеров выше по цепочке,1,1,340200.0,150000.0,1,1,340200.0,150000.0,2,1,0.00039413443206538995,0.4409171075837742,2,False,False,False,7,
100000008736394100,terminal,0.03942926144064664,47,0.2122834499846647,"вход 16,000, выход 0",1,0,16000.0,0.0,1,0,16000.0,0.0,1,0,0.00029100349118688865,0.0,2,False,False,False,1,
100000004160650100,peripheral,0.2,55,0.08040633025945819,"2 отправителей, 10 получателей",2,10,75100.0,1489827.0,2,10,75100.0,1489827.0,4,40,0.0003692276667102102,19.83790945406125,2,False,False,False,1,0.0
100000000629812100,coordinator,1.0,36,0.49610849372891386,10 курьеров выше по цепочке,2,0,22000.0,0.0,2,0,22000.0,0.0,2,0,0.0002979840074392023,0.0,2,False,False,False,10,
100000000955444100,terminal,0.01702851228467927,1,0.21216975871212707,"вход 6,910, выход 0",1,0,6910.0,0.0,1,0,6910.0,0.0,1,0,0.0003525283441776959,0.0,2,False,False,False,1,
100000008731444100,coordinator,1.0,52,0.47857754558455806,7 курьеров выше по цепочке,3,9,439000.0,879767.8,3,9,439000.0,879767.8,5,9,0.00035336188519380433,2.0040268792710707,2,False,False,False,7,0.0
100000008413748100,coordinator,1.0,54,0.4733910707811206,7 курьеров выше по цепочке,2,18,26480.0,1377320.22,2,18,26480.0,1377320.22,2,21,0.00039089149206356923,52.01360347432024,2,False,False,False,7,1.0
100000006787636100,coordinator,1.0,22,0.44983347914749744,7 курьеров выше по цепочке,1,0,20000.0,0.0,1,0,20000.0,0.0,1,0,0.0003581033949231403,0.0,2,False,False,False,7,
100000005942793100,coordinator,1.0,52,0.4690212343222848,7 курьеров выше по цепочке,4,0,55000.0,0.0,4,0,55000.0,0.0,4,0,0.0003322322681540015,0.0,2,False,False,False,7,
100000008730846100,coordinator,1.0,34,0.5069005962572906,8 курьеров выше по цепочке,7,3,155042.0,363370.0,7,3,155042.0,363370.0,11,4,0.0005360575471708012,2.343687516930896,2,False,False,False,8,0.0
100000002570206100,coordinator,1.0,54,0.45792154558705955,7 курьеров выше по цепочке,2,0,166959.6,0.0,2,0,166959.6,0.0,2,0,0.0003185104657273645,0.0,2,False,False,False,7,
100000000785800100,transit,1.0,21,0.24755861038024526,"пропуск 1.00, связей 2",1,1,19000.0,19000.0,1,1,19000.0,19000.0,1,1,0.0003566979785631403,1.0,2,False,False,False,1,0.0
100000007382152100,coordinator,1.0,52,0.4496566260568834,7 курьеров выше по цепочке,1,0,5860.0,0.0,1,0,5860.0,0.0,1,0,0.0002864808806193007,0.0,2,False,False,False,7,
100000000910216100,coordinator,1.0,52,0.45112185516335,7 курьеров выше по цепочке,1,1,71000.0,52010.0,1,1,71000.0,52010.0,3,1,0.00032323954910943236,0.7325352112676057,2,False,False,False,7,8.0
100000003131016100,coordinator,1.0,52,0.4562334598028878,7 курьеров выше по цепочке,1,1,405700.0,126000.0,1,1,405700.0,126000.0,7,4,0.0016774572234080627,0.31057431599704216,2,False,False,False,7,4.0
100000003221384100,coordinator,1.0,22,0.45597706034336954,7 курьеров выше по цепочке,1,0,511200.0,0.0,1,0,511200.0,0.0,1,0,0.00044820293531491734,0.0,2,False,False,False,7,
100000002156381100,coordinator,1.0,34,0.4702022703373063,8 курьеров выше по цепочке,2,1,61000.0,21800.0,2,1,61000.0,21800.0,7,3,0.0010807758307164093,0.35737704918032787,2,False,False,False,8,1.0
100000002779485100,coordinator,1.0,78,0.4507214967877803,7 курьеров выше по цепочке,1,0,91000.0,0.0,1,0,91000.0,0.0,2,0,0.0005469132844919467,0.0,2,False,False,False,7,
100000008774237100,peripheral,0.2,55,0.05533377077582585,"1 отправителей, 1 получателей",1,1,50000.0,10000.0,1,1,50000.0,10000.0,1,1,0.0003103490467286019,0.2,2,False,False,False,1,1.0
100000002628146100,coordinator,1.0,32,0.463298139033267,8 курьеров выше по цепочке,1,0,30500.0,0.0,1,0,30500.0,0.0,2,0,0.0003192156684704561,0.0,2,False,False,False,8,
100000002852402100,coordinator,1.0,22,0.4502712343222848,7 курьеров выше по цепочке,1,0,55000.0,0.0,1,0,55000.0,0.0,1,0,0.00032701738322827895,0.0,2,False,False,False,7,
100000006989106100,terminal,0.15771704576258655,30,0.2128837999386587,"вход 64,000, выход 0",1,0,64000.0,0.0,1,0,64000.0,0.0,2,0,0.0004956408524122075,0.0,2,False,False,False,1,
100000002958343100,peripheral,0.2,30,0.10823961047154848,"1 отправителей, 2 получателей",1,2,2900000.0,1390000.0,1,2,2900000.0,1390000.0,4,17,0.0006295066258876751,0.4793103448275862,2,False,False,False,1,2.5
100000008461532100,coordinator,1.0,82,0.49454827591861533,7 курьеров выше по цепочке,2,8,565300.0,2530090.0,2,8,565300.0,2530090.0,2,9,0.0007452506208527072,4.475658942154608,2,False,False,False,7,0.0
100000004400305100,distributor,1.0,52,0.49278972635159685,82 получателей,7,82,222800.0,5830181.0,7,82,222800.0,5830181.0,9,101,0.0003858174534932507,26.167778276481148,2,False,False,False,7,0.0
100000000297649100,coordinator,1.0,42,0.4642999730189945,8 курьеров выше по цепочке,1,1,40000.0,70600.0,1,1,40000.0,70600.0,1,2,0.0008091385858414708,1.765,2,False,False,False,8,8.0
100000003191430100,coordinator,1.0,22,0.45183464566081083,7 курьеров выше по цепочке,1,0,180000.0,0.0,1,0,180000.0,0.0,1,0,0.0005307375952815097,0.0,2,False,False,False,7,
100000003275398100,terminal,0.7392986520121245,55,0.21608566635996013,"вход 300,000, выход 20,000",1,1,300000.0,20000.0,1,1,300000.0,20000.0,1,1,0.000434247809285157,0.06666666666666667,2,False,False,False,1,
100000005203590100,terminal,0.22178959560363734,30,0.21320898949707212,"вход 90,000, выход 0",1,0,90000.0,0.0,1,0,90000.0,0.0,1,0,0.0003026270634147168,0.0,2,False,False,False,1,
100000008672603100,coordinator,1.0,4,0.46318182122968066,8 курьеров выше по цепочке,1,0,21200.0,0.0,1,0,21200.0,0.0,1,0,0.00029721303813419784,0.0,2,False,False,False,8,
100000000718427100,terminal,0.01478597304024249,47,0.2121583770775826,"вход 6,000, выход 0",1,0,6000.0,0.0,1,0,6000.0,0.0,1,0,0.00028760711808089006,0.0,2,False,False,False,1,
100000003104347100,coordinator,1.0,43,0.45521161415202716,7 курьеров выше по цепочке,1,1,418000.0,32000.0,1,1,418000.0,32000.0,1,1,0.00036431706006781635,0.07655502392344497,2,False,False,False,7,21.0
100000002974256100,terminal,0.017743167648290988,42,0.21217338582643244,"вход 7,200, выход 0",1,0,7200.0,0.0,1,0,7200.0,0.0,1,0,0.0005319059485796735,0.0,2,False,False,False,1,
100000007173936100,coordinator,1.0,48,0.44970840624041536,7 курьеров выше по цепочке,1,0,10000.0,0.0,1,0,10000.0,0.0,1,0,0.00028681863055512655,0.0,2,False,False,False,7,
100000002744581100,terminal,0.02957194608048498,30,0.21223342082183186,"вход 12,000, выход 0",1,0,12000.0,0.0,1,0,12000.0,0.0,1,0,0.00032495771137883774,0.0,2,False,False,False,1,
100000000596954100,coordinator,1.0,4,0.49168580890138314,10 курьеров выше по цепочке,1,2,120000.0,48100.0,1,2,120000.0,48100.0,1,2,0.0005156144546495897,0.4008333333333333,2,False,False,False,10,2.0
100000004950490100,terminal,0.02464328840040415,30,0.21220840624041543,"вход 10,000, выход 0",1,0,10000.0,0.0,1,0,10000.0,0.0,1,0,0.0003306416631354998,0.0,2,False,False,False,1,
100000008772058100,terminal,0.12321644200202075,47,0.21270869786874377,"вход 50,000, выход 0",1,0,50000.0,0.0,1,0,50000.0,0.0,1,0,0.000302551159747284,0.0,2,False,False,False,1,
100000000971908100,terminal,0.21932526676359693,30,0.21319648220636392,"вход 89,000, выход 0",1,0,89000.0,0.0,1,0,89000.0,0.0,1,0,0.0003024375326458565,0.0,2,False,False,False,1,
100000008687492100,terminal,0.03696493260060622,47,0.21227094269395647,"вход 15,000, выход 0",1,0,15000.0,0.0,1,0,15000.0,0.0,1,0,0.0002906638538762888,0.0,2,False,False,False,1,
100000003159641100,coordinator,1.0,76,0.47160774204074235,7 курьеров выше по цепочке,4,1,64000.0,197800.0,4,1,64000.0,197800.0,7,1,0.0003052153968344313,3.090625,2,False,False,False,7,4.0
100000005326681100,coordinator,1.0,22,0.4499739110075692,7 курьеров выше по цепочке,1,0,31228.0,0.0,1,0,31228.0,0.0,1,0,0.0002955041990377069,0.0,2,False,False,False,7,
100000006888238100,peripheral,0.2,8,0.05518368328732735,"1 отправителей, 1 получателей",1,1,18000.0,30000.0,1,1,18000.0,30000.0,1,1,0.0006097535591566922,1.6666666666666667,2,False,False,False,1,
100000001290243100,coordinator,1.0,22,0.44970840624041536,7 курьеров выше по цепочке,1,0,10000.0,0.0,1,0,10000.0,0.0,1,0,0.00031994897355357534,0.0,2,False,False,False,7,
100000008289539100,coordinator,1.0,22,0.4497698420523741,7 курьеров выше по цепочке,1,0,14912.0,0.0,1,0,14912.0,0.0,1,0,0.0002903134116978226,0.0,2,False,False,False,7,
100000000821507100,coordinator,1.0,48,0.45458624961661676,7 курьеров выше по цепочке,1,0,400000.0,0.0,1,0,400000.0,0.0,1,0,0.0003355427477307164,0.0,2,False,False,False,7,
100000003086040100,coordinator,1.0,52,0.4497146598857695,7 курьеров выше по цепочке,1,0,10500.0,0.0,1,0,10500.0,0.0,1,0,0.0005480623170204784,0.0,2,False,False,False,7,
100000002969048100,terminal,0.2673057492791838,30,0.21343999915645273,"вход 108,470, выход 0",1,0,108470.0,0.0,1,0,108470.0,0.0,1,0,0.00030612769671556627,0.0,2,False,False,False,1,
100000002826669100,coordinator,1.0,52,0.45158324911757586,7 курьеров выше по цепочке,1,0,159900.0,0.0,1,0,159900.0,0.0,4,0,0.0004762394546257399,0.0,2,False,False,False,7,
100000002293421100,coordinator,1.0,52,0.4569339749156557,7 курьеров выше по цепочке,2,2,41000.0,47000.0,2,2,41000.0,47000.0,6,5,0.0009748338691844299,1.146341463414634,2,False,False,False,7,2.0
100000004732589100,terminal,0.5606840976859953,59,0.21492899211526498,"вход 227,520, выход 0",1,0,227520.0,0.0,1,0,227520.0,0.0,1,0,0.0003939729265831237,0.0,2,False,False,False,1,
100000003003821100,coordinator,1.0,4,0.4900836249616616,10 курьеров выше по цепочке,1,0,40000.0,0.0,1,0,40000.0,0.0,1,0,0.0004379372905540045,0.0,2,False,False,False,10,
100000005237935150,terminal,0.08503905961211464,62,0.21251493492109222,"вход 34,508, выход 0",1,0,34508.0,0.0,1,0,34508.0,0.0,1,0,0.0002979773495560411,0.0,2,False,False,False,1,
100000004463277100,terminal,0.08625150940141453,26,0.21252108850812065,"вход 35,000, выход 0",1,0,35000.0,0.0,1,0,35000.0,0.0,1,0,0.000691924518979246,0.0,2,False,False,False,1,
100000006523053100,coordinator,1.0,4,0.4896458697868743,10 курьеров выше по цепочке,1,0,5000.0,0.0,1,0,5000.0,0.0,1,0,0.0005386541417252824,0.0,2,False,False,False,10,
100000001954903100,terminal,0.06682766948421598,59,0.21242250604275856,"вход 27,118, выход 0",1,0,27118.0,0.0,1,0,27118.0,0.0,1,0,0.000298489871320388,0.0,2,False,False,False,1,
100000005328215100,terminal,0.0665368786810912,59,0.21242103018245498,"вход 27,000, выход 0",1,0,27000.0,0.0,1,0,27000.0,0.0,1,0,0.00029843364932399574,0.0,2,False,False,False,1,
100000004424023100,coordinator,1.0,30,0.47812609360623126,9 курьеров выше по цепочке,1,1,50000.0,100000.0,1,1,50000.0,100000.0,1,1,0.0009717143911529612,2.0,2,False,False,False,9,
100000002299948100,coordinator,1.0,32,0.46300109087894703,8 курьеров выше по цепочке,1,0,6750.0,0.0,1,0,6750.0,0.0,1,0,0.00029301562294545036,0.0,2,False,False,False,8,
100000005105153100,coordinator,1.0,52,0.4499585520545795,7 курьеров выше по цепочке,1,0,30000.0,0.0,1,0,30000.0,0.0,1,0,0.0004010169668275689,0.0,2,False,False,False,7,
100000001985793100,terminal,1.0,30,0.21733639543078098,"вход 420,000, выход 0",1,0,420000.0,0.0,1,0,420000.0,0.0,1,0,0.0003726610761384928,0.0,2,False,False,False,1,
100000003134934100,coordinator,1.0,52,0.49974469075932176,9 курьеров выше по цепочке,4,0,379354.0,0.0,4,0,379354.0,0.0,4,0,0.0004244791138523046,0.0,2,False,False,False,9,
100000006240939100,peripheral,0.2,30,0.06631535962699367,"1 отправителей, 5 получателей",1,5,160000.0,778015.0,1,5,160000.0,778015.0,1,5,0.0003187471159015583,4.86259375,2,False,False,False,1,0.0
100000008656043100,terminal,0.06456541560905887,47,0.2124110243498884,"вход 26,200, выход 0",1,0,26200.0,0.0,1,0,26200.0,0.0,1,0,0.0002944677917550073,0.0,2,False,False,False,1,
100000002605184100,coordinator,1.0,22,0.4513343540324825,7 курьеров выше по цепочке,1,0,140000.0,0.0,1,0,140000.0,0.0,1,0,0.00039107352079071505,0.0,2,False,False,False,7,
100000003157333100,terminal,0.07392986520121245,30,0.2124585520545796,"вход 30,000, выход 0",1,0,30000.0,0.0,1,0,30000.0,0.0,1,0,0.00029125521728309953,0.0,2,False,False,False,1,
100000007898453100,coordinator,1.0,53,0.49389522180498824,10 курьеров выше по цепочке,1,2,24750.0,320000.0,1,2,24750.0,320000.0,1,2,0.0003330161085564525,12.929292929292929,2,False,False,False,10,1.0
100000002710570100,coordinator,1.0,61,0.45239766135204085,7 курьеров выше по цепочке,1,0,225015.0,0.0,1,0,225015.0,0.0,1,0,0.0005391306175502205,0.0,2,False,False,False,7,
100000004979498100,peripheral,0.2,38,0.06583989497072112,"1 отправителей, 1 получателей",1,1,700000.0,200000.0,1,1,700000.0,200000.0,2,1,0.0013189827666274718,0.2857142857142857,2,False,False,False,1,0.0
100000001541418100,coordinator,1.0,50,0.4570452898029587,7 курьеров выше по цепочке,2,0,96900.0,0.0,2,0,96900.0,0.0,2,0,0.00030353063860818737,0.0,2,False,False,False,7,
100000007797290100,coordinator,1.0,52,0.4510842082183183,7 курьеров выше по цепочке,1,1,100000.0,20000.0,1,1,100000.0,20000.0,1,1,0.0003011253761628506,0.2,2,False,False,False,7,9.0
100000008683818100,terminal,0.042879321816703224,47,0.21230096019165617,"вход 17,400, выход 0",1,0,17400.0,0.0,1,0,17400.0,0.0,1,0,0.0002914789834217285,0.0,2,False,False,False,1,
100000006567935100,coordinator,1.0,48,0.452084791474975,7 курьеров выше по цепочке,1,0,200000.0,0.0,1,0,200000.0,0.0,1,0,0.00031055602097400365,0.0,2,False,False,False,7,
100000002132479100,coordinator,1.0,83,0.4635420312020771,8 курьеров выше по цепочке,1,1,30000.0,20000.0,1,1,30000.0,20000.0,2,1,0.0006060232510344739,0.6666666666666666,2,False,False,False,8,7.0
100000002170580100,terminal,0.36964932600606226,59,0.21395942693956466,"вход 150,000, выход 0",1,0,150000.0,0.0,1,0,150000.0,0.0,1,0,0.0003570379336989844,0.0,2,False,False,False,1,
100000001232297100,coordinator,1.0,56,0.49020869786874377,10 курьеров выше по цепочке,1,2,5000.0,45000.0,1,2,5000.0,45000.0,1,2,0.0002921518328065597,9.0,2,False,False,False,10,3.0
100000002028158100,coordinator,1.0,22,0.45001858704997894,7 курьеров выше по цепочке,1,0,34800.0,0.0,1,0,34800.0,0.0,1,0,0.00029664059842346733,0.0,2,False,False,False,7,
100000005519998100,coordinator,1.0,87,0.46671103089537047,7 курьеров выше по цепочке,3,3,182000.0,188000.0,3,3,182000.0,188000.0,5,8,0.0006524582538824906,1.032967032967033,2,False,False,False,7,1.0
100000002335358100,coordinator,1.0,22,0.4513343540324825,7 курьеров выше по цепочке,1,0,140000.0,0.0,1,0,140000.0,0.0,2,0,0.0006124866171005886,0.0,2,False,False,False,7,
100000007289427100,terminal,0.030311244732497106,4,0.21223717300904432,"вход 12,300, выход 0",1,0,12300.0,0.0,1,0,12300.0,0.0,1,0,0.0003736269529532968,0.0,2,False,False,False,1,
100000004592467100,terminal,0.017250301880282905,4,0.21217088436829082,"вход 7,000, выход 0",1,0,7000.0,0.0,1,0,7000.0,0.0,1,0,0.0002866229494599162,0.0,2,False,False,False,1,
100000004993576100,coordinator,1.0,22,0.4516720508816041,7 курьеров выше по цепочке,1,0,167000.0,0.0,1,0,167000.0,0.0,1,0,0.00033869882876991924,0.0,2,False,False,False,7,
100000001648936100,terminal,0.2285418566253481,30,0.2132432594736126,"вход 92,740, выход 0",1,0,92740.0,0.0,1,0,92740.0,0.0,1,0,0.00030314637772139394,0.0,2,False,False,False,1,
100000008512552100,coordinator,1.0,54,0.4895536405040549,7 курьеров выше по цепочке,4,6,394360.0,1302275.0,4,6,394360.0,1302275.0,9,11,0.00042587881968055106,3.3022492139162187,2,False,False,False,7,0.0
100000007629096100,coordinator,1.0,25,0.4913514384704528,7 курьеров выше по цепочке,4,1,1075170.0,765205.0,4,1,1075170.0,765205.0,5,5,0.0024724059471072494,0.7117060557865268,2,False,False,False,7,1.0
100000001601320100,transit,0.6896551724137936,30,0.25445523730985964,"пропуск 1.06, связей 3",2,1,43500.0,46200.0,2,1,43500.0,46200.0,2,1,0.000811763739861756,1.0620689655172413,2,False,False,False,1,8.0
100000005782781100,coordinator,1.0,30,0.4987873615356062,7 курьеров выше по цепочке,6,10,171888.0,1263597.0,6,10,171888.0,1263597.0,10,10,0.0004875096527600848,7.351281066741134,2,False,False,False,7,0.0
100000002723538100,coordinator,1.0,4,0.47041501500944366,7 курьеров выше по цепочке,3,12,105647.0,560499.0,3,12,105647.0,560499.0,3,14,0.0003203131606128599,5.305394379395534,2,False,False,False,7,0.0
100000002340562100,terminal,0.0903176519874812,30,0.2125417255377892,"вход 36,650, выход 0",1,0,36650.0,0.0,1,0,36650.0,0.0,2,0,0.0005308569205030125,0.0,2,False,False,False,1,
100000005939154100,coordinator,1.0,22,0.44985849372891384,7 курьеров выше по цепочке,1,0,22000.0,0.0,1,0,22000.0,0.0,2,0,0.0002936966648040269,0.0,2,False,False,False,7,
100000004386258100,coordinator,1.0,42,0.4900219914650248,9 курьеров выше по цепочке,3,3,61700.0,40000.0,3,3,61700.0,40000.0,3,3,0.0005336690126056149,0.6482982171799028,2,False,False,False,9,0.0
100000008406609100,coordinator,1.0,35,0.46334191455074575,8 курьеров выше по цепочке,1,0,34000.0,0.0,1,0,34000.0,0.0,1,0,0.00043050382065094834,0.0,2,False,False,False,8,
100000007242833100,coordinator,1.0,42,0.4781573618330018,9 курьеров выше по цепочке,1,1,107500.0,45000.0,1,1,107500.0,45000.0,3,2,0.0005138001156911178,0.4186046511627907,2,False,False,False,9,1.0
100000004698193100,peripheral,0.2,30,0.06409398402096332,"2 отправителей, 3 получателей",2,3,222700.0,38000.0,2,3,222700.0,38000.0,15,5,0.0008254145941905158,0.17063313875168387,2,False,False,False,1,4.0
100000002733905100,peripheral,0.2,47,0.077312283458844,"3 отправителей, 2 получателей",3,2,100000.0,717839.0,3,2,100000.0,717839.0,5,3,0.0029169603294352297,7.17839,2,False,False,False,1,0.0
100000006912294100,peripheral,0.2,50,0.05503778686687225,"1 отправителей, 2 получателей",1,2,6335.09,30000.0,1,2,6335.09,30000.0,1,2,0.0004989220673206185,4.7355286191672095,2,False,False,False,1,
100000003036198100,coordinator,1.0,4,0.4497709426939564,7 курьеров выше по цепочке,1,0,15000.0,0.0,1,0,15000.0,0.0,1,0,0.0002879340067316298,0.0,2,False,False,False,7,
100000004687099100,terminal,0.07392986520121245,30,0.2124585520545796,"вход 30,000, выход 0",1,0,30000.0,0.0,1,0,30000.0,0.0,1,0,0.0003342247396399686,0.0,2,False,False,False,1,
100000005242320100,distributor,0.35,62,0.4355094222979701,21 получателей,2,21,365700.0,8936295.0,2,21,365700.0,8936295.0,2,29,0.000500124131418561,24.43613617719442,2,False,False,False,2,0.5
100000008762832100,peripheral,0.2,4,0.05752254664976236,"1 отправителей, 1 получателей",1,1,150000.0,85000.0,1,1,150000.0,85000.0,1,4,0.000308147620844976,0.5666666666666667,2,False,False,False,1,
100000002489253100,coordinator,1.0,22,0.4502212051594519,7 курьеров выше по цепочке,1,0,51000.0,0.0,1,0,51000.0,0.0,1,0,0.00030184449124919286,0.0,2,False,False,False,7,
100000004756901100,coordinator,1.0,22,0.4515000506197848,7 курьеров выше по цепочке,1,0,153248.0,0.0,1,0,153248.0,0.0,1,0,0.0003109522914570363,0.0,2,False,False,False,7,
100000008749989100,terminal,0.03942926144064664,47,0.2122834499846647,"вход 16,000, выход 0",1,0,16000.0,0.0,1,0,16000.0,0.0,1,0,0.00029100349118688865,0.0,2,False,False,False,1,
100000001380986100,terminal,0.17292195470563593,50,0.21296096992232835,"вход 70,170, выход 0",1,0,70170.0,0.0,1,0,70170.0,0.0,1,0,0.000292172266547817,0.0,2,False,False,False,1,
100000003089018100,terminal,0.5667956332092955,50,0.21496001019622135,"вход 230,000, выход 0",1,0,230000.0,0.0,1,0,230000.0,0.0,1,0,0.0003072122133568235,0.0,2,False,False,False,1,
100000008742266100,terminal,0.051750905640848714,47,0.21234598643820574,"вход 21,000, выход 0",1,0,21000.0,0.0,1,0,21000.0,0.0,1,0,0.00029270167773988795,0.0,2,False,False,False,1,
100000003044431100,coordinator,1.0,52,0.45658377077582585,7 курьеров выше по цепочке,2,0,60000.0,0.0,2,0,60000.0,0.0,2,0,0.00030245857854886894,0.0,2,False,False,False,7,
100000003321423100,coordinator,1.0,34,0.4641673957374875,8 курьеров выше по цепочке,1,0,100000.0,0.0,1,0,100000.0,0.0,2,0,0.0006711029646605617,0.0,2,False,False,False,8,
100000002540623100,terminal,0.2464328840040415,59,0.2133340624041542,"вход 100,000, выход 0",1,0,100000.0,0.0,1,0,100000.0,0.0,1,0,0.00033321505387175324,0.0,2,False,False,False,1,
100000004225615100,terminal,0.22178959560363734,50,0.21320898949707212,"вход 90,000, выход 0",1,0,90000.0,0.0,1,0,90000.0,0.0,2,0,0.0002940382625762384,0.0,2,False,False,False,1,
100000004820260100,coordinator,1.0,22,0.4552059858712085,7 курьеров выше по цепочке,1,3,234200.0,215350.0,1,3,234200.0,215350.0,12,10,0.0014014565775826975,0.9195132365499573,2,False,False,False,7,0.0
100000000795129100,coordinator,1.0,22,0.45373575384845855,7 курьеров выше по цепочке,1,0,332000.0,0.0,1,0,332000.0,0.0,1,0,0.0003911920814716179,0.0,2,False,False,False,7,
100000008213966100,coordinator,1.0,85,0.4698866820353475,7 курьеров выше по цепочке,3,1,187004.0,436900.0,3,1,187004.0,436900.0,7,8,0.0019335519524195824,2.336313661739856,2,False,False,False,7,1.0
100000008478414100,terminal,0.02464328840040415,47,0.21220840624041543,"вход 10,000, выход 0",1,0,10000.0,0.0,1,0,10000.0,0.0,1,0,0.00028896566732328953,0.0,2,False,False,False,1,
100000001330595100,peripheral,0.2,55,0.07009759039401162,"3 отправителей, 1 получателей",3,1,87000.0,154000.0,3,1,87000.0,154000.0,6,1,0.0006755694259219613,1.7701149425287357,2,False,False,False,1,11.5
100000000076451100,coordinator,1.0,22,0.4639057331405543,7 курьеров выше по цепочке,3,4,87707.0,58000.0,3,4,87707.0,58000.0,4,4,0.0013962008641423944,0.661292713238396,2,False,False,False,7,5.0
100000005664632100,coordinator,1.0,41,0.49206753141379767,10 курьеров выше по цепочке,1,0,198620.0,0.0,1,0,198620.0,0.0,18,0,0.00036514203992280307,0.0,2,False,False,False,10,
100000002457464100,coordinator,1.0,4,0.46375024007049664,8 курьеров выше по цепочке,1,0,66647.0,0.0,1,0,66647.0,0.0,1,0,0.0003221740395394653,0.0,2,False,False,False,8,
100000002757240100,coordinator,1.0,4,0.4768901606603182,9 курьеров выше по цепочке,1,0,51183.0,0.0,1,0,51183.0,0.0,1,0,0.00031684650947480416,0.0,2,False,False,False,9,
100000003718221100,coordinator,1.0,43,0.4655077226961327,7 курьеров выше по цепочке,2,4,350000.0,423500.0,2,4,350000.0,423500.0,6,8,0.001043468286601379,1.21,2,False,False,False,7,1.0
100000008629581100,coordinator,1.0,4,0.4635943617064002,8 курьеров выше по цепочке,1,0,54184.0,0.0,1,0,54184.0,0.0,1,0,0.00031532894612265345,0.0,2,False,False,False,8,
100000004806903100,coordinator,1.0,4,0.48980846456608107,10 курьеров выше по цепочке,1,0,18000.0,0.0,1,0,18000.0,0.0,1,0,0.0005335389049993343,0.0,2,False,False,False,10,
100000000913911100,coordinator,1.0,4,0.46917861251899196,7 курьеров выше по цепочке,2,1,467000.0,600000.0,2,1,467000.0,600000.0,2,1,0.0004594431862388912,1.284796573875803,2,False,False,False,7,3.0
100000004905207100,coordinator,1.0,83,0.5076694371357859,11 курьеров выше по цепочке,1,0,380000.0,0.0,1,0,380000.0,0.0,1,0,0.00043470347319123927,0.0,2,False,False,False,11,
100000003831201100,coordinator,1.0,52,0.4500898786070157,7 курьеров выше по цепочке,1,0,40500.0,0.0,1,0,40500.0,0.0,3,0,0.0005343335334517985,0.0,2,False,False,False,7,
100000003073398100,terminal,0.229084008970157,30,0.2132460110775684,"вход 92,960, выход 0",1,0,92960.0,0.0,1,0,92960.0,0.0,1,0,0.0003031880744905432,0.0,2,False,False,False,1,
100000008418934100,terminal,0.8871583824145494,50,0.21658595798828847,"вход 360,000, выход 0",1,0,360000.0,0.0,1,0,360000.0,0.0,1,0,0.00031944516765308105,0.0,2,False,False,False,1,
100000002741024100,coordinator,1.0,25,0.4902545914959039,7 курьеров выше по цепочке,5,6,817980.85,434989.0,5,6,817980.85,434989.0,9,7,0.0028551865328902163,0.5317838431058625,2,False,False,False,7,1.5
100000008106997100,coordinator,1.0,52,0.45653624307113466,7 курьеров выше по цепочке,2,1,35600.0,20600.0,2,1,35600.0,20600.0,2,1,0.0003053704876347346,0.5786516853932584,2,False,False,False,7,0.0
100000007998965100,coordinator,1.0,59,0.4917188830419621,8 курьеров выше по цепочке,5,1,278000.0,26000.0,5,1,278000.0,26000.0,7,3,0.00047192179072512604,0.09352517985611511,2,False,False,False,8,6.0
100000001822623100,coordinator,1.0,43,0.45210105095289566,7 курьеров выше по цепочке,1,0,201300.0,0.0,1,0,201300.0,0.0,1,0,0.0003234925604032018,0.0,2,False,False,False,7,
100000006424479100,coordinator,1.0,56,0.49858858264324357,10 курьеров выше по цепочке,1,2,500000.0,220000.0,1,2,500000.0,220000.0,2,3,0.0009438231531441734,0.44,2,False,False,False,10,14.0
100000008696692100,terminal,0.046822247960767886,47,0.2123209718567893,"вход 19,000, выход 0",1,0,19000.0,0.0,1,0,19000.0,0.0,1,0,0.00029202240311868824,0.0,2,False,False,False,1,
100000002748532100,coordinator,1.0,60,0.5012855571852092,9 курьеров выше по цепочке,3,2,355575.0,646685.0,3,2,355575.0,646685.0,3,7,0.0003391055199443405,1.8187021022287844,2,False,False,False,9,3.5
100000004456564100,coordinator,1.0,83,0.4630417395737487,8 курьеров выше по цепочке,1,0,10000.0,0.0,1,0,10000.0,0.0,2,0,0.00039238727982301855,0.0,2,False,False,False,8,
100000001530740100,coordinator,1.0,22,0.4497709426939564,7 курьеров выше по цепочке,1,0,15000.0,0.0,1,0,15000.0,0.0,1,0,0.0005298197024409161,0.0,2,False,False,False,7,
100000001386612100,coordinator,1.0,35,0.4503620872819892,7 курьеров выше по цепочке,1,0,62264.0,0.0,1,0,62264.0,0.0,1,0,0.0004337700956812129,0.0,2,False,False,False,7,
100000003360542100,coordinator,1.0,34,0.513779355479854,11 курьеров выше по цепочке,2,2,317000.0,51800.0,2,2,317000.0,51800.0,3,5,0.0014564325480065504,0.16340694006309148,2,False,False,False,11,1.5
100000008352542100,coordinator,1.0,4,0.49021144947269957,10 курьеров выше по цепочке,1,0,50220.0,0.0,1,0,50220.0,0.0,1,0,0.00033147541987125204,0.0,2,False,False,False,10,
100000001138376100,coordinator,1.0,22,0.4497746948811689,7 курьеров выше по цепочке,1,0,15300.0,0.0,1,0,15300.0,0.0,1,0,0.00029043685037690294,0.0,2,False,False,False,7,
100000003246024100,coordinator,1.0,52,0.4499585520545795,7 курьеров выше по цепочке,1,1,25000.0,5000.0,1,1,25000.0,5000.0,1,1,0.0003713400564301804,0.2,2,False,False,False,7,0.0
100000002680477100,terminal,0.06160822100101038,62,0.21239601560103857,"вход 25,000, выход 0",1,0,25000.0,0.0,1,0,25000.0,0.0,1,0,0.00029455855419957777,0.0,2,False,False,False,1,
100000005882013100,coordinator,1.0,56,0.4976468904860236,10 курьеров выше по цепочке,2,1,135000.0,10000.0,2,1,135000.0,10000.0,3,1,0.0005264244942722106,0.07407407407407407,2,False,False,False,10,1.0
100000005665181100,coordinator,1.0,90,0.4711776538351592,7 курьеров выше по цепочке,4,11,45498.0,181915.0,4,11,45498.0,181915.0,5,11,0.0003985397345805535,3.998307617917271,2,False,False,False,7,5.0
100000008141170100,coordinator,1.0,22,0.4497209135311236,7 курьеров выше по цепочке,1,0,11000.0,0.0,1,0,11000.0,0.0,1,0,0.0006219001408928704,0.0,2,False,False,False,7,
100000001382002100,coordinator,1.0,52,0.45097789624729856,7 курьеров выше по цепочке,1,1,55000.0,56500.0,1,1,55000.0,56500.0,2,3,0.0006633074267595731,1.0272727272727273,2,False,False,False,7,4.0
100000002481735100,coordinator,1.0,22,0.4498639469076626,7 курьеров выше по цепочке,1,0,22436.0,0.0,1,0,22436.0,0.0,2,0,0.00036270354277617874,0.0,2,False,False,False,7,
100000000806727100,coordinator,1.0,4,0.5035420312020771,11 курьеров выше по цепочке,1,1,45000.0,5000.0,1,1,45000.0,5000.0,1,1,0.0003458595620044754,0.1111111111111111,2,False,False,False,11,21.0
100000003039473100,coordinator,1.0,22,0.4498710010196221,7 курьеров выше по цепочке,1,0,23000.0,0.0,1,0,23000.0,0.0,1,0,0.0003122138956605188,0.0,2,False,False,False,7,
100000005205745100,coordinator,1.0,30,0.44965837707758255,7 курьеров выше по цепочке,1,0,6000.0,0.0,1,0,6000.0,0.0,1,0,0.0003122614004459651,0.0,2,False,False,False,7,
100000004356593100,coordinator,1.0,4,0.4503337707758258,7 курьеров выше по цепочке,1,1,50000.0,10000.0,1,1,50000.0,10000.0,1,1,0.00029345166926508727,0.2,2,False,False,False,7,7.0
100000008688881100,terminal,0.10895044234702679,47,0.21263629316283397,"вход 44,211, выход 0",1,0,44211.0,0.0,1,0,44211.0,0.0,1,0,0.0003005849993562214,0.0,2,False,False,False,1,
100000008111003100,coordinator,1.0,52,0.48405666226549,7 курьеров выше по цепочке,6,1,222716.0,35000.0,6,1,222716.0,35000.0,9,1,0.00046962170073524596,0.15715081089818422,2,False,False,False,7,5.0
100000003016773100,coordinator,1.0,67,0.4768322769189206,9 курьеров выше по цепочке,1,0,46555.0,0.0,1,0,46555.0,0.0,1,0,0.00031479566469907517,0.0,2,False,False,False,9,
100000004674799100,coordinator,1.0,52,0.4513343540324825,7 курьеров выше по цепочке,1,0,140000.0,0.0,1,0,140000.0,0.0,5,0,0.0007906731933061705,0.0,2,False,False,False,7,
100000005834479100,coordinator,1.0,78,0.44985811851019264,7 курьеров выше по цепочке,1,2,7500.0,14470.0,1,2,7500.0,14470.0,1,2,0.00028675165047446034,1.9293333333333333,2,False,False,False,7,
100000003278020100,coordinator,1.0,52,0.4519597185678929,7 курьеров выше по цепочке,1,0,190000.0,0.0,1,0,190000.0,0.0,1,0,0.0003245512930395254,0.0,2,False,False,False,7,
100000000831684100,peripheral,0.2,42,0.05539630722936689,"1 отправителей, 1 получателей",1,1,15000.0,50000.0,1,1,15000.0,50000.0,2,3,0.0018906089223340397,3.3333333333333335,2,False,False,False,1,0.0
100000000307908100,terminal,0.012321644200202075,33,0.21214586978687439,"вход 5,000, выход 0",1,0,5000.0,0.0,1,0,5000.0,0.0,1,0,0.0002964337747494595,0.0,2,False,False,False,1,
100000001782980100,peripheral,0.2,26,0.06266554458897776,"1 отправителей, 1 получателей",1,1,50000.0,596200.0,1,1,50000.0,596200.0,1,3,0.0003702831507848959,11.924,2,False,False,False,1,10.0
100000002454724100,coordinator,1.0,48,0.45114674467185933,7 курьеров выше по цепочке,1,0,125000.0,0.0,1,0,125000.0,0.0,3,0,0.00030118599844023634,0.0,2,False,False,False,7,
100000005904580100,coordinator,1.0,42,0.45673385826432433,7 курьеров выше по цепочке,2,0,72000.0,0.0,2,0,72000.0,0.0,2,0,0.0005227099859368698,0.0,2,False,False,False,7,
100000008474308100,coordinator,1.0,52,0.4498835083103303,7 курьеров выше по цепочке,1,1,14000.0,10000.0,1,1,14000.0,10000.0,2,1,0.0004450220360099154,0.7142857142857143,2,False,False,False,7,
100000000795033100,coordinator,1.0,52,0.44981096602422266,7 курьеров выше по цепочке,1,0,18200.0,0.0,1,0,18200.0,0.0,1,0,0.0005330176535576376,0.0,2,False,False,False,7,
100000000861294100,terminal,0.36964932600606226,30,0.21395942693956466,"вход 150,000, выход 0",1,0,150000.0,0.0,1,0,150000.0,0.0,1,0,0.00031399890954633404,0.0,2,False,False,False,1,
100000006557763100,coordinator,1.0,4,0.48970840624041534,10 курьеров выше по цепочке,1,0,10000.0,0.0,1,0,10000.0,0.0,1,0,0.0003471751881752853,0.0,2,False,False,False,10,
100000005608515100,terminal,0.15771704576258655,30,0.2128837999386587,"вход 64,000, выход 0",1,0,64000.0,0.0,1,0,64000.0,0.0,4,0,0.0002931596353300166,0.0,2,False,False,False,1,
100000003922499100,terminal,0.12321644200202075,42,0.21270869786874377,"вход 50,000, выход 0",1,0,50000.0,0.0,1,0,50000.0,0.0,1,0,0.0005352399237782651,0.0,2,False,False,False,1,
100000008603629100,distributor,1.0,78,0.5771761353458398,61 получателей,19,61,1817300.0,4986156.0,19,61,1817300.0,4986156.0,45,74,0.0011918072731347837,2.7437165025037142,2,False,False,False,7,0.0
100000004825069100,terminal,0.07392986520121245,47,0.2124585520545796,"вход 30,000, выход 0",1,0,30000.0,0.0,1,0,30000.0,0.0,4,0,0.00029575841353528677,0.0,2,False,False,False,1,
100000004331458100,terminal,0.6160822100101038,57,0.22146015601038552,"вход 250,000, выход 0",2,0,250000.0,0.0,2,0,250000.0,0.0,2,0,0.0013234381164598692,0.0,2,False,False,False,1,
100000002911170100,coordinator,1.0,48,0.4533355205457959,7 курьеров выше по цепочке,1,0,300000.0,0.0,1,0,300000.0,0.0,2,0,0.00032304938435236,0.0,2,False,False,False,7,
100000008011159100,coordinator,1.0,69,0.46853755810852515,7 курьеров выше по цепочке,3,5,363000.0,153037.0,3,5,363000.0,153037.0,6,5,0.0004861091667224926,0.4215895316804408,2,False,False,False,7,7.0
100000003854444100,coordinator,1.0,64,0.4812631625337714,7 курьеров выше по цепочке,1,14,210000.0,2322909.0,1,14,210000.0,2322909.0,4,14,0.00046676162714719263,11.061471428571428,2,False,False,False,7,1.5
100000008547948100,distributor,0.43333333333333335,73,0.4916843363416147,26 получателей,6,26,212665.0,5185600.0,6,26,212665.0,5185600.0,7,31,0.0004277037249167612,24.383890155878966,2,False,False,False,8,0.0
100000005175148100,coordinator,1.0,22,0.45700901865990495,7 курьеров выше по цепочке,2,1,79000.0,15000.0,2,1,79000.0,15000.0,4,1,0.0007181459635567832,0.189873417721519,2,False,False,False,7,1.0
100000002087788100,coordinator,1.0,90,0.45084031604950825,7 курьеров выше по цепочке,1,0,100500.0,0.0,1,0,100500.0,0.0,1,0,0.0006585724738436675,0.0,2,False,False,False,7,
100000004150593100,coordinator,1.0,22,0.46119216281351777,7 курьеров выше по цепочке,1,11,57000.0,871165.0,1,11,57000.0,871165.0,2,16,0.0003066265725556523,15.28359649122807,2,False,False,False,7,0.0
100000001597505100,coordinator,1.0,32,0.4634092037747559,8 курьеров выше по цепочке,1,1,26460.0,12920.0,1,1,26460.0,12920.0,1,1,0.00031475890283167617,0.48828420256991684,2,False,False,False,8,
100000007629121100,coordinator,1.0,4,0.4899460447638714,10 курьеров выше по цепочке,1,0,29000.0,0.0,1,0,29000.0,0.0,1,0,0.0003960360915614083,0.0,2,False,False,False,10,
100000005614315100,coordinator,1.0,22,0.4552741506055682,7 курьеров выше по цепочке,1,0,455000.0,0.0,1,0,455000.0,0.0,1,0,0.0005750924282981935,0.0,2,False,False,False,7,
100000008324800100,coordinator,1.0,90,0.47505964744309975,7 курьеров выше по цепочке,3,1,526500.0,511000.0,3,1,526500.0,511000.0,17,13,0.0018517826355651504,0.9705603038936372,2,False,False,False,7,0.0
100000005030592100,coordinator,1.0,22,0.44970840624041536,7 курьеров выше по цепочке,1,0,10000.0,0.0,1,0,10000.0,0.0,1,0,0.0002887507034719393,0.0,2,False,False,False,7,
100000001633685100,coordinator,1.0,52,0.4626461614152027,7 курьеров выше по цепочке,3,0,45000.0,0.0,3,0,45000.0,0.0,3,0,0.0003061866332400334,0.0,2,False,False,False,7,
100000001848426100,terminal,0.23541733408906085,30,0.2132781548146885,"вход 95,530, выход 0",1,0,95530.0,0.0,1,0,95530.0,0.0,1,0,0.0003036751685665142,0.0,2,False,False,False,1,
100000004580202100,coordinator,1.0,43,0.45025872703157654,7 курьеров выше по цепочке,1,3,9000.0,45000.0,1,3,9000.0,45000.0,1,4,0.00032162328322811565,5.0,2,False,False,False,7,2.0
100000008717375100,coordinator,1.0,4,0.46328570678630304,8 курьеров выше по цепочке,1,0,29506.0,0.0,1,0,29506.0,0.0,1,0,0.0003017749691235294,0.0,2,False,False,False,8,
100000007861311100,terminal,0.11089479780181867,30,0.21264616141520273,"вход 45,000, выход 0",1,0,45000.0,0.0,1,0,45000.0,0.0,1,0,0.0003585524623513075,0.0,2,False,False,False,1,
100000005578559100,distributor,0.35,59,0.39864284608680917,21 получателей,2,21,131000.0,893163.67,2,21,131000.0,893163.67,2,23,0.0003910151132301349,6.818043282442749,2,False,False,False,7,0.0
100000008764436100,terminal,0.03228270780452944,47,0.21224717884161087,"вход 13,100, выход 0",1,0,13100.0,0.0,1,0,13100.0,0.0,1,0,0.00029001854298614906,0.0,2,False,False,False,1,
100000000190228100,coordinator,1.0,50,0.4633364113428341,8 курьеров выше по цепочке,1,1,5000.0,28560.0,1,1,5000.0,28560.0,1,1,0.0005820068181865647,5.712,2,False,False,False,8,
100000003971049100,coordinator,1.0,52,0.45028249088392214,7 курьеров выше по цепочке,1,0,55900.0,0.0,1,0,55900.0,0.0,7,0,0.00029426514402485876,0.0,2,False,False,False,7,
100000008743913100,coordinator,1.0,60,0.5137633306873465,9 курьеров выше по цепочке,3,13,149300.0,1850600.0,3,13,149300.0,1850600.0,3,13,0.00033210781237653756,12.395177494976558,2,False,False,False,9,0.0
100000004400361100,coordinator,1.0,22,0.44970840624041536,7 курьеров выше по цепочке,1,0,10000.0,0.0,1,0,10000.0,0.0,1,0,0.0002872256288669924,0.0,2,False,False,False,7,
100000002175422100,coordinator,1.0,61,0.483216752355505,7 курьеров выше по цепочке,3,6,68500.0,1621188.0,3,6,68500.0,1621188.0,5,14,0.0008458861317816028,23.66697810218978,2,False,False,False,7,1.0
100000004544958100,coordinator,1.0,34,0.4653080606500761,8 курьеров выше по цепочке,1,2,168000.0,23200.0,1,2,168000.0,23200.0,3,2,0.001214607508891017,0.1380952380952381,2,False,False,False,8,2.0
100000008466579100,coordinator,1.0,67,0.49380542901188373,8 курьеров выше по цепочке,2,17,36952.0,1933000.0,2,17,36952.0,1933000.0,2,20,0.0003534138885849357,52.31110630006495,2,False,False,False,8,0.5
100000001184915100,coordinator,1.0,22,0.4520972987656832,7 курьеров выше по цепочке,1,0,201000.0,0.0,1,0,201000.0,0.0,2,0,0.00034951562023572384,0.0,2,False,False,False,7,
100000004435304100,terminal,0.06456541560905887,47,0.2124110243498884,"вход 26,200, выход 0",1,0,26200.0,0.0,1,0,26200.0,0.0,1,0,0.0002944677917550073,0.0,2,False,False,False,1,
100000008762728100,coordinator,1.0,22,0.44979628246493125,7 курьеров выше по цепочке,1,0,17026.0,0.0,1,0,17026.0,0.0,1,0,0.00031770106594377663,0.0,2,False,False,False,7,
100000004285800100,coordinator,1.0,52,0.4898334791474974,10 курьеров выше по цепочке,1,1,5000.0,15000.0,1,1,5000.0,15000.0,1,1,0.0003442181347833002,3.0,2,False,False,False,10,
100000008557672100,terminal,0.12106015426698538,47,0.2126977539893741,"вход 49,125, выход 0",1,0,49125.0,0.0,1,0,49125.0,0.0,1,0,0.0003022539771005091,0.0,2,False,False,False,1,
100000005142589100,coordinator,1.0,52,0.45020869786874373,7 курьеров выше по цепочке,1,0,50000.0,0.0,1,0,50000.0,0.0,2,0,0.0003103697710860754,0.0,2,False,False,False,7,
100000003747133100,coordinator,1.0,46,0.48067523440399906,7 курьеров выше по цепочке,5,2,237068.0,250000.0,5,2,237068.0,250000.0,8,2,0.0003780707341340088,1.0545497494389795,2,False,False,False,7,3.0
100000003289405100,terminal,0.8748367382143474,4,0.2165234215347474,"вход 355,000, выход 0",1,0,355000.0,0.0,1,0,355000.0,0.0,1,0,0.00033900466723614563,0.0,2,False,False,False,1,
100000002691858100,coordinator,1.0,32,0.4635607921381394,8 курьеров выше по цепочке,1,0,51500.0,0.0,1,0,51500.0,0.0,1,0,0.000342382024513619,0.0,2,False,False,False,8,
100000007534354100,peripheral,0.2,59,0.057057400508324085,"1 отправителей, 3 получателей",1,3,50000.0,147810.0,1,3,50000.0,147810.0,1,3,0.00030354781418186465,2.9562,2,False,False,False,1,
100000000765628100,coordinator,1.0,22,0.4496458697868743,7 курьеров выше по цепочке,1,0,5000.0,0.0,1,0,5000.0,0.0,1,0,0.0003154241694621746,0.0,2,False,False,False,7,
100000004962193100,consolidator,0.3333333333333333,52,0.46959574838277257,8 отправителей,8,0,900468.0,0.0,8,0,900468.0,0.0,11,0,0.0006573150442725716,0.0,2,False,False,False,7,
100000005032294100,coordinator,1.0,83,0.4630417395737487,8 курьеров выше по цепочке,1,0,10000.0,0.0,1,0,10000.0,0.0,1,0,0.00039238727982301855,0.0,2,False,False,False,8,
100000001251686100,coordinator,1.0,4,0.4764751312327477,9 курьеров выше по цепочке,1,0,18000.0,0.0,1,0,18000.0,0.0,1,0,0.0002965688423999929,0.0,2,False,False,False,9,
100000002398779100,consolidator,0.5416666666666666,52,0.5174462612094856,13 отправителей,13,1,1095690.0,66000.0,13,1,1095690.0,66000.0,28,3,0.0016005031258790243,0.06023601566136407,2,False,False,False,8,0.0
100000008512827100,coordinator,1.0,62,0.5144205763067722,9 курьеров выше по цепочке,3,10,107949.0,1944500.0,3,10,107949.0,1944500.0,3,10,0.0003352561979240575,18.01313583266172,2,False,False,False,9,1.0
100000003943483100,coordinator,1.0,42,0.4630417395737487,8 курьеров выше по цепочке,1,0,10000.0,0.0,1,0,10000.0,0.0,1,0,0.0003289649862338494,0.0,2,False,False,False,8,
100000005031696100,coordinator,1.0,68,0.49108420821831833,10 курьеров выше по цепочке,1,2,5000.0,115000.0,1,2,5000.0,115000.0,1,3,0.0005397118809391454,23.0,2,False,False,False,10,2.0
100000002703376100,coordinator,1.0,52,0.4501649348585557,7 курьеров выше по цепочке,1,0,46501.0,0.0,1,0,46501.0,0.0,1,0,0.00029280302788279564,0.0,2,False,False,False,7,
100000003617552100,terminal,0.06160822100101038,26,0.21239601560103857,"вход 25,000, выход 0",1,0,25000.0,0.0,1,0,25000.0,0.0,1,0,0.0005510452542740759,0.0,2,False,False,False,1,
100000007617808100,coordinator,1.0,22,0.45521161415202716,7 курьеров выше по цепочке,1,0,450000.0,0.0,1,0,450000.0,0.0,1,0,0.0003601043534538582,0.0,2,False,False,False,7,
100000002613776100,coordinator,1.0,52,0.4499585520545795,7 курьеров выше по цепочке,1,0,30000.0,0.0,1,0,30000.0,0.0,2,0,0.00030148630332664647,0.0,2,False,False,False,7,
100000002578405100,distributor,1.0,63,0.3597235343296641,116 получателей,2,116,1200351.0,3108352.0,2,116,1200351.0,3108352.0,7,120,0.0005700071256448129,2.589535894084314,2,False,False,False,1,0.0
100000006161893100,coordinator,1.0,22,0.4497584354032482,7 курьеров выше по цепочке,1,0,14000.0,0.0,1,0,14000.0,0.0,1,0,0.0005318535188146678,0.0,2,False,False,False,7,
100000002633701100,terminal,0.6576061509647847,50,0.21542090385881882,"вход 266,850, выход 0",1,0,266850.0,0.0,1,0,266850.0,0.0,1,0,0.00031067978540157034,0.0,2,False,False,False,1,
100000002432143100,coordinator,1.0,4,0.4772669678074844,9 курьеров выше по цепочке,1,0,81310.0,0.0,1,0,81310.0,0.0,1,0,0.00033525669770259663,0.0,2,False,False,False,9,
100000000490383100,coordinator,1.0,22,0.4686368409821669,7 курьеров выше по цепочке,3,8,62600.0,461375.0,3,8,62600.0,461375.0,3,9,0.0005480373500605439,7.37020766773163,2,False,False,False,7,8.0
100000005809252100,coordinator,1.0,90,0.4498960156010385,7 курьеров выше по цепочке,1,0,25000.0,0.0,1,0,25000.0,0.0,1,0,0.000567128634229815,0.0,2,False,False,False,7,
100000006612238100,peripheral,0.2,47,0.056897182114351935,"1 отправителей, 1 получателей",1,1,160000.0,25000.0,1,1,160000.0,25000.0,1,1,0.00033991126391326877,0.15625,2,False,False,False,1,0.0
100000002593038100,coordinator,1.0,42,0.4632731244518506,8 курьеров выше по цепочке,1,0,28500.0,0.0,1,0,28500.0,0.0,1,0,0.0006586124144995191,0.0,2,False,False,False,8,
100000002947299100,coordinator,1.0,4,0.4773131197101977,9 курьеров выше по цепочке,1,0,85000.0,0.0,1,0,85000.0,0.0,1,0,0.0003375116050800505,0.0,2,False,False,False,9,
100000004336312100,coordinator,1.0,87,0.46412283469266735,7 курьеров выше по цепочке,3,2,90415.0,72650.0,3,2,90415.0,72650.0,7,3,0.0006960070275624514,0.8035171155228668,2,False,False,False,7,3.0
100000001308856100,terminal,0.0665368786810912,47,0.21242103018245498,"вход 27,000, выход 0",1,0,27000.0,0.0,1,0,27000.0,0.0,1,0,0.0002947395016034872,0.0,2,False,False,False,1,
100000008238989100,coordinator,1.0,43,0.452084791474975,7 курьеров выше по цепочке,1,0,200000.0,0.0,1,0,200000.0,0.0,2,0,0.000323247651083571,0.0,2,False,False,False,7,
100000005561741100,coordinator,1.0,59,0.47656268226770515,9 курьеров выше по цепочке,1,0,25000.0,0.0,1,0,25000.0,0.0,1,0,0.00032984571931941946,0.0,2,False,False,False,9,
100000006248077100,coordinator,1.0,22,0.45020869786874373,7 курьеров выше по цепочке,1,0,50000.0,0.0,1,0,50000.0,0.0,1,0,0.00029385096746579835,0.0,2,False,False,False,7,
100000000646541100,coordinator,1.0,52,0.462399767788251,7 курьеров выше по цепочке,3,0,25300.0,0.0,3,0,25300.0,0.0,4,0,0.0005058630830440054,0.0,2,False,False,False,7,
100000006595426100,coordinator,1.0,52,0.4506439515853894,7 курьеров выше по цепочке,1,0,84800.0,0.0,1,0,84800.0,0.0,3,0,0.00033431978040964773,0.0,2,False,False,False,7,
100000002956898100,coordinator,1.0,22,0.45946344938848377,7 курьеров выше по цепочке,2,0,290240.0,0.0,2,0,290240.0,0.0,2,0,0.000376841314812201,0.0,2,False,False,False,7,
100000001262647100,coordinator,1.0,22,0.44987913075858244,7 курьеров выше по цепочке,1,0,23650.0,0.0,1,0,23650.0,0.0,1,0,0.00030339197249201576,0.0,2,False,False,False,7,
100000005849100100,coordinator,1.0,4,0.4899998261139167,10 курьеров выше по цепочке,1,0,33300.0,0.0,1,0,33300.0,0.0,1,0,0.0004907169210974125,0.0,2,False,False,False,10,
100000000533217100,coordinator,1.0,52,0.45025356152051405,7 курьеров выше по цепочке,1,0,53587.0,0.0,1,0,53587.0,0.0,1,0,0.0006536029907362595,0.0,2,False,False,False,7,
100000002812641100,coordinator,1.0,50,0.46312959015831867,8 курьеров выше по цепочке,1,1,10000.0,7023.95,1,1,10000.0,7023.95,1,1,0.0020638538513460323,0.702395,2,False,False,False,8,1.0
100000008647905100,coordinator,1.0,64,0.4545139824909047,7 курьеров выше по цепочке,1,2,50000.0,344222.0,1,2,50000.0,344222.0,1,2,0.0003287103258672675,6.88444,2,False,False,False,7,1.0
100000002842337100,terminal,0.12321644200202075,30,0.21270869786874377,"вход 50,000, выход 0",1,0,50000.0,0.0,1,0,50000.0,0.0,1,0,0.0003666617032550871,0.0,2,False,False,False,1,
100000002445750100,coordinator,1.0,52,0.45058391658999,7 курьеров выше по цепочке,1,1,70000.0,10000.0,1,1,70000.0,10000.0,1,1,0.0005372906870343848,0.14285714285714285,2,False,False,False,7,
100000005619339100,coordinator,1.0,22,0.4497139419672828,7 курьеров выше по цепочке,1,1,5000.0,5442.6,1,1,5000.0,5442.6,1,1,0.0003208258534858518,1.0885200000000002,2,False,False,False,7,
100000006844768100,coordinator,1.0,52,0.45546175996619137,7 курьеров выше по цепочке,1,2,282000.0,188000.0,1,2,282000.0,188000.0,5,5,0.0013707774167539043,0.6666666666666666,2,False,False,False,7,3.0
100000002488629100,terminal,0.1800192217649523,30,0.212996990919568,"вход 73,050, выход 0",1,0,73050.0,0.0,1,0,73050.0,0.0,1,0,0.00029941451688253495,0.0,2,False,False,False,1,
100000002796853100,peripheral,0.2,27,0.057649716028912966,"1 отправителей, 1 получателей",1,1,199000.0,46167.62,1,1,199000.0,46167.62,8,5,0.002113598432710708,0.23199809045226133,2,False,False,False,1,1.0
100000006755850100,coordinator,1.0,90,0.5084633474193221,11 курьеров выше по цепочке,1,0,443475.8,0.0,1,0,443475.8,0.0,3,0,0.0006492085817124323,0.0,2,False,False,False,11,
100000008733194100,coordinator,1.0,56,0.47347531818200134,7 курьеров выше по цепочке,4,8,251424.0,159695.0,4,8,251424.0,159695.0,4,8,0.00047072559440912876,0.6351621165839378,2,False,False,False,7,0.0
100000001904863100,coordinator,1.0,83,0.5091703120207709,11 курьеров выше по цепочке,1,0,500000.0,0.0,1,0,500000.0,0.0,1,0,0.0004817984770777493,0.0,2,False,False,False,11,
100000001641951100,coordinator,1.0,4,0.5032293489343718,11 курьеров выше по цепочке,1,0,25000.0,0.0,1,0,25000.0,0.0,4,0,0.0003190638874323934,0.0,2,False,False,False,11,
100000004816564100,coordinator,1.0,22,0.4532164511382537,7 курьеров выше по цепочке,1,1,285480.0,5000.0,1,1,285480.0,5000.0,1,1,0.0003763921656189936,0.01751436177665686,2,False,False,False,7,1.0
100000002205022100,coordinator,1.0,36,0.49615091168421366,10 курьеров выше по цепочке,1,3,7100.0,518000.0,1,3,7100.0,518000.0,1,3,0.0005456370301467019,72.95774647887323,2,False,False,False,10,2.0
100000002267998100,coordinator,1.0,43,0.4750320245704336,7 курьеров выше по цепочке,2,3,420000.0,1115000.0,2,3,420000.0,1115000.0,4,12,0.0015848317238056795,2.6547619047619047,2,False,False,False,7,3.0
100000002199091100,terminal,0.16018137460262696,47,0.21289630722936692,"вход 65,000, выход 0",1,0,65000.0,0.0,1,0,65000.0,0.0,1,0,0.0003076457194062819,0.0,2,False,False,False,1,
100000008571443100,coordinator,1.0,56,0.4566463072293669,7 курьеров выше по цепочке,2,0,65000.0,0.0,2,0,65000.0,0.0,2,0,0.00031474857317144927,0.0,2,False,False,False,7,
100000002742067100,coordinator,1.0,22,0.44974255114404876,7 курьеров выше по цепочке,1,0,12730.0,0.0,1,0,12730.0,0.0,1,0,0.0002896192281984583,0.0,2,False,False,False,7,
100000003292979100,coordinator,1.0,4,0.49019556521350005,10 курьеров выше по цепочке,1,0,48950.0,0.0,1,0,48950.0,0.0,1,0,0.0003303145122730734,0.0,2,False,False,False,10,
100000002558173100,coordinator,1.0,32,0.463032984470253,8 курьеров выше по цепочке,1,0,9300.0,0.0,1,0,9300.0,0.0,1,0,0.0002958286804649773,0.0,2,False,False,False,8,
100000004687282100,coordinator,1.0,22,0.44983347914749744,7 курьеров выше по цепочке,1,0,20000.0,0.0,1,0,20000.0,0.0,1,0,0.0003322717689149048,0.0,2,False,False,False,7,
100000003034546100,terminal,1.0,50,0.21817081933037913,"вход 486,715, выход 0",1,0,486715.0,0.0,1,0,486715.0,0.0,2,0,0.000331369004604237,0.0,2,False,False,False,1,
100000003798151100,coordinator,1.0,22,0.4539608850812063,7 курьеров выше по цепочке,1,0,350000.0,0.0,1,0,350000.0,0.0,3,0,0.0005753929174195443,0.0,2,False,False,False,7,
100000008710791100,distributor,0.38333333333333336,73,0.4900793415620188,23 получателей,3,23,181510.0,5521511.0,3,23,181510.0,5521511.0,3,25,0.00033426219607625717,30.41987218335078,2,False,False,False,9,0.0
100000008688476100,terminal,0.05914389216096996,47,0.21238350831033034,"вход 24,000, выход 0",1,0,24000.0,0.0,1,0,24000.0,0.0,1,0,0.0002937205896716876,0.0,2,False,False,False,1,
100000003242289100,distributor,0.38333333333333336,54,0.42871133440562503,23 получателей,3,23,550791.0,2377741.0,3,23,550791.0,2377741.0,8,26,0.0004397217042853967,4.316956885642648,2,False,False,False,7,0.5
100000006564102100,coordinator,1.0,4,0.479167137948329,9 курьеров выше по цепочке,1,0,233235.0,0.0,1,0,233235.0,0.0,1,0,0.00042809593979465266,0.0,2,False,False,False,9,
100000001526235100,coordinator,1.0,65,0.4685214612253837,7 курьеров выше по цепочке,3,8,82000.0,432750.0,3,8,82000.0,432750.0,4,9,0.0008778562267377687,5.277439024390244,2,False,False,False,7,4.5
100000004398811100,peripheral,0.2,4,0.07292742641092313,"1 отправителей, 3 получателей",1,3,426000.0,1040672.0,1,3,426000.0,1040672.0,1,4,0.00034969174183991655,2.4428920187793426,2,False,False,False,1,0.0
100000002957787100,distributor,0.5666666666666667,52,0.41535713128889157,34 получателей,4,34,84956.0,1276153.96,4,34,84956.0,1276153.96,7,41,0.0006138323786231608,15.02135175855737,2,False,False,False,7,0.0
100000002621915100,coordinator,1.0,22,0.4496458697868743,7 курьеров выше по цепочке,1,0,5000.0,0.0,1,0,5000.0,0.0,1,0,0.000532039201173054,0.0,2,False,False,False,7,
100000008283183100,terminal,0.07146553636117203,47,0.21244604476387138,"вход 29,000, выход 0",1,0,29000.0,0.0,1,0,29000.0,0.0,1,0,0.0002954187762246869,0.0,2,False,False,False,1,
100000003843844100,coordinator,1.0,56,0.4527686901308999,7 курьеров выше по цепочке,1,1,16680.0,238000.0,1,1,16680.0,238000.0,1,1,0.00029174384813368293,14.268585131894485,3,False,False,False,7,9.0
100000000954884100,coordinator,1.0,88,0.4500085812174124,7 курьеров выше по цепочке,1,0,34000.0,0.0,1,0,34000.0,0.0,1,0,0.00031150191855239327,0.0,3,False,False,False,7,
100000005893892100,coordinator,1.0,90,0.45086883267232297,7 курьеров выше по цепочке,1,0,102780.0,0.0,1,0,102780.0,0.0,1,0,0.0002889003091286252,0.0,3,False,False,False,7,
100000001819396100,coordinator,1.0,82,0.4516605441741526,7 курьеров выше по цепочке,1,0,166080.0,0.0,1,0,166080.0,0.0,1,0,0.0003272175623678337,0.0,3,False,False,False,7,
100000008472324100,coordinator,1.0,90,0.4521498293866577,7 курьеров выше по цепочке,1,0,205200.0,0.0,1,0,205200.0,0.0,1,0,0.0002922196567372928,0.0,3,False,False,False,7,
100000002646745100,terminal,0.030311244732497106,63,0.21223717300904432,"вход 12,300, выход 0",1,0,12300.0,0.0,1,0,12300.0,0.0,1,0,0.00028748905090124,0.0,3,False,False,False,1,
100000008405209100,coordinator,1.0,54,0.45026372994785985,7 курьеров выше по цепочке,1,0,54400.0,0.0,1,0,54400.0,0.0,1,0,0.00029413180237518533,0.0,3,False,False,False,7,
100000004417753100,coordinator,1.0,4,0.4582359713710895,7 курьеров выше по цепочке,2,0,192099.0,0.0,2,0,192099.0,0.0,2,0,0.00039314677564997663,0.0,3,False,False,False,7,
100000003457710100,coordinator,1.0,90,0.4700021733154729,7 курьеров выше по цепочке,1,1,326555.0,1306000.0,1,1,326555.0,1306000.0,1,2,0.0002961526720570531,3.999326300316945,3,False,False,False,7,0.0
100000007333038100,peripheral,0.2,62,0.05523989105177004,"1 отправителей, 2 получателей",1,2,17500.0,34994.0,1,2,17500.0,34994.0,1,2,0.00029968918055683897,1.9996571428571428,3,False,False,False,1,
100000006444163100,coordinator,1.0,25,0.44965870226714094,7 курьеров выше по цепочке,1,0,6026.0,0.0,1,0,6026.0,0.0,1,0,0.00031891138227469064,0.0,3,False,False,False,7,
100000008706947100,terminal,0.04238645604869514,63,0.21229845873351452,"вход 17,200, выход 0",1,0,17200.0,0.0,1,0,17200.0,0.0,1,0,0.000288253832019236,0.0,3,False,False,False,1,
100000008761219100,coordinator,1.0,60,0.48781559855098866,9 курьеров выше по цепочке,2,2,50000.0,375000.0,2,2,50000.0,375000.0,2,2,0.00029284083313645565,7.5,3,False,False,False,9,0.5
100000005022552100,coordinator,1.0,22,0.45266012684755264,7 курьеров выше по цепочке,1,1,241000.0,5000.0,1,1,241000.0,5000.0,3,1,0.00035775639372368753,0.02074688796680498,3,False,False,False,7,14.0
100000008735832100,terminal,0.04337218758471131,63,0.21230346164979783,"вход 17,600, выход 0",1,0,17600.0,0.0,1,0,17600.0,0.0,1,0,0.00028831626313090915,0.0,3,False,False,False,1,
100000005661528100,coordinator,1.0,78,0.4498960156010385,7 курьеров выше по цепочке,1,0,25000.0,0.0,1,0,25000.0,0.0,1,0,0.0002910914967995321,0.0,3,False,False,False,7,
100000002529880100,coordinator,1.0,67,0.47100523840077335,8 курьеров выше по цепочке,2,0,147000.0,0.0,2,0,147000.0,0.0,2,0,0.0003061335485198567,0.0,3,False,False,False,8,
100000001969496100,coordinator,1.0,83,0.44986774912403793,7 курьеров выше по цепочке,1,0,22740.0,0.0,1,0,22740.0,0.0,1,0,0.0002919967925367141,0.0,3,False,False,False,7,
100000003215448100,coordinator,1.0,78,0.452276265588427,7 курьеров выше по цепочке,1,2,91309.0,124000.0,1,2,91309.0,124000.0,1,4,0.00030414693187081325,1.3580260434349298,3,False,False,False,7,1.0
100000006894637100,coordinator,1.0,52,0.45024410600873865,7 курьеров выше по цепочке,1,0,52831.0,0.0,1,0,52831.0,0.0,1,0,0.0002902544663373193,0.0,3,False,False,False,7,
100000002936322100,coordinator,1.0,51,0.46567823459035773,7 курьеров выше по цепочке,2,0,787133.0,0.0,2,0,787133.0,0.0,2,0,0.00036638128696323154,0.0,3,False,False,False,7,
100000005061890100,coordinator,1.0,4,0.45070898949707205,7 курьеров выше по цепочке,1,0,90000.0,0.0,1,0,90000.0,0.0,1,0,0.0005346252088600028,0.0,3,False,False,False,7,
100000004017410100,coordinator,1.0,87,0.4749015109918934,7 курьеров выше по цепочке,2,5,193650.0,1330915.0,2,5,193650.0,1330915.0,6,11,0.0011315419625793077,6.872785954040795,3,False,False,False,7,6.0
100000002983426100,coordinator,1.0,59,0.4506957943053749,7 курьеров выше по цепочке,1,0,88945.0,0.0,1,0,88945.0,0.0,1,0,0.0003187086222678441,0.0,3,False,False,False,7,
100000005530114100,coordinator,1.0,54,0.45785913920934185,7 курьеров выше по цепочке,2,1,136970.0,25000.0,2,1,136970.0,25000.0,2,1,0.0004948738015345289,0.1825217200846901,3,False,False,False,7,2.0
100000001169666100,coordinator,1.0,59,0.47930177893280285,9 курьеров выше по цепочке,1,1,220000.0,24000.0,1,1,220000.0,24000.0,2,1,0.0003195447456388584,0.10909090909090909,3,False,False,False,9,10.0
100000001784279100,coordinator,1.0,52,0.4500295184220579,7 курьеров выше по цепочке,1,0,35674.0,0.0,1,0,35674.0,0.0,1,0,0.00028873294491877093,0.0,3,False,False,False,7,
100000008744364100,terminal,0.05840459350895783,63,0.21237975612311788,"вход 23,700, выход 0",1,0,23700.0,0.0,1,0,23700.0,0.0,1,0,0.00028926833758392454,0.0,3,False,False,False,1,
100000008714412100,coordinator,1.0,59,0.4783637321296872,9 курьеров выше по цепочке,1,0,169000.0,0.0,1,0,169000.0,0.0,1,0,0.0003116686182638587,0.0,3,False,False,False,9,
100000007754369100,coordinator,1.0,52,0.45061423426266667,7 курьеров выше по цепочке,1,0,82424.0,0.0,1,0,82424.0,0.0,1,0,0.00029287884025694984,0.0,3,False,False,False,7,
100000003122817100,coordinator,1.0,82,0.4551450753654595,7 курьеров выше по цепочке,1,0,444680.0,0.0,1,0,444680.0,0.0,1,0,0.0003970827328082313,0.0,3,False,False,False,7,
100000003711830100,coordinator,1.0,78,0.45020869786874373,7 курьеров выше по цепочке,1,0,50000.0,0.0,1,0,50000.0,0.0,1,0,0.00029574224412010574,0.0,3,False,False,False,7,
100000001110358100,coordinator,1.0,52,0.456233566635996,7 курьеров выше по цепочке,2,0,32000.0,0.0,2,0,32000.0,0.0,2,0,0.00029298593062142844,0.0,3,False,False,False,7,
100000006530134100,coordinator,1.0,90,0.4576426755290549,7 курьеров выше по цепочке,2,0,144663.0,0.0,2,0,144663.0,0.0,2,0,0.0002990877788977742,0.0,3,False,False,False,7,
100000001639766100,terminal,0.0492865768008083,30,0.2123334791474975,"вход 20,000, выход 0",1,0,20000.0,0.0,1,0,20000.0,0.0,1,0,0.0006506628579150655,0.0,3,False,False,False,1,
100000003242795100,coordinator,1.0,90,0.45097164260194444,7 курьеров выше по цепочке,1,0,111000.0,0.0,1,0,111000.0,0.0,1,0,0.00028916671253951414,0.0,3,False,False,False,7,
100000004970752100,coordinator,1.0,52,0.44970840624041536,7 курьеров выше по цепочке,1,0,10000.0,0.0,1,0,10000.0,0.0,1,0,0.0007428614561261706,0.0,3,False,False,False,7,
100000004564736100,coordinator,1.0,43,0.4497709426939564,7 курьеров выше по цепочке,1,0,15000.0,0.0,1,0,15000.0,0.0,2,0,0.00037675536447064306,0.0,3,False,False,False,7,
100000005873152100,coordinator,1.0,34,0.5031668124808308,11 курьеров выше по цепочке,1,1,10000.0,10000.0,1,1,10000.0,10000.0,1,1,0.0004674555308962058,1.0,3,False,False,False,11,
100000001637376100,coordinator,1.0,90,0.4539727670073791,7 курьеров выше по цепочке,1,1,116700.0,234250.0,1,1,116700.0,234250.0,1,2,0.0002893514448317364,2.0072836332476434,3,False,False,False,7,0.0
100000006710485100,terminal,0.0492865768008083,63,0.2123334791474975,"вход 20,000, выход 0",1,0,20000.0,0.0,1,0,20000.0,0.0,1,0,0.000288690849800948,0.0,3,False,False,False,1,
100000003582677100,coordinator,1.0,4,0.45690592093752425,7 курьеров выше по цепочке,2,4,29756.989999999998,56000.0,2,4,29756.989999999998,56000.0,2,5,0.00029329270913900144,1.881910771217116,3,False,False,False,7,9.0
100000008713685100,terminal,0.12247714335000863,63,0.2127049456815313,"вход 49,700, выход 0",1,0,49700.0,0.0,1,0,49700.0,0.0,1,0,0.0002933263598426788,0.0,3,False,False,False,1,
100000008070101100,coordinator,1.0,73,0.4641673957374875,8 курьеров выше по цепочке,1,0,100000.0,0.0,1,0,100000.0,0.0,1,0,0.00029258785293762344,0.0,3,False,False,False,8,
100000004475818100,coordinator,1.0,90,0.45042118423058547,7 курьеров выше по цепочке,1,3,13000.0,53989.0,1,3,13000.0,53989.0,1,3,0.0003098079503095039,4.153,3,False,False,False,7,0.0
100000007197866100,coordinator,1.0,78,0.45002108850812056,7 курьеров выше по цепочке,1,1,20000.0,15000.0,1,1,20000.0,15000.0,1,1,0.0002896384741784168,0.75,3,False,False,False,7,0.0
100000006965162100,coordinator,1.0,85,0.44970840624041536,7 курьеров выше по цепочке,1,0,10000.0,0.0,1,0,10000.0,0.0,1,0,0.0003092890887695541,0.0,3,False,False,False,7,
100000005995391100,terminal,0.04238645604869514,63,0.21229845873351452,"вход 17,200, выход 0",1,0,17200.0,0.0,1,0,17200.0,0.0,1,0,0.000288253832019236,0.0,3,False,False,False,1,
100000003834495100,coordinator,1.0,52,0.4698683838690414,7 курьеров выше по цепочке,3,1,602441.0,20000.0,3,1,602441.0,20000.0,5,1,0.0006208601664329539,0.0331982716979754,3,False,False,False,7,1.0
100000001223977100,coordinator,1.0,68,0.4898710010196221,10 курьеров выше по цепочке,1,1,5000.0,18000.0,1,1,5000.0,18000.0,1,1,0.00030554127989763816,3.6,3,False,False,False,10,19.0
100000001046057100,coordinator,1.0,67,0.45062669152421203,7 курьеров выше по цепочке,1,0,83420.0,0.0,1,0,83420.0,0.0,1,0,0.00031851488108134123,0.0,3,False,False,False,7,
100000002989353100,peripheral,0.2,62,0.07818715350461929,"1 отправителей, 2 получателей",1,2,500000.0,321160.0,1,2,500000.0,321160.0,2,2,0.00030938521828855235,0.64232,3,False,False,False,2,2.5
100000006714366100,coordinator,1.0,56,0.4497771963393105,7 курьеров выше по цепочке,1,1,10500.0,5000.0,1,1,10500.0,5000.0,1,1,0.0002894561536970341,0.47619047619047616,3,False,False,False,7,0.0
100000001063678100,coordinator,1.0,43,0.45114674467185933,7 курьеров выше по цепочке,1,2,35000.0,90000.0,1,2,35000.0,90000.0,1,2,0.00032774872839870327,2.5714285714285716,3,False,False,False,7,2.0
100000004889043100,coordinator,1.0,52,0.45923531640596604,7 курьеров выше по цепочке,2,0,272000.0,0.0,2,0,272000.0,0.0,4,0,0.0002984972459578193,0.0,3,False,False,False,7,
100000002984403100,coordinator,1.0,65,0.4501461614152027,7 курьеров выше по цепочке,1,1,20000.0,25000.0,1,1,20000.0,25000.0,1,1,0.00032010276016592864,1.25,3,False,False,False,7,
100000003951827100,coordinator,1.0,52,0.4499085228917467,7 курьеров выше по цепочке,1,2,9000.0,17000.0,1,2,9000.0,17000.0,1,2,0.0002860761739207681,1.8888888888888888,3,False,False,False,7,5.0
100000000933075100,coordinator,1.0,42,0.46410485928394646,8 курьеров выше по цепочке,1,2,40000.0,55000.0,1,2,40000.0,55000.0,1,2,0.0008086964755110837,1.375,3,False,False,False,8,0.0
100000008502995100,coordinator,1.0,52,0.4498960156010385,7 курьеров выше по цепочке,1,0,25000.0,0.0,1,0,25000.0,0.0,2,0,0.0007270949451502088,0.0,3,False,False,False,7,
100000008086440100,coordinator,1.0,78,0.45409887801959,7 курьеров выше по цепочке,1,5,199733.0,161300.0,1,5,199733.0,161300.0,1,6,0.0003376739457034379,0.8075781167859092,3,False,False,False,7,2.0
100000008465789100,coordinator,1.0,67,0.48653292047461555,8 курьеров выше по цепочке,1,16,30099.0,1858100.0,1,16,30099.0,1858100.0,1,17,0.0002898880397943201,61.732947938469714,3,False,False,False,8,0.0
100000002550141100,coordinator,1.0,78,0.45084139167650916,7 курьеров выше по цепочке,1,0,100586.0,0.0,1,0,100586.0,0.0,1,0,0.0003077875449747836,0.0,3,False,False,False,7,
100000008739887100,coordinator,1.0,78,0.46234963179231003,7 курьеров выше по цепочке,2,2,214000.0,307000.0,2,2,214000.0,307000.0,3,2,0.0003333006339697427,1.4345794392523366,3,False,False,False,7,4.0
100000008532050100,coordinator,1.0,90,0.4552761017429187,7 курьеров выше по цепочке,1,0,455156.0,0.0,1,0,455156.0,0.0,1,0,0.0003003205242521543,0.0,3,False,False,False,7,
100000008422226100,coordinator,1.0,52,0.4506770959057661,7 курьеров выше по цепочке,1,0,87450.0,0.0,1,0,87450.0,0.0,1,0,0.0002904944753360778,0.0,3,False,False,False,7,
100000002369874100,coordinator,1.0,73,0.5025043744249251,9 курьеров выше по цепочке,4,0,600000.0,0.0,4,0,600000.0,0.0,4,0,0.00033734785491165925,0.0,3,False,False,False,9,
100000003321895100,coordinator,1.0,66,0.4568104211232575,7 курьеров выше по цепочке,1,2,24000.0,553830.0,1,2,24000.0,553830.0,1,3,0.00031125966376989726,23.07625,3,False,False,False,7,11.0
100000001875239100,coordinator,1.0,73,0.49765519098424454,9 курьеров выше по цепочке,3,0,712000.0,0.0,3,0,712000.0,0.0,3,0,0.00033397863057687676,0.0,3,False,False,False,9,
100000002216999100,terminal,0.0583479139456369,63,0.2123794684554316,"вход 23,677, выход 0",1,0,23677.0,0.0,1,0,23677.0,0.0,1,0,0.0002892647477950034,0.0,3,False,False,False,1,
100000002653948100,coordinator,1.0,90,0.45064895450167264,7 курьеров выше по цепочке,1,0,85200.0,0.0,1,0,85200.0,0.0,1,0,0.0002883305558484028,0.0,3,False,False,False,7,
100000008632060100,coordinator,1.0,52,0.4539008500858069,7 курьеров выше по цепочке,1,9,6000.0,339200.0,1,9,6000.0,339200.0,1,12,0.0002880256481640291,56.53333333333333,3,False,False,False,7,4.0
100000008746449100,coordinator,1.0,73,0.4756615958983313,8 курьеров выше по цепочке,1,10,10000.0,1009000.0,1,10,10000.0,1009000.0,1,10,0.00028700414108164825,100.9,3,False,False,False,8,3.0
100000003031761100,terminal,1.0,51,0.21784179003371829,"вход 460,408, выход 0",1,0,460408.0,0.0,1,0,460408.0,0.0,1,0,0.0003183607828225481,0.0,3,False,False,False,1,
100000008388049100,terminal,1.0,62,0.23162528577422145,"вход 496,400, выход 0",1,0,496400.0,0.0,1,0,496400.0,0.0,1,0,0.00030921374363523924,0.0,3,False,False,False,2,
100000002677201100,coordinator,1.0,67,0.46589027503254327,8 курьеров выше по цепочке,1,1,150000.0,87750.0,1,1,150000.0,87750.0,1,1,0.00030890584852738594,0.585,3,False,False,False,8,9.0
100000002901457100,coordinator,1.0,52,0.45532417976840106,7 курьеров выше по цепочке,1,3,340000.0,119000.0,1,3,340000.0,119000.0,1,3,0.00037426561132708236,0.35,3,False,False,False,7,16.0
100000001160401100,coordinator,1.0,52,0.45017355238185364,7 курьеров выше по цепочке,1,0,47190.0,0.0,1,0,47190.0,0.0,2,0,0.00030488851800838674,0.0,3,False,False,False,7,
100000002842321100,coordinator,1.0,90,0.45158449984664667,7 курьеров выше по цепочке,1,0,160000.0,0.0,1,0,160000.0,0.0,1,0,0.00029075476206914423,0.0,3,False,False,False,7,
100000002547110100,coordinator,1.0,67,0.5129276027289796,8 курьеров выше по цепочке,6,0,1500000.0,0.0,6,0,1500000.0,0.0,10,0,0.0005516278220472679,0.0,3,False,False,False,8,
100000001600934100,coordinator,1.0,78,0.4519759780458136,7 курьеров выше по цепочке,1,1,180300.0,11000.0,1,1,180300.0,11000.0,2,1,0.0023668517583921712,0.06100942872989462,3,False,False,False,7,11.0
100000002818726100,coordinator,1.0,56,0.4497194001489479,7 курьеров выше по цепочке,1,0,10879.0,0.0,1,0,10879.0,0.0,1,0,0.0002895964508153981,0.0,3,False,False,False,7,
100000008712827100,terminal,0.18728899184307155,63,0.2130338874271572,"вход 76,000, выход 0",1,0,76000.0,0.0,1,0,76000.0,0.0,1,0,0.0002974312054351879,0.0,3,False,False,False,1,
100000008259451100,coordinator,1.0,83,0.4502712343222848,7 курьеров выше по цепочке,1,0,55000.0,0.0,1,0,55000.0,0.0,1,0,0.0003011151344797481,0.0,3,False,False,False,7,
100000003060517100,coordinator,1.0,54,0.45353507436904533,7 курьеров выше по цепочке,1,0,315955.0,0.0,1,0,315955.0,0.0,1,0,0.00036188349261669046,0.0,3,False,False,False,7,
100000002621434100,coordinator,1.0,73,0.4772630905473649,9 курьеров выше по цепочке,1,0,81000.0,0.0,1,0,81000.0,0.0,1,0,0.0002897423900896509,0.0,3,False,False,False,9,
100000001860090100,terminal,0.012321644200202075,30,0.21214586978687439,"вход 5,000, выход 0",1,0,5000.0,0.0,1,0,5000.0,0.0,1,0,0.00037803658179597294,0.0,3,False,False,False,1,
100000004689658100,coordinator,1.0,78,0.45537661033104987,7 курьеров выше по цепочке,1,1,456100.0,7092.0,1,1,456100.0,7092.0,1,1,0.0003863163581277,0.015549221661916246,3,False,False,False,7,
100000003486970100,coordinator,1.0,90,0.4514594269395646,7 курьеров выше по цепочке,1,0,150000.0,0.0,1,0,150000.0,0.0,1,0,0.00029043067032840335,0.0,3,False,False,False,7,
100000004659919100,coordinator,1.0,68,0.49144691964885634,10 курьеров выше по цепочке,1,1,110000.0,39000.0,1,1,110000.0,39000.0,2,1,0.0007249529791849306,0.35454545454545455,3,False,False,False,10,13.5
100000006111439100,coordinator,1.0,90,0.46264078328019814,7 курьеров выше по цепочке,3,4,20570.0,24000.0,3,4,20570.0,24000.0,3,4,0.00036550170106991627,1.166747690811862,3,False,False,False,7,8.5
100000002521039100,coordinator,1.0,52,0.4539530054880601,7 курьеров выше по цепочке,1,0,349370.0,0.0,1,0,349370.0,0.0,1,0,0.00030524580110660585,0.0,3,False,False,False,7,
100000008493007100,transit,1.0,63,0.24773746463737265,"пропуск 1.00, связей 2",1,1,26150.0,26150.0,1,1,26150.0,26150.0,1,1,0.0002896507281429226,1.0,3,False,False,False,1,1.0
100000007793871100,coordinator,1.0,59,0.4632418562250801,8 курьеров выше по цепочке,1,0,26000.0,0.0,1,0,26000.0,0.0,3,0,0.0006872267875117613,0.0,3,False,False,False,8,
100000001650895100,coordinator,1.0,59,0.4782949420307921,9 курьеров выше по цепочке,1,1,153500.0,10000.0,1,1,153500.0,10000.0,1,1,0.00030927489327733915,0.06514657980456026,3,False,False,False,9,
100000002567887100,coordinator,1.0,90,0.4502201420397417,7 курьеров выше по цепочке,1,0,50915.0,0.0,1,0,50915.0,0.0,1,0,0.00028721940731527283,0.0,3,False,False,False,7,
100000008055972100,terminal,0.06974050617314374,63,0.21243728966037564,"вход 28,300, выход 0",1,0,28300.0,0.0,1,0,28300.0,0.0,1,0,0.0002899862953681657,0.0,3,False,False,False,1,
100000008684452100,terminal,0.1276522339140935,63,0.21273121099201855,"вход 51,800, выход 0",1,0,51800.0,0.0,1,0,51800.0,0.0,1,0,0.0002936541231789628,0.0,3,False,False,False,1,
100000000764836100,coordinator,1.0,78,0.4533569830566512,7 курьеров выше по цепочке,1,2,251716.0,50000.0,1,2,251716.0,50000.0,1,2,0.00033678317937202955,0.1986365586613485,3,False,False,False,7,0.0
100000003072676100,coordinator,1.0,54,0.4499778758187237,7 курьеров выше по цепочке,1,0,31545.0,0.0,1,0,31545.0,0.0,1,0,0.00029318851653853617,0.0,3,False,False,False,7,
100000008757369100,coordinator,1.0,52,0.45063843587018704,7 курьеров выше по цепочке,1,1,25961.0,58398.0,1,1,25961.0,58398.0,1,3,0.0002878715741932152,2.249451099726513,3,False,False,False,7,0.0
100000007618425100,coordinator,1.0,54,0.4500754702081199,7 курьеров выше по цепочке,1,0,39348.0,0.0,1,0,39348.0,0.0,1,0,0.0002950732143281281,0.0,3,False,False,False,7,
100000004671609100,coordinator,1.0,62,0.4775007290708208,9 курьеров выше по цепочке,1,0,100000.0,0.0,1,0,100000.0,0.0,1,0,0.00030024211151879094,0.0,3,False,False,False,9,
100000004676985100,coordinator,1.0,52,0.45032579112435395,7 курьеров выше по цепочке,1,1,32260.0,27102.0,1,1,32260.0,27102.0,1,1,0.0002873861763544214,0.8401115933044018,3,False,False,False,7,3.0
100000002531406100,transit,0.8076923076923078,51,0.25984076985570614,"пропуск 0.96, связей 2",1,1,520000.0,500000.0,1,1,520000.0,500000.0,1,1,0.00032260508437457255,0.9615384615384616,3,False,False,False,1,
100000002877262100,coordinator,1.0,67,0.4641673957374875,8 курьеров выше по цепочке,1,0,100000.0,0.0,1,0,100000.0,0.0,1,0,0.00029991776286086456,0.0,3,False,False,False,8,
100000007591246100,coordinator,1.0,56,0.45123667209205137,7 курьеров выше по цепочке,1,1,12190.0,120000.0,1,1,12190.0,120000.0,1,1,0.00029789309382384895,9.844134536505333,3,False,False,False,7,
100000008712184100,terminal,0.04435791912072747,63,0.2123084645660811,"вход 18,000, выход 0",1,0,18000.0,0.0,1,0,18000.0,0.0,1,0,0.0002883786942425823,0.0,3,False,False,False,1,
100000002975437100,coordinator,1.0,61,0.45631850937970364,7 курьеров выше по цепочке,1,1,530000.0,8500.0,1,1,530000.0,8500.0,2,1,0.000521005714309102,0.016037735849056604,3,False,False,False,7,
100000005008589100,coordinator,1.0,52,0.45011872892434657,7 курьеров выше по цепочке,1,0,42806.68,0.0,1,0,42806.68,0.0,1,0,0.00030309402044475066,0.0,3,False,False,False,7,
100000000782285100,coordinator,1.0,25,0.4496602656784795,7 курьеров выше по цепочке,1,0,6151.0,0.0,1,0,6151.0,0.0,1,0,0.0003196030120468737,0.0,3,False,False,False,7,
100000005198498100,terminal,0.07097267059316395,63,0.21244354330572976,"вход 28,800, выход 0",1,0,28800.0,0.0,1,0,28800.0,0.0,1,0,0.00029006433425775714,0.0,3,False,False,False,1,
100000008517538100,coordinator,1.0,73,0.49535954170090535,8 курьеров выше по цепочке,3,17,155500.0,1439000.0,3,17,155500.0,1439000.0,6,18,0.00030701646079282416,9.254019292604502,3,False,False,False,8,1.5
100000005756535100,terminal,0.0492865768008083,47,0.2123334791474975,"вход 20,000, выход 0",1,0,20000.0,0.0,1,0,20000.0,0.0,1,0,0.0005415991635083553,0.0,3,False,False,False,1,
100000004917367100,coordinator,1.0,90,0.4573342082183183,7 курьеров выше по цепочке,2,0,120000.0,0.0,2,0,120000.0,0.0,2,0,0.0002940276420429223,0.0,3,False,False,False,7,
100000001222263100,coordinator,1.0,90,0.46416145616410004,7 курьеров выше по цепочке,1,1,745570.0,420000.0,1,1,745570.0,420000.0,1,5,0.0003097326021317051,0.5633273870998028,3,False,False,False,7,0.0
100000001149815100,terminal,0.02957194608048498,63,0.21223342082183186,"вход 12,000, выход 0",1,0,12000.0,0.0,1,0,12000.0,0.0,1,0,0.00028744222756748515,0.0,3,False,False,False,1,
100000006020215100,coordinator,1.0,56,0.450381298480517,7 курьеров выше по цепочке,1,2,30000.0,33800.0,1,2,30000.0,33800.0,1,2,0.00029667460701655716,1.1266666666666667,3,False,False,False,7,13.0
100000000673868100,coordinator,1.0,48,0.4797715555512011,7 курьеров выше по цепочке,1,5,2030650.0,383000.0,1,5,2030650.0,383000.0,5,19,0.0011728050936714379,0.18860955851574618,3,False,False,False,7,0.0
100000008749900100,terminal,0.04226323960669312,63,0.21229783336897912,"вход 17,150, выход 0",1,0,17150.0,0.0,1,0,17150.0,0.0,1,0,0.00028824602813027684,0.0,3,False,False,False,1,
100000002862113100,coordinator,1.0,83,0.4501762414493559,7 курьеров выше по цепочке,1,0,47405.0,0.0,1,0,47405.0,0.0,2,0,0.00029896839526532333,0.0,3,False,False,False,7,
100000001066017100,coordinator,1.0,52,0.458567714749834,7 курьеров выше по цепочке,2,4,136123.0,82500.0,2,4,136123.0,82500.0,3,4,0.0003012384075340412,0.6060695106631503,3,False,False,False,7,13.0
100000008436257100,coordinator,1.0,54,0.4562710885081206,7 курьеров выше по цепочке,2,0,35000.0,0.0,2,0,35000.0,0.0,2,0,0.0002945798149854981,0.0,3,False,False,False,7,
100000003016438100,coordinator,1.0,67,0.469170312020771,8 курьеров выше по цепочке,1,1,200000.0,300000.0,1,1,200000.0,300000.0,1,3,0.00031668469996408427,1.5,3,False,False,False,8,0.0
100000002534091100,coordinator,1.0,4,0.4498609951870555,7 курьеров выше по цепочке,1,0,22200.0,0.0,1,0,22200.0,0.0,1,0,0.00029636616273709014,0.0,3,False,False,False,7,
100000006882208100,coordinator,1.0,22,0.44980846456608103,7 курьеров выше по цепочке,1,0,18000.0,0.0,1,0,18000.0,0.0,1,0,0.0006403184460375346,0.0,3,False,False,False,7,
100000005362848100,coordinator,1.0,59,0.44994604476387134,7 курьеров выше по цепочке,1,0,29000.0,0.0,1,0,29000.0,0.0,1,0,0.00029637417941000597,0.0,3,False,False,False,7,
100000001073568100,coordinator,1.0,83,0.46117719158654,7 курьеров выше по цепочке,1,2,707465.0,219503.0,1,2,707465.0,219503.0,4,3,0.000485535437513278,0.31026693900051594,3,False,False,False,7,0.0
100000008687733100,terminal,0.03610241750659208,63,0.2122665651422086,"вход 14,650, выход 0",1,0,14650.0,0.0,1,0,14650.0,0.0,1,0,0.00028785583368231974,0.0,3,False,False,False,1,
100000007229557100,coordinator,1.0,60,0.49973140124180715,9 курьеров выше по цепочке,3,0,878000.0,0.0,3,0,878000.0,0.0,3,0,0.00039420933069834953,0.0,3,False,False,False,9,
100000001052789100,coordinator,1.0,64,0.4504710382913484,7 курьеров выше по цепочке,1,0,70975.0,0.0,1,0,70975.0,0.0,1,0,0.00029770710734911807,0.0,3,False,False,False,7,
100000006967370100,coordinator,1.0,54,0.4501680650582012,7 курьеров выше по цепочке,1,1,33225.0,13526.27,1,1,33225.0,13526.27,1,1,0.0002935942953782791,0.40711121143717083,3,False,False,False,7,0.0
100000001837130100,coordinator,1.0,52,0.4517458438967826,7 курьеров выше по цепочке,1,0,172900.0,0.0,1,0,172900.0,0.0,1,0,0.00030090245579956094,0.0,3,False,False,False,7,
100000005820746100,terminal,1.0,44,0.2377107719944529,"вход 1,989,000, выход 60,000",1,1,1989000.0,60000.0,1,1,1989000.0,60000.0,2,1,0.000989461905456685,0.030165912518853696,3,False,False,False,1,4.0
100000002883402100,coordinator,1.0,73,0.505835520545796,10 курьеров выше по цепочке,3,0,300000.0,0.0,3,0,300000.0,0.0,3,0,0.0003006570717458922,0.0,3,False,False,False,10,
100000008582730100,coordinator,1.0,64,0.44970840624041536,7 курьеров выше по цепочке,1,1,5000.0,5000.0,1,1,5000.0,5000.0,1,1,0.0008925911171850297,1.0,3,False,False,False,7,0.0
100000003116106100,coordinator,1.0,90,0.4557625603077238,7 курьеров выше по цепочке,1,0,494050.0,0.0,1,0,494050.0,0.0,2,0,0.0003015810466685917,0.0,3,False,False,False,7,
100000001818442100,coordinator,1.0,59,0.4501113286105803,7 курьеров выше по цепочке,1,0,42215.0,0.0,1,0,42215.0,0.0,1,0,0.00030129785381765185,0.0,3,False,False,False,7,
100000008690762100,terminal,0.0659207964710811,63,0.21241790335977792,"вход 26,750, выход 0",1,0,26750.0,0.0,1,0,26750.0,0.0,1,0,0.00028974437481043224,0.0,3,False,False,False,1,
100000008712991100,terminal,0.16289213632667143,63,0.21291006524914594,"вход 66,100, выход 0",1,0,66100.0,0.0,1,0,66100.0,0.0,1,0,0.00029588603542127765,0.0,3,False,False,False,1,
100000003292191100,coordinator,1.0,60,0.46431748322598604,8 курьеров выше по цепочке,1,0,112000.0,0.0,1,0,112000.0,0.0,1,0,0.0002996284816997216,0.0,3,False,False,False,8,
100000005367284100,coordinator,1.0,52,0.4503587853572422,7 курьеров выше по цепочке,1,2,13700.0,48300.0,1,2,13700.0,48300.0,1,5,0.00028914323405377366,3.5255474452554743,3,False,False,False,7,0.0
100000003216073100,peripheral,0.2,51,0.05592162594640237,"1 отправителей, 1 получателей",1,1,37001.0,70000.0,1,1,37001.0,70000.0,1,1,0.0002882046043550016,1.891840761060512,3,False,False,False,1,3.0
100000006169033100,coordinator,1.0,69,0.4644578914611753,7 курьеров выше по цепочке,1,3,49000.0,1140271.0,1,3,49000.0,1140271.0,1,10,0.0004180416339687668,23.270836734693876,3,False,False,False,7,3.0
100000004407753100,coordinator,1.0,85,0.4539608850812063,7 курьеров выше по цепочке,1,1,250000.0,100000.0,1,1,250000.0,100000.0,4,1,0.0008785641580238728,0.4,3,False,False,False,7,1.5
100000004420041100,coordinator,1.0,42,0.45860694334600316,7 курьеров выше по цепочке,1,7,69638.0,651830.0,1,7,69638.0,651830.0,1,11,0.00029973777192393526,9.360263074758034,3,False,False,False,7,
100000004715209100,coordinator,1.0,81,0.454029049815566,7 курьеров выше по цепочке,1,5,5000.0,350450.0,1,5,5000.0,350450.0,1,17,0.0002875439757603291,70.09,3,False,False,False,7,0.0
100000004580254100,coordinator,1.0,54,0.4561827870357207,7 курьеров выше по цепочке,2,0,27940.0,0.0,2,0,27940.0,0.0,2,0,0.0003122789899791896,0.0,3,False,False,False,7,
100000001056414100,terminal,0.6160822100101038,62,0.22854348934371885,"вход 250,000, выход 0",1,0,250000.0,0.0,1,0,250000.0,0.0,1,0,0.0002974772562529216,0.0,3,False,False,False,2,
100000008686494100,terminal,0.03868996278863451,63,0.21227969779745223,"вход 15,700, выход 0",1,0,15700.0,0.0,1,0,15700.0,0.0,1,0,0.00028801971535046174,0.0,3,False,False,False,1,
100000002822472100,coordinator,1.0,62,0.4725026362589415,8 курьеров выше по цепочке,2,0,266722.0,0.0,2,0,266722.0,0.0,2,0,0.00031223557685989975,0.0,3,False,False,False,8,
100000001831496100,coordinator,1.0,34,0.45456123503520035,7 курьеров выше по цепочке,1,1,25000.0,373000.0,1,1,25000.0,373000.0,1,1,0.0002926355852456805,14.92,3,False,False,False,7,18.0
100000008732488100,coordinator,1.0,78,0.45142190506743995,7 курьеров выше по цепочке,1,1,137000.0,10000.0,1,1,137000.0,10000.0,1,1,0.0003134431769510035,0.072992700729927,3,False,False,False,7,0.0
100000004007197100,terminal,0.02476157618472609,55,0.21220900659036943,"вход 10,048, выход 0",1,0,10048.0,0.0,1,0,10048.0,0.0,1,0,0.00028768870831810195,0.0,3,False,False,False,1,
100000002815005100,coordinator,1.0,73,0.46887639068912806,8 курьеров выше по цепочке,1,0,476500.0,0.0,1,0,476500.0,0.0,1,0,0.00031901272651967556,0.0,3,False,False,False,8,
100000005756189100,coordinator,1.0,90,0.45100978983860446,7 курьеров выше по цепочке,1,1,65000.0,49050.0,1,1,65000.0,49050.0,1,1,0.0002876758905321063,0.7546153846153846,3,False,False,False,7,0.0
100000004877085100,coordinator,1.0,56,0.4510917125927432,7 курьеров выше по цепочке,1,3,25000.0,95600.0,1,3,25000.0,95600.0,1,9,0.00029482372155001277,3.824,3,False,False,False,7,0.0
100000002713074100,coordinator,1.0,54,0.46996657183360907,7 курьеров выше по цепочке,2,1,700000.0,430000.0,2,1,700000.0,430000.0,2,2,0.0004336098166177599,0.6142857142857143,3,False,False,False,7,12.0
100000002356167100,coordinator,1.0,90,0.453704485621688,7 курьеров выше по цепочке,1,2,300000.0,29500.0,1,2,300000.0,29500.0,1,3,0.0002952920464395158,0.09833333333333333,3,False,False,False,7,0.0
100000004140487100,coordinator,1.0,4,0.4531743015685671,7 курьеров выше по цепочке,1,10,24510.0,262600.0,1,10,24510.0,262600.0,1,19,0.000289427144859754,10.713994288045695,3,False,False,False,7,0.0
100000003147719100,coordinator,1.0,73,0.4775007290708208,9 курьеров выше по цепочке,1,0,100000.0,0.0,1,0,100000.0,0.0,1,0,0.00029072126443008105,0.0,3,False,False,False,9,
100000008745884100,terminal,0.0492865768008083,63,0.2123334791474975,"вход 20,000, выход 0",1,0,20000.0,0.0,1,0,20000.0,0.0,1,0,0.000288690849800948,0.0,3,False,False,False,1,
100000002559089100,coordinator,1.0,62,0.4914427128563692,9 курьеров выше по цепочке,2,0,715000.0,0.0,2,0,715000.0,0.0,2,0,0.0003924259537320126,0.0,3,False,False,False,9,
100000004984689100,coordinator,1.0,78,0.4502465949595896,7 курьеров выше по цепочке,1,0,53030.0,0.0,1,0,53030.0,0.0,1,0,0.0002963587248842163,0.0,3,False,False,False,7,
100000004340038100,coordinator,1.0,56,0.450320988324722,7 курьеров выше по цепочке,1,1,9978.0,49000.0,1,1,9978.0,49000.0,1,1,0.0002892629212543268,4.910803768290238,3,False,False,False,7,9.0
100000005052998100,coordinator,1.0,52,0.4500573596511744,7 курьеров выше по цепочке,1,1,9500.0,28400.0,1,1,9500.0,28400.0,1,1,0.0002861043339042946,2.9894736842105263,3,False,False,False,7,
100000007597382100,coordinator,1.0,90,0.44977969779745214,7 курьеров выше по цепочке,1,0,15700.0,0.0,1,0,15700.0,0.0,1,0,0.00028607811825025404,0.0,3,False,False,False,7,
100000008697670100,terminal,0.06247073609502452,63,0.21240039315278644,"вход 25,350, выход 0",1,0,25350.0,0.0,1,0,25350.0,0.0,1,0,0.0002895258659195763,0.0,3,False,False,False,1,
100000008460102100,distributor,0.5166666666666667,59,0.3057628104535379,31 получателей,1,31,17500.0,476570.0,1,31,17500.0,476570.0,1,34,0.00029968918055683897,27.23257142857143,3,False,False,False,1,0.0
100000004399686100,terminal,1.0,44,0.2221642096441495,"вход 806,000, выход 0",1,0,806000.0,0.0,1,0,806000.0,0.0,2,0,0.0005708068229548232,0.0,3,False,False,False,1,
100000008688155100,terminal,0.05815816062495379,63,0.21237850539404707,"вход 23,600, выход 0",1,0,23600.0,0.0,1,0,23600.0,0.0,1,0,0.00028925272980600625,0.0,3,False,False,False,1,
100000004386331100,coordinator,1.0,42,0.47671902340155775,9 курьеров выше по цепочке,1,2,20000.0,17500.0,1,2,20000.0,17500.0,1,2,0.0005126940455197122,0.875,3,False,False,False,9,
100000007999728100,coordinator,1.0,83,0.44987412784229913,7 курьеров выше по цепочке,1,0,23250.0,0.0,1,0,23250.0,0.0,1,0,0.00029214094487369326,0.0,3,False,False,False,7,
100000001597424100,coordinator,1.0,83,0.45018493401639814,7 курьеров выше по цепочке,1,0,48100.0,0.0,1,0,48100.0,0.0,1,0,0.00029916483815591255,0.0,3,False,False,False,7,
100000003677936100,coordinator,1.0,30,0.4506339457528228,7 курьеров выше по цепочке,1,1,71000.0,13000.0,1,1,71000.0,13000.0,1,2,0.000308883638599444,0.18309859154929578,3,False,False,False,7,0.0
100000002943472100,coordinator,1.0,67,0.4650429060870621,8 курьеров выше по цепочке,1,0,170000.0,0.0,1,0,170000.0,0.0,1,0,0.00030996169091136613,0.0,3,False,False,False,8,
100000004892144100,terminal,1.0,44,0.29020453936829566,"вход 4,500,000, выход 180,300",2,1,4500000.0,180300.0,2,1,4500000.0,180300.0,7,1,0.0027832036872124303,0.04006666666666667,3,False,False,False,2,6.0
100000008077552100,coordinator,1.0,78,0.45225989354488993,7 курьеров выше по цепочке,1,0,214000.0,0.0,1,0,214000.0,0.0,1,0,0.00032910951980133827,0.0,3,False,False,False,7,
100000002914245100,terminal,0.3465117425269228,51,0.21384199598710527,"вход 140,611, выход 0",1,0,140611.0,0.0,1,0,140611.0,0.0,1,0,0.00029558398554384,0.0,3,False,False,False,1,
100000004906181100,coordinator,1.0,84,0.481769819247414,7 курьеров выше по цепочке,1,7,100000.0,2473417.91,1,7,100000.0,2473417.91,1,33,0.00028881021162469923,24.734179100000002,3,False,False,False,7,0.0
100000008514970100,terminal,0.9363611720347963,51,0.21722340456652303,"вход 379,966, выход 31,000",1,1,379966.0,31000.0,1,1,379966.0,31000.0,1,1,0.0003126314885305634,0.0815862471905381,3,False,False,False,1,0.0
100000008258458100,coordinator,1.0,58,0.46930718069268984,7 курьеров выше по цепочке,1,2,19000.0,1557988.0,1,2,19000.0,1557988.0,1,4,0.0002912603933485006,81.99936842105264,3,False,False,False,7,0.0
100000003484058100,coordinator,1.0,83,0.4510341790554855,7 курьеров выше по цепочке,1,1,110000.0,6000.0,1,1,110000.0,6000.0,1,1,0.0003166609747422053,0.05454545454545454,3,False,False,False,7,13.0
100000003574895100,coordinator,1.0,52,0.4501832830540246,7 курьеров выше по цепочке,1,1,27968.0,20000.0,1,1,27968.0,20000.0,1,1,0.00028714445105582987,0.7151029748283753,3,False,False,False,7,0.0
100000000896111100,terminal,0.7075088099756032,44,0.21567417649566006,"вход 287,100, выход 0",1,0,287100.0,0.0,1,0,287100.0,0.0,1,0,0.00038717189285320344,0.0,3,False,False,False,1,
100000008715887100,terminal,0.04435791912072747,63,0.2123084645660811,"вход 18,000, выход 0",1,0,18000.0,0.0,1,0,18000.0,0.0,1,0,0.0002883786942425823,0.0,3,False,False,False,1,
100000000560751100,coordinator,1.0,56,0.4498960156010385,7 курьеров выше по цепочке,1,0,25000.0,0.0,1,0,25000.0,0.0,1,0,0.0005524500973404968,0.0,3,False,False,False,7,
100000008708207100,coordinator,1.0,73,0.48831589017931704,9 курьеров выше по цепочке,2,0,465000.0,0.0,2,0,465000.0,0.0,2,0,0.0003597869047298129,0.0,3,False,False,False,9,
100000003152964100,coordinator,1.0,78,0.4514262450973157,7 курьеров выше по цепочке,1,1,141847.0,5500.0,1,1,141847.0,5500.0,1,1,0.0003144293427145823,0.03877417217142414,3,False,False,False,7,3.0
100000004991812100,coordinator,1.0,43,0.44970840624041536,7 курьеров выше по цепочке,1,0,10000.0,0.0,1,0,10000.0,0.0,1,0,0.0003463600077195257,0.0,3,False,False,False,7,
100000000291908100,coordinator,1.0,49,0.4534455847040281,7 курьеров выше по цепочке,1,1,295500.0,13300.0,1,1,295500.0,13300.0,5,1,0.0007065527083397005,0.045008460236886635,3,False,False,False,7,4.0
100000003132484100,terminal,0.22178959560363734,50,0.21320898949707212,"вход 90,000, выход 0",1,0,90000.0,0.0,1,0,90000.0,0.0,1,0,0.0005388233251189476,0.0,3,False,False,False,1,
100000004077081100,coordinator,1.0,4,0.4590263378180308,7 курьеров выше по цепочке,1,4,140000.0,615000.0,1,4,140000.0,615000.0,1,6,0.0002901065785876625,4.392857142857143,3,False,False,False,7,0.0
100000004770073100,coordinator,1.0,52,0.44972003014118084,7 курьеров выше по цепочке,1,1,5462.4,5466.97,1,1,5462.4,5466.97,1,1,0.0002878055588504013,1.0008366285881665,3,False,False,False,7,0.0
100000003163886100,coordinator,1.0,36,0.4958369786874376,10 курьеров выше по цепочке,1,0,500000.0,0.0,1,0,500000.0,0.0,1,0,0.0007338350680593709,0.0,3,False,False,False,10,
100000000795374100,coordinator,1.0,78,0.45020869786874373,7 курьеров выше по цепочке,1,0,50000.0,0.0,1,0,50000.0,0.0,1,0,0.00029574224412010574,0.0,3,False,False,False,7,
100000002391278100,peripheral,0.2,30,0.055617686274902184,"1 отправителей, 1 получателей",1,1,30000.0,52700.0,1,1,30000.0,52700.0,5,2,0.00039132234113293564,1.7566666666666666,3,False,False,False,1,1.0
100000004635886100,coordinator,1.0,22,0.4498710010196221,7 курьеров выше по цепочке,1,0,23000.0,0.0,1,0,23000.0,0.0,1,0,0.00029245851948138683,0.0,3,False,False,False,7,
100000000413678100,coordinator,1.0,78,0.46627314387289365,7 курьеров выше по цепочке,2,3,306500.0,528198.0,2,3,306500.0,528198.0,2,18,0.00030069885417385005,1.723321370309951,3,False,False,False,7,0.0
100000008659950100,coordinator,1.0,67,0.465993460180886,8 курьеров выше по цепочке,1,0,246000.0,0.0,1,0,246000.0,0.0,1,0,0.0003208665270804821,0.0,3,False,False,False,8,
100000003964910100,coordinator,1.0,54,0.468340624041542,7 курьеров выше по цепочке,2,0,1000000.0,0.0,2,0,1000000.0,0.0,2,0,0.0005093616966720358,0.0,3,False,False,False,7,
100000008764654100,terminal,0.06444219916705685,63,0.212410398985353,"вход 26,150, выход 0",1,0,26150.0,0.0,1,0,26150.0,0.0,1,0,0.0002896507281429226,0.0,3,False,False,False,1,
100000005830339100,coordinator,1.0,4,0.4847841795766226,7 курьеров выше по цепочке,5,1,476341.0,339251.0,5,1,476341.0,339251.0,12,1,0.00036360006135440447,0.7122019729563485,3,False,False,False,7,13.5
100000002032323100,coordinator,1.0,67,0.46646817578941496,7 курьеров выше по цепочке,1,1,300000.0,1050000.0,1,1,300000.0,1050000.0,1,2,0.00040405018679958674,3.5,3,False,False,False,7,0.0
100000008668099100,terminal,0.03868996278863451,63,0.21227969779745223,"вход 15,700, выход 0",1,0,15700.0,0.0,1,0,15700.0,0.0,1,0,0.00028801971535046174,0.0,3,False,False,False,1,
100000008634520100,coordinator,1.0,67,0.4640423228304054,8 курьеров выше по цепочке,1,0,90000.0,0.0,1,0,90000.0,0.0,1,0,0.00029848291599650714,0.0,3,False,False,False,8,
100000002103448100,terminal,0.0665368786810912,63,0.21242103018245498,"вход 27,000, выход 0",1,0,27000.0,0.0,1,0,27000.0,0.0,1,0,0.000289783394255228,0.0,3,False,False,False,1,
100000005996909100,coordinator,1.0,22,0.44965212343222843,7 курьеров выше по цепочке,1,0,5500.0,0.0,1,0,5500.0,0.0,1,0,0.00031594960600230085,0.0,3,False,False,False,7,
100000007392365100,coordinator,1.0,70,0.4717864383933245,7 курьеров выше по цепочке,1,6,9613.0,1765600.0,1,6,9613.0,1765600.0,1,9,0.0002861106980605716,183.66794965151357,3,False,False,False,7,4.0
100000008279405100,coordinator,1.0,78,0.4525192697395968,7 курьеров выше по цепочке,1,0,234738.0,0.0,1,0,234738.0,0.0,2,0,0.00033332885250302973,0.0,3,False,False,False,7,
100000008343874100,coordinator,1.0,51,0.4615858740852133,7 курьеров выше по цепочке,2,2,283535.0,176400.0,2,2,283535.0,176400.0,2,5,0.0003076522795593052,0.6221454141464017,3,False,False,False,7,1.5
100000002548759100,coordinator,1.0,73,0.4871902340155782,9 курьеров выше по цепочке,2,0,375000.0,0.0,2,0,375000.0,0.0,2,0,0.00030852903010496164,0.0,3,False,False,False,9,
100000003069463100,coordinator,1.0,82,0.44995129782596877,7 курьеров выше по цепочке,1,1,11500.0,17920.0,1,1,11500.0,17920.0,1,1,0.0002884531759834954,1.5582608695652174,3,False,False,False,7,9.0
100000008474391100,coordinator,1.0,43,0.44983347914749744,7 курьеров выше по цепочке,1,0,20000.0,0.0,1,0,20000.0,0.0,1,0,0.0004071507212217605,0.0,3,False,False,False,7,
100000003097324100,coordinator,1.0,60,0.48617714346821334,9 курьеров выше по цепочке,2,0,294000.0,0.0,2,0,294000.0,0.0,2,0,0.0003260131114572481,0.0,3,False,False,False,9,
100000001852140100,terminal,0.07392986520121245,8,0.2124585520545796,"вход 30,000, выход 0",1,0,30000.0,0.0,1,0,30000.0,0.0,1,0,0.0008047208113869022,0.0,3,False,False,False,1,
100000003293377100,coordinator,1.0,90,0.45020869786874373,7 курьеров выше по цепочке,1,0,50000.0,0.0,1,0,50000.0,0.0,1,0,0.000287189752920995,0.0,3,False,False,False,7,
100000006048193100,coordinator,1.0,52,0.4501031238278757,7 курьеров выше по цепочке,1,0,41559.0,0.0,1,0,41559.0,0.0,1,0,0.00029641085375483743,0.0,3,False,False,False,7,
100000002435265100,coordinator,1.0,52,0.45124215028538156,7 курьеров выше по цепочке,1,0,132628.0,0.0,1,0,132628.0,0.0,3,0,0.00029303889880759933,0.0,3,False,False,False,7,
100000004587414100,coordinator,1.0,90,0.46250726117710556,7 курьеров выше по цепочке,2,0,533603.0,0.0,2,0,533603.0,0.0,2,0,0.0003148717706403767,0.0,3,False,False,False,7,
100000001726614100,coordinator,1.0,52,0.45131830717850385,7 курьеров выше по цепочке,1,0,138717.0,0.0,1,0,138717.0,0.0,1,0,0.0002978710303376365,0.0,3,False,False,False,7,
100000003934614100,coordinator,1.0,87,0.45618979111851726,7 курьеров выше по цепочке,2,1,17000.0,11500.0,2,1,17000.0,11500.0,2,2,0.0003134906893691794,0.6764705882352942,3,False,False,False,7,3.5
100000008772246100,terminal,0.10966263338179846,63,0.21263990776984862,"вход 44,500, выход 0",1,0,44500.0,0.0,1,0,44500.0,0.0,1,0,0.00029251475539092793,0.0,3,False,False,False,1,
100000002603371100,coordinator,1.0,52,0.4496996511369196,7 курьеров выше по цепочке,1,0,9300.0,0.0,1,0,9300.0,0.0,1,0,0.0002893766428347351,0.0,3,False,False,False,7,
100000004445291100,coordinator,1.0,65,0.4498272255021433,7 курьеров выше по цепочке,1,0,19500.0,0.0,1,0,19500.0,0.0,2,0,0.0003192394235172127,0.0,3,False,False,False,7,
100000008571243100,coordinator,1.0,59,0.4779259769548999,9 курьеров выше по цепочке,1,0,134000.0,0.0,1,0,134000.0,0.0,1,0,0.00030626343281042745,0.0,3,False,False,False,9,
100000001138283100,coordinator,1.0,78,0.4512318567851287,7 курьеров выше по цепочке,1,2,81805.0,50000.0,1,2,81805.0,50000.0,1,2,0.0003022132575532862,0.6112095837662734,3,False,False,False,7,0.0
100000002593344100,coordinator,1.0,73,0.48789064229523793,9 курьеров выше по цепочке,2,0,431000.0,0.0,2,0,431000.0,0.0,2,0,0.0003589615897510939,0.0,3,False,False,False,9,
100000007390016100,coordinator,1.0,90,0.4603083351156222,7 курьеров выше по цепочке,1,1,511000.0,346500.0,1,1,511000.0,346500.0,13,14,0.0018430013608097095,0.678082191780822,3,False,False,False,7,0.0
100000001285440100,coordinator,1.0,60,0.4855392716420947,9 курьеров выше по цепочке,2,0,243000.0,0.0,2,0,243000.0,0.0,2,0,0.0003203647790984497,0.0,3,False,False,False,9,
100000006746688100,terminal,0.10103748244165701,63,0.2125961322523699,"вход 41,000, выход 0",1,0,41000.0,0.0,1,0,41000.0,0.0,1,0,0.000291968483163788,0.0,3,False,False,False,1,
100000006471232100,terminal,0.10300894551368935,63,0.21260613808493647,"вход 41,800, выход 0",1,0,41800.0,0.0,1,0,41800.0,0.0,1,0,0.00029209334538713425,0.0,3,False,False,False,1,
100000008662805100,terminal,0.040661425860666844,63,0.21228970363001878,"вход 16,500, выход 0",1,0,16500.0,0.0,1,0,16500.0,0.0,1,0,0.000288144577573808,0.0,3,False,False,False,1,
100000004292885100,terminal,0.27772986027255475,63,0.21349290499614845,"вход 112,700, выход 0",1,0,112700.0,0.0,1,0,112700.0,0.0,1,0,0.00030315925993119875,0.0,3,False,False,False,1,
100000008190442100,terminal,0.032036274920525395,63,0.21224592811254006,"вход 13,000, выход 0",1,0,13000.0,0.0,1,0,13000.0,0.0,1,0,0.000287598305346668,0.0,3,False,False,False,1,
100000007131370100,coordinator,1.0,22,0.4503337707758258,7 курьеров выше по цепочке,1,1,30000.0,30000.0,1,1,30000.0,30000.0,1,1,0.0008999890359090033,1.0,3,False,False,False,7,
100000008717802100,terminal,0.06444219916705685,63,0.212410398985353,"вход 26,150, выход 0",1,0,26150.0,0.0,1,0,26150.0,0.0,1,0,0.0002896507281429226,0.0,3,False,False,False,1,
100000005357034100,coordinator,1.0,52,0.44970532944690117,7 курьеров выше по цепочке,1,0,9754.0,0.0,1,0,9754.0,0.0,1,0,0.0002861186391759261,0.0,3,False,False,False,7,
100000005532138100,coordinator,1.0,30,0.4498965909364111,7 курьеров выше по цепочке,1,0,25046.0,0.0,1,0,25046.0,0.0,1,0,0.00029379367547638114,0.0,3,False,False,False,7,
100000005264874100,peripheral,0.2,80,0.05593412072981987,"1 отправителей, 2 получателей",1,2,30000.0,78000.0,1,2,30000.0,78000.0,1,3,0.00042829267239375297,2.6,3,False,False,False,1,
100000008193258100,coordinator,1.0,54,0.4508965988576952,7 курьеров выше по цепочке,1,1,75000.0,30000.0,1,1,75000.0,30000.0,2,1,0.00029737422274379974,0.4,3,False,False,False,7,10.5
100000003190207100,coordinator,1.0,35,0.46769445171720236,8 курьеров выше по цепочке,1,1,5000.0,377000.0,1,1,5000.0,377000.0,1,8,0.0002991258827616204,75.4,3,False,False,False,8,2.0
100000004321983100,peripheral,0.2,30,0.05517167628824746,"1 отправителей, 2 получателей",1,2,10840.0,36200.0,1,2,10840.0,36200.0,1,3,0.0003237813951694772,3.339483394833948,3,False,False,False,1,4.0
100000002633108100,coordinator,1.0,83,0.45358566635996006,7 курьеров выше по цепочке,1,0,320000.0,0.0,1,0,320000.0,0.0,3,0,0.0003760178193806783,0.0,3,False,False,False,7,
100000005941908100,coordinator,1.0,83,0.4630417395737487,8 курьеров выше по цепочке,1,0,10000.0,0.0,1,0,10000.0,0.0,1,0,0.0006923487710335455,0.0,3,False,False,False,8,
100000001835625100,coordinator,1.0,90,0.450523006084241,7 курьеров выше по цепочке,1,0,75130.0,0.0,1,0,75130.0,0.0,1,0,0.0002880041954654767,0.0,3,False,False,False,7,
100000008671081100,terminal,0.09167303284950344,63,0.2125486045476787,"вход 37,200, выход 0",1,0,37200.0,0.0,1,0,37200.0,0.0,1,0,0.0002913753876028931,0.0,3,False,False,False,1,
100000002908521100,terminal,0.10966263338179846,63,0.21263990776984862,"вход 44,500, выход 0",1,0,44500.0,0.0,1,0,44500.0,0.0,1,0,0.00029251475539092793,0.0,3,False,False,False,1,
100000000749118100,coordinator,1.0,52,0.4499189039430345,7 курьеров выше по цепочке,1,1,10330.0,16500.0,1,1,10330.0,16500.0,1,1,0.00028615107947694863,1.5972894482090998,3,False,False,False,7,19.0
100000008652094100,coordinator,1.0,52,0.45002108850812056,7 курьеров выше по цепочке,1,0,35000.0,0.0,1,0,35000.0,0.0,1,0,0.0002875404930641467,0.0,3,False,False,False,7,
100000007647294100,coordinator,1.0,88,0.45439864025599364,7 курьеров выше по цепочке,1,0,385000.0,0.0,1,0,385000.0,0.0,1,0,0.000579218128600068,0.0,3,False,False,False,7,
100000003270419100,coordinator,1.0,56,0.49145942693956457,10 курьеров выше по цепочке,1,0,150000.0,0.0,1,0,150000.0,0.0,1,0,0.0008334814098706033,0.0,3,False,False,False,10,
100000003050771100,coordinator,1.0,56,0.45244750290551305,7 курьеров выше по цепочке,1,0,229000.0,0.0,1,0,229000.0,0.0,1,0,0.0003703398485850235,0.0,3,False,False,False,7,
100000008427027100,coordinator,1.0,53,0.4933355205457959,10 курьеров выше по цепочке,1,0,300000.0,0.0,1,0,300000.0,0.0,1,0,0.0005512640793595238,0.0,3,False,False,False,10,
100000004291560100,coordinator,1.0,52,0.45017355238185364,7 курьеров выше по цепочке,1,0,47190.0,0.0,1,0,47190.0,0.0,1,0,0.00028822703346252307,0.0,3,False,False,False,7,
100000003594472100,coordinator,1.0,61,0.44983347914749744,7 курьеров выше по цепочке,1,0,20000.0,0.0,1,0,20000.0,0.0,1,0,0.0002944536874283026,0.0,3,False,False,False,7,
100000002575080100,coordinator,1.0,22,0.4499022692463926,7 курьеров выше по цепочке,1,1,13000.0,12500.0,1,1,13000.0,12500.0,1,1,0.0005518178489503663,0.9615384615384616,3,False,False,False,7,0.0
100000008038077100,coordinator,1.0,90,0.45583510259383136,7 курьеров выше по цепочке,1,0,499850.0,0.0,1,0,499850.0,0.0,2,0,0.0003017690198782214,0.0,3,False,False,False,7,
100000003899325100,coordinator,1.0,78,0.4502101987436287,7 курьеров выше по цепочке,1,0,50120.0,0.0,1,0,50120.0,0.0,1,0,0.0002966402059541681,0.0,3,False,False,False,7,
100000001155773100,terminal,0.05298307006086892,63,0.21235224008355982,"вход 21,500, выход 0",1,0,21500.0,0.0,1,0,21500.0,0.0,1,0,0.0002889249664697223,0.0,3,False,False,False,1,
100000000611474100,coordinator,1.0,43,0.449983566635996,7 курьеров выше по цепочке,1,0,32000.0,0.0,1,0,32000.0,0.0,1,0,0.0005956216679556007,0.0,3,False,False,False,7,
100000006704530100,coordinator,1.0,82,0.4605709882204946,7 курьеров выше по цепочке,1,3,450500.0,428000.0,1,3,450500.0,428000.0,1,5,0.0003985422277542583,0.9500554938956715,3,False,False,False,7,3.0
100000003996562100,coordinator,1.0,25,0.44967963947178646,7 курьеров выше по цепочке,1,0,7700.0,0.0,1,0,7700.0,0.0,1,0,0.0003281736881837659,0.0,3,False,False,False,7,
100000002646887100,coordinator,1.0,67,0.449887935891241,7 курьеров выше по цепочке,1,0,24354.0,0.0,1,0,24354.0,0.0,1,0,0.00029518757307712165,0.0,3,False,False,False,7,
100000002556775100,coordinator,1.0,90,0.4533355205457959,7 курьеров выше по цепочке,1,0,300000.0,0.0,1,0,300000.0,0.0,1,0,0.0002952920464395158,0.0,3,False,False,False,7,
100000002722108100,terminal,1.0,62,0.2354224992332336,"вход 800,000, выход 0",1,0,800000.0,0.0,1,0,800000.0,0.0,2,0,0.00032367477273130915,0.0,3,False,False,False,2,
100000002737980100,coordinator,1.0,22,0.44999482319763334,7 курьеров выше по цепочке,1,0,32900.0,0.0,1,0,32900.0,0.0,1,0,0.00029542388166028027,0.0,3,False,False,False,7,
100000002913340100,terminal,0.05815816062495379,63,0.21237850539404707,"вход 23,600, выход 0",1,0,23600.0,0.0,1,0,23600.0,0.0,1,0,0.00028925272980600625,0.0,3,False,False,False,1,
100000003610172100,coordinator,1.0,90,0.4504588436829079,7 курьеров выше по цепочке,1,0,70000.0,0.0,1,0,70000.0,0.0,1,0,0.0002878379364024767,0.0,3,False,False,False,7,
100000001052945100,coordinator,1.0,71,0.4702481291872498,7 курьеров выше по цепочке,1,3,56520.0,1595700.0,1,3,56520.0,1595700.0,1,6,0.0003015447649742742,28.23248407643312,3,False,False,False,7,17.0
100000002369510100,terminal,0.09154981640750141,63,0.2125479791831433,"вход 37,150, выход 0",1,0,37150.0,0.0,1,0,37150.0,0.0,1,0,0.000291367583713934,0.0,3,False,False,False,1,
100000001954534100,coordinator,1.0,52,0.4502462197408683,7 курьеров выше по цепочке,1,1,13000.0,40000.0,1,1,13000.0,40000.0,1,1,0.0003659515092221361,3.076923076923077,3,False,False,False,7,21.0
100000008488166100,terminal,0.013800241504226323,63,0.2121533741612993,"вход 5,600, выход 0",1,0,5600.0,0.0,1,0,5600.0,0.0,1,0,0.0002864433297807149,0.0,3,False,False,False,1,
100000005100475100,terminal,0.0985731536016166,30,0.2125836249616617,"вход 40,000, выход 0",1,0,40000.0,0.0,1,0,40000.0,0.0,1,0,0.0003377497462501435,0.0,3,False,False,False,1,
100000002708624100,coordinator,1.0,65,0.4498960156010385,7 курьеров выше по цепочке,1,0,25000.0,0.0,1,0,25000.0,0.0,1,0,0.000328736126653088,0.0,3,False,False,False,7,
100000004591973100,coordinator,1.0,42,0.4776258019779029,9 курьеров выше по цепочке,1,1,10000.0,100000.0,1,1,10000.0,100000.0,1,1,0.0003991316698685015,10.0,3,False,False,False,9,
100000000802149100,coordinator,1.0,52,0.4508856925001976,7 курьеров выше по цепочке,1,0,104128.0,0.0,1,0,104128.0,0.0,1,0,0.0002948035998809035,0.0,3,False,False,False,7,
100000003095610100,coordinator,1.0,59,0.44987931836794304,7 курьеров выше по цепочке,1,0,23665.0,0.0,1,0,23665.0,0.0,1,0,0.00029438645311679446,0.0,3,False,False,False,7,
100000004183610100,coordinator,1.0,56,0.46130266472692477,7 курьеров выше по цепочке,1,1,22000.0,915000.0,1,1,22000.0,915000.0,1,3,0.0003407627226653414,41.59090909090909,3,False,False,False,7,2.0
100000005198906100,coordinator,1.0,90,0.4531850578385761,7 курьеров выше по цепочке,1,1,227970.0,60000.0,1,1,227970.0,60000.0,1,1,0.0002929576136309596,0.26319252533228055,3,False,False,False,7,
100000008599354100,coordinator,1.0,52,0.4522749022937398,7 курьеров выше по цепочке,1,1,177000.0,38200.0,1,1,177000.0,38200.0,1,2,0.0003317435534185647,0.21581920903954802,3,False,False,False,7,10.0
100000001303311100,coordinator,1.0,60,0.5178096528976682,9 курьеров выше по цепочке,5,0,1324000.0,0.0,5,0,1324000.0,0.0,5,0,0.0005016994290161643,0.0,3,False,False,False,9,
100000008776420100,terminal,0.17127085438280884,63,0.21295259003755385,"вход 69,500, выход 0",1,0,69500.0,0.0,1,0,69500.0,0.0,1,0,0.00029641669987049937,0.0,3,False,False,False,1,
100000004737764100,coordinator,1.0,4,0.45708770775825847,7 курьеров выше по цепочке,1,0,600000.0,0.0,1,0,600000.0,0.0,1,0,0.0006766224227546178,0.0,3,False,False,False,7,
100000003154105100,coordinator,1.0,72,0.45456123503520035,7 курьеров выше по цепочке,1,7,60000.0,338000.0,1,7,60000.0,338000.0,1,9,0.000550680796574537,5.633333333333334,3,False,False,False,7,0.0
100000008708025100,coordinator,1.0,85,0.44970840624041536,7 курьеров выше по цепочке,1,0,10000.0,0.0,1,0,10000.0,0.0,1,0,0.0003092890887695541,0.0,3,False,False,False,7,
100000008740793100,terminal,0.051750905640848714,63,0.21234598643820574,"вход 21,000, выход 0",1,0,21000.0,0.0,1,0,21000.0,0.0,1,0,0.00028884692758013086,0.0,3,False,False,False,1,
100000008459449100,coordinator,1.0,52,0.4502549748443641,7 курьеров выше по цепочке,1,0,53700.0,0.0,1,0,53700.0,0.0,1,0,0.0002995780948902197,0.0,3,False,False,False,7,
100000008677518100,terminal,0.12001281450996822,63,0.2126924383908231,"вход 48,700, выход 0",1,0,48700.0,0.0,1,0,48700.0,0.0,1,0,0.000293170282063496,0.0,3,False,False,False,1,
100000002212494100,coordinator,1.0,61,0.45158449984664667,7 курьеров выше по цепочке,1,0,160000.0,0.0,1,0,160000.0,0.0,1,0,0.00035664443990538483,0.0,3,False,False,False,7,
100000001825934100,peripheral,0.2,80,0.05629683216035792,"1 отправителей, 1 получателей",1,1,40000.0,97000.0,1,1,40000.0,97000.0,1,1,0.00047586713178590694,2.425,3,False,False,False,1,
100000003736419100,coordinator,1.0,52,0.44999982611391665,7 курьеров выше по цепочке,1,1,23300.0,10000.0,1,1,23300.0,10000.0,1,1,0.0002916476006545207,0.4291845493562232,3,False,False,False,7,0.0
100000008430691100,coordinator,1.0,45,0.45739913929689285,7 курьеров выше по цепочке,1,2,20000.0,604900.0,1,2,20000.0,604900.0,1,2,0.0003069779355111296,30.245,3,False,False,False,7,0.0
100000003073635100,coordinator,1.0,78,0.4511996630188458,7 курьеров выше по цепочке,1,0,129231.0,0.0,1,0,129231.0,0.0,1,0,0.0003118625039951041,0.0,3,False,False,False,7,
100000001686328100,coordinator,1.0,73,0.4780010206991492,9 курьеров выше по цепочке,1,0,140000.0,0.0,1,0,140000.0,0.0,1,0,0.0003150543933476953,0.0,3,False,False,False,9,
100000008707810100,terminal,0.06456541560905887,63,0.2124110243498884,"вход 26,200, выход 0",1,0,26200.0,0.0,1,0,26200.0,0.0,1,0,0.00028965853203188175,0.0,3,False,False,False,1,
100000001236706100,coordinator,1.0,56,0.4643183861828902,7 курьеров выше по цепочке,3,2,142700.0,36000.0,3,2,142700.0,36000.0,3,2,0.0007662915221773794,0.25227750525578135,3,False,False,False,7,4.0
100000008536546100,coordinator,1.0,60,0.47229348934371884,8 курьеров выше по цепочке,2,0,250000.0,0.0,2,0,250000.0,0.0,2,0,0.0003172528720016747,0.0,3,False,False,False,8,
100000007140834100,coordinator,1.0,30,0.449710907698557,7 курьеров выше по цепочке,1,0,10200.0,0.0,1,0,10200.0,0.0,2,0,0.0007122600056993952,0.0,3,False,False,False,7,
100000007022818100,terminal,0.04238645604869514,63,0.21229845873351452,"вход 17,200, выход 0",1,0,17200.0,0.0,1,0,17200.0,0.0,1,0,0.000288253832019236,0.0,3,False,False,False,1,
100000007484343100,coordinator,1.0,52,0.45616799091081284,7 курьеров выше по цепочке,2,0,26757.0,0.0,2,0,26757.0,0.0,2,0,0.0002891334225528798,0.0,3,False,False,False,7,
100000001379511100,coordinator,1.0,67,0.4502712343222848,7 курьеров выше по цепочке,1,0,55000.0,0.0,1,0,55000.0,0.0,1,0,0.0003072907911907118,0.0,3,False,False,False,7,
100000004569484100,coordinator,1.0,59,0.4590140874479193,7 курьеров выше по цепочке,2,4,98312.0,156000.0,2,4,98312.0,156000.0,3,4,0.00031938100409198596,1.586784929611848,3,False,False,False,7,3.0
100000002948492100,coordinator,1.0,83,0.4498792558314895,7 курьеров выше по цепочке,1,0,23660.0,0.0,1,0,23660.0,0.0,1,0,0.00029225683204655884,0.0,3,False,False,False,7,
100000002116705100,terminal,0.04337218758471131,63,0.21230346164979783,"вход 17,600, выход 0",1,0,17600.0,0.0,1,0,17600.0,0.0,1,0,0.00028831626313090915,0.0,3,False,False,False,1,
100000002481974100,coordinator,1.0,78,0.4609293914105208,7 курьеров выше по цепочке,2,2,89447.0,318000.0,2,2,89447.0,318000.0,2,4,0.0003316686610389915,3.5551779265934016,3,False,False,False,7,5.0
100000003920950100,coordinator,1.0,30,0.45362681534639004,7 курьеров выше по цепочке,1,0,323290.0,0.0,1,0,323290.0,0.0,1,0,0.0003917283702075202,0.0,3,False,False,False,7,
100000000733451100,coordinator,1.0,56,0.49421103089537044,10 курьеров выше по цепочке,1,1,70000.0,300000.0,1,1,70000.0,300000.0,2,1,0.0005412616148555033,4.285714285714286,3,False,False,False,10,
100000005182219100,coordinator,1.0,90,0.4565212343222848,7 курьеров выше по цепочке,2,0,55000.0,0.0,2,0,55000.0,0.0,2,0,0.000354129497884144,0.0,3,False,False,False,7,
100000008633099100,coordinator,1.0,30,0.4499956736934015,7 курьеров выше по цепочке,1,1,19468.0,13500.0,1,1,19468.0,13500.0,1,1,0.00029196202177266776,0.6934456544072324,3,False,False,False,7,8.0
100000001380107100,coordinator,1.0,36,0.48965837707758253,10 курьеров выше по цепочке,1,0,6000.0,0.0,1,0,6000.0,0.0,1,0,0.00029094848350339587,0.0,3,False,False,False,10,
100000008755168100,terminal,0.04337218758471131,63,0.21230346164979783,"вход 17,600, выход 0",1,0,17600.0,0.0,1,0,17600.0,0.0,1,0,0.00028831626313090915,0.0,3,False,False,False,1,
100000002628576100,coordinator,1.0,90,0.47167859480033014,7 курьеров выше по цепочке,2,2,727882.0,539000.0,2,2,727882.0,539000.0,3,2,0.0003113901539132389,0.7405046422359668,3,False,False,False,7,0.0
100000001611488100,coordinator,1.0,90,0.4655802649822403,7 курьеров выше по цепочке,2,0,779300.0,0.0,2,0,779300.0,0.0,3,0,0.0008775368508533171,0.0,3,False,False,False,7,
100000005375968100,coordinator,1.0,52,0.45278622535247276,7 курьеров выше по цепочке,1,2,170082.0,86000.0,1,2,170082.0,86000.0,1,4,0.0002951483068536033,0.5056384567443939,3,False,False,False,7,0.0
100000003581109100,coordinator,1.0,52,0.4501180200111092,7 курьеров выше по цепочке,1,0,42750.0,0.0,1,0,42750.0,0.0,1,0,0.00028797697280880764,0.0,3,False,False,False,7,
100000002933386100,coordinator,1.0,4,0.45049636555503253,7 курьеров выше по цепочке,1,1,15000.0,58000.0,1,1,15000.0,58000.0,1,1,0.000652782324912921,3.8666666666666667,3,False,False,False,7,
100000002284426100,coordinator,1.0,90,0.45070898949707205,7 курьеров выше по цепочке,1,0,90000.0,0.0,1,0,90000.0,0.0,2,0,0.00028848611988395835,0.0,3,False,False,False,7,
100000008579978100,coordinator,1.0,90,0.45097164260194444,7 курьеров выше по цепочке,1,1,34000.0,77000.0,1,1,34000.0,77000.0,1,6,0.0002866712061358097,2.264705882352941,3,False,False,False,7,0.0
100000001549194100,coordinator,1.0,83,0.450164922351265,7 курьеров выше по цепочке,1,0,46500.0,0.0,1,0,46500.0,0.0,1,0,0.0002987125955300956,0.0,3,False,False,False,7,
100000001427082100,coordinator,1.0,72,0.45120803039632956,7 курьеров выше по цепочке,1,5,5000.0,124900.0,1,5,5000.0,124900.0,1,6,0.0004392450523980504,24.98,3,False,False,False,7,3.0
100000004657034100,coordinator,1.0,90,0.45134998814586774,7 курьеров выше по цепочке,1,0,141250.0,0.0,1,0,141250.0,0.0,1,0,0.0002901470900552552,0.0,3,False,False,False,7,
100000003796063100,coordinator,1.0,90,0.4620174563908989,7 курьеров выше по цепочке,1,15,35000.0,959150.0,1,15,35000.0,959150.0,1,23,0.0006852648705720575,27.404285714285713,3,False,False,False,7,0.0
100000005268319100,coordinator,1.0,90,0.45096805050805305,7 курьеров выше по цепочке,1,5,19712.8,91000.0,1,5,19712.8,91000.0,2,10,0.0002936395632308343,4.6162899232985675,3,False,False,False,7,0.0
100000008744799100,terminal,0.03105054338450923,63,0.21224092519625679,"вход 12,600, выход 0",1,0,12600.0,0.0,1,0,12600.0,0.0,1,0,0.00028753587423499484,0.0,3,False,False,False,1,
100000008677215100,coordinator,1.0,43,0.4496958989497072,7 курьеров выше по цепочке,1,0,9000.0,0.0,1,0,9000.0,0.0,1,0,0.0003043767156368611,0.0,3,False,False,False,7,
100000007593823100,coordinator,1.0,52,0.4644334532574057,7 курьеров выше по цепочке,3,13,25000.0,162900.0,3,13,25000.0,162900.0,3,21,0.000290592094563477,6.516,3,False,False,False,7,0.0
100000001282143100,coordinator,1.0,62,0.535845727537288,10 курьеров выше по цепочке,5,0,1700000.0,0.0,5,0,1700000.0,0.0,6,0,0.00040176306143270535,0.0,3,False,False,False,10,
100000008029279100,coordinator,1.0,78,0.4497959572753728,7 курьеров выше по цепочке,1,0,17000.0,0.0,1,0,17000.0,0.0,1,0,0.0002890280971842479,0.0,3,False,False,False,7,
100000000594783100,terminal,1.0,44,0.2602807395157983,"вход 2,635,000, выход 152,500",1,2,2635000.0,152500.0,1,2,2635000.0,152500.0,10,2,0.0013815888060884878,0.05787476280834915,3,False,False,False,2,1.0
100000002705460100,coordinator,1.0,22,0.4507715259506131,7 курьеров выше по цепочке,1,0,95000.0,0.0,1,0,95000.0,0.0,1,0,0.000557727242255144,0.0,3,False,False,False,7,
100000002952756100,terminal,0.1158234554818995,59,0.21267117599661917,"вход 47,000, выход 0",1,0,47000.0,0.0,1,0,47000.0,0.0,1,0,0.0003677090010006242,0.0,3,False,False,False,1,
100000004634420100,terminal,0.06444219916705685,63,0.212410398985353,"вход 26,150, выход 0",1,0,26150.0,0.0,1,0,26150.0,0.0,1,0,0.0002896507281429226,0.0,3,False,False,False,1,
100000000583220100,coordinator,1.0,89,0.4591671073749517,7 курьеров выше по цепочке,1,1,5000.0,761255.0,1,1,5000.0,761255.0,1,4,0.0002981132552282115,152.251,3,False,False,False,7,2.0
100000003286537100,coordinator,1.0,73,0.4710802821450226,8 курьеров выше по цепочке,2,0,153000.0,0.0,2,0,153000.0,0.0,2,0,0.0003010947151858364,0.0,3,False,False,False,8,
100000002958345100,terminal,0.7565489538924074,62,0.22925640491408675,"вход 307,000, выход 0",1,0,307000.0,0.0,1,0,307000.0,0.0,1,0,0.0003001922715970454,0.0,3,False,False,False,2,
100000005055454100,terminal,0.016018137460262698,26,0.2121646307229367,"вход 6,500, выход 0",1,0,6500.0,0.0,1,0,6500.0,0.0,1,0,0.000505981015832426,0.0,3,False,False,False,1,
100000008738526100,coordinator,1.0,60,0.464855296726439,8 курьеров выше по цепочке,1,1,15000.0,140000.0,1,1,15000.0,140000.0,1,1,0.0002874522211122593,9.333333333333334,3,False,False,False,8,5.0
100000001298099100,coordinator,1.0,59,0.44982097185678926,7 курьеров выше по цепочке,1,0,19000.0,0.0,1,0,19000.0,0.0,1,0,0.0002926483569297594,0.0,3,False,False,False,7,
100000006491272100,terminal,0.06456541560905887,63,0.2124110243498884,"вход 26,200, выход 0",1,0,26200.0,0.0,1,0,26200.0,0.0,1,0,0.00028965853203188175,0.0,3,False,False,False,1,
100000000552584100,terminal,1.0,44,0.2574040626529103,"вход 2,500,000, выход 57,500",1,1,2500000.0,57500.0,1,1,2500000.0,57500.0,3,1,0.0013254360037725063,0.023,3,False,False,False,2,4.0
100000005187208100,coordinator,1.0,90,0.4497604365697615,7 курьеров выше по цепочке,1,0,14160.0,0.0,1,0,14160.0,0.0,1,0,0.0003119707842377321,0.0,3,False,False,False,7,
100000003528285100,coordinator,1.0,4,0.4766740702879164,7 курьеров выше по цепочке,4,4,118870.0,548000.0,4,4,118870.0,548000.0,5,6,0.00040427564554845465,4.6100782367292,3,False,False,False,7,3.0
100000001484381100,coordinator,1.0,59,0.45702884271567745,7 курьеров выше по цепочке,2,0,95585.0,0.0,2,0,95585.0,0.0,4,0,0.0003213079861341874,0.0,3,False,False,False,7,
100000002508637100,terminal,0.7550949998767835,51,0.21601575060490122,"вход 306,410, выход 8,000",1,1,306410.0,8000.0,1,1,306410.0,8000.0,1,1,0.00030739263356746913,0.02610880845925394,3,False,False,False,1,12.0
100000003149149100,coordinator,1.0,90,0.4526476195568444,7 курьеров выше по цепочке,1,0,245000.0,0.0,1,0,245000.0,0.0,1,0,0.00029350954186544125,0.0,3,False,False,False,7,
100000001538095100,coordinator,1.0,62,0.4860020413982984,9 курьеров выше по цепочке,2,0,280000.0,0.0,2,0,280000.0,0.0,2,0,0.00033013522666239774,0.0,3,False,False,False,9,
100000008695133100,terminal,0.0902190788338796,63,0.21254122524616087,"вход 36,610, выход 0",1,0,36610.0,0.0,1,0,36610.0,0.0,1,0,0.00029128330171317526,0.0,3,False,False,False,1,
100000008749405100,terminal,0.09154981640750141,63,0.2125479791831433,"вход 37,150, выход 0",1,0,37150.0,0.0,1,0,37150.0,0.0,1,0,0.000291367583713934,0.0,3,False,False,False,1,
100000005815602100,coordinator,1.0,22,0.45189718211435187,7 курьеров выше по цепочке,1,1,20000.0,165000.0,1,1,20000.0,165000.0,1,1,0.0005521710322392155,8.25,3,False,False,False,7,19.0
100000006641671100,coordinator,1.0,78,0.45642117599661913,7 курьеров выше по цепочке,2,1,22000.0,25000.0,2,1,22000.0,25000.0,2,3,0.0004399911079982389,1.1363636363636365,3,False,False,False,7,0.0
100000002945031100,coordinator,1.0,56,0.4497709426939564,7 курьеров выше по цепочке,1,0,15000.0,0.0,1,0,15000.0,0.0,1,0,0.000291121950616924,0.0,3,False,False,False,7,
100000003497735100,coordinator,1.0,64,0.45114674467185933,7 курьеров выше по цепочке,1,0,125000.0,0.0,1,0,125000.0,0.0,1,0,0.00030694621061712747,0.0,3,False,False,False,7,
100000004644615100,peripheral,0.2,59,0.05996740930094945,"1 отправителей, 2 получателей",1,2,50810.0,379665.0,1,2,50810.0,379665.0,1,14,0.00037436756021008163,7.472249557173785,3,False,False,False,1,0.0
100000002755292100,coordinator,1.0,90,0.45212731626338293,7 курьеров выше по цепочке,1,0,203400.0,0.0,1,0,203400.0,0.0,1,0,0.0002921613202239594,0.0,3,False,False,False,7,
100000005142492100,coordinator,1.0,30,0.45042132181078326,7 курьеров выше по цепочке,1,1,10000.0,57000.0,1,1,10000.0,57000.0,1,1,0.0019077900971988637,5.7,3,False,False,False,7,0.0
100000002893020100,coordinator,1.0,59,0.4498127170449218,7 курьеров выше по цепочке,1,0,18340.0,0.0,1,0,18340.0,0.0,1,0,0.00029240245264606314,0.0,3,False,False,False,7,
100000004500444100,coordinator,1.0,83,0.4590101851732183,7 курьеров выше по цепочке,2,1,180000.0,74000.0,2,1,180000.0,74000.0,7,5,0.0004643947559108734,0.4111111111111111,3,False,False,False,7,5.0
100000008454065100,coordinator,1.0,83,0.4498841336748657,7 курьеров выше по цепочке,1,0,24050.0,0.0,1,0,24050.0,0.0,1,0,0.00029236706618660175,0.0,3,False,False,False,7,
100000008416433100,coordinator,1.0,83,0.44983347914749744,7 курьеров выше по цепочке,1,0,20000.0,0.0,1,0,20000.0,0.0,1,0,0.0002912223270400026,0.0,3,False,False,False,7,
100000005265073100,coordinator,1.0,35,0.4630917687365816,8 курьеров выше по цепочке,1,1,5000.0,9000.0,1,1,5000.0,9000.0,1,1,0.0002991258827616204,1.8,3,False,False,False,8,
100000006734214100,coordinator,1.0,90,0.4826630431308361,7 курьеров выше по цепочке,5,3,610000.0,36000.0,5,3,610000.0,36000.0,10,4,0.0006063901366273082,0.05901639344262295,3,False,False,False,7,5.0
100000002611334100,coordinator,1.0,52,0.4503811483930285,7 курьеров выше по цепочке,1,1,48288.0,15500.0,1,1,48288.0,15500.0,1,1,0.0003053380307806398,0.3209907223326706,3,False,False,False,7,27.0
100000006225798100,coordinator,1.0,54,0.4714425389702858,7 курьеров выше по цепочке,3,2,722000.0,26300.0,3,2,722000.0,26300.0,4,2,0.00035996892038230857,0.03642659279778394,3,False,False,False,7,
100000002849158100,coordinator,1.0,73,0.5142148438819127,9 курьеров выше по цепочке,3,1,723000.0,1313000.0,3,1,723000.0,1313000.0,3,3,0.00033624556849174277,1.8160442600276625,3,False,False,False,9,0.0
100000008686214100,coordinator,1.0,4,0.4498960156010385,7 курьеров выше по цепочке,1,0,25000.0,0.0,1,0,25000.0,0.0,1,0,0.00029772792993778554,0.0,3,False,False,False,7,
100000004931931100,coordinator,1.0,52,0.4504455609401758,7 курьеров выше по цепочке,1,1,23938.0,45000.0,1,1,23938.0,45000.0,1,1,0.000291814036684862,1.8798562954298605,3,False,False,False,7,3.0
100000007510875100,terminal,0.012321644200202075,50,0.21214586978687439,"вход 5,000, выход 0",1,0,5000.0,0.0,1,0,5000.0,0.0,1,0,0.00035624626017075875,0.0,3,False,False,False,1,
100000005233755100,coordinator,1.0,54,0.4499585520545795,7 курьеров выше по цепочке,1,1,25000.0,5000.0,1,1,25000.0,5000.0,1,1,0.0002916076698087042,0.2,3,False,False,False,7,0.0
100000008042075100,terminal,0.012321644200202075,44,0.21214586978687439,"вход 5,000, выход 0",1,0,5000.0,0.0,1,0,5000.0,0.0,1,0,0.00029195667457243503,0.0,3,False,False,False,1,
100000001680944100,coordinator,1.0,60,0.481165365248326,9 курьеров выше по цепочке,1,0,393000.0,0.0,1,0,393000.0,0.0,1,0,0.00034558988439926675,0.0,3,False,False,False,9,
100000008417029100,coordinator,1.0,73,0.4775007290708208,9 курьеров выше по цепочке,1,0,100000.0,0.0,1,0,100000.0,0.0,1,0,0.00030663007931043686,0.0,3,False,False,False,9,
100000004975919100,coordinator,1.0,78,0.4500504931485756,7 курьеров выше по цепочке,1,2,22351.0,15000.0,1,2,22351.0,15000.0,1,2,0.00029011680628284717,0.6711109122634334,3,False,False,False,7,
100000003087877100,terminal,0.2254515882599374,51,0.2132275753310645,"вход 91,486, выход 0",1,0,91486.0,0.0,1,0,91486.0,0.0,1,0,0.00029208517171407756,0.0,3,False,False,False,1,
100000008295429100,coordinator,1.0,90,0.4539858996626227,7 курьеров выше по цепочке,1,0,352000.0,0.0,1,0,352000.0,0.0,1,0,0.00029697732349136816,0.0,3,False,False,False,7,
100000003254277100,coordinator,1.0,52,0.45076148259617443,7 курьеров выше по цепочке,1,1,49200.0,44997.0,1,1,49200.0,44997.0,1,1,0.0002883402365962997,0.9145731707317073,3,False,False,False,7,0.0
100000005314565100,coordinator,1.0,52,0.45231617635307686,7 курьеров выше по цепочке,1,0,218500.0,0.0,1,0,218500.0,0.0,3,0,0.0003750215171110066,0.0,3,False,False,False,7,
100000002951898100,coordinator,1.0,83,0.45008349988875457,7 курьеров выше по цепочке,1,0,39990.0,0.0,1,0,39990.0,0.0,1,0,0.00029687253334630294,0.0,3,False,False,False,7,
100000001009583100,coordinator,1.0,90,0.45450795397678334,7 курьеров выше по цепочке,1,0,393740.0,0.0,1,0,393740.0,0.0,1,0,0.00029833008241722037,0.0,3,False,False,False,7,
100000004064431100,peripheral,0.2,55,0.05503359579882884,"1 отправителей, 1 получателей",1,1,26000.0,10000.0,1,1,26000.0,10000.0,1,1,0.0002910534469463005,0.38461538461538464,3,False,False,False,1,2.0
100000001927599100,coordinator,1.0,59,0.4848513706531432,9 курьеров выше по цепочке,2,0,188000.0,0.0,2,0,188000.0,0.0,2,0,0.0003272554677154655,0.0,3,False,False,False,9,
100000007737775100,coordinator,1.0,34,0.4629917104109159,8 курьеров выше по цепочке,1,0,6000.0,0.0,1,0,6000.0,0.0,1,0,0.00030312962676534933,0.0,3,False,False,False,8,
100000003157679100,coordinator,1.0,73,0.5017664442731409,9 курьеров выше по цепочке,4,0,541000.0,0.0,4,0,541000.0,0.0,4,0,0.0003728530959036694,0.0,3,False,False,False,9,
100000001229743100,coordinator,1.0,52,0.44978344998466463,7 курьеров выше по цепочке,1,1,7000.0,9000.0,1,1,7000.0,9000.0,1,1,0.0002884350404884854,1.2857142857142858,3,False,False,False,7,6.0
100000003795588100,coordinator,1.0,52,0.45458624961661676,7 курьеров выше по цепочке,1,0,400000.0,0.0,1,0,400000.0,0.0,2,0,0.00032104219550652184,0.0,3,False,False,False,7,
100000002301828100,coordinator,1.0,54,0.4501708883289328,7 курьеров выше по цепочке,1,0,46977.0,0.0,1,0,46977.0,0.0,1,0,0.00029296342924915497,0.0,3,False,False,False,7,
100000005409156100,coordinator,1.0,90,0.4590862295007242,7 курьеров выше по цепочке,2,0,260080.0,0.0,2,0,260080.0,0.0,2,0,0.00042393100512820185,0.0,3,False,False,False,7,
100000002513028100,coordinator,1.0,74,0.45386344077929863,7 курьеров выше по цепочке,1,3,9500.0,332709.0,1,3,9500.0,332709.0,1,24,0.0003055978968624265,35.022,3,False,False,False,7,
100000003218308100,coordinator,1.0,52,0.44972297723409044,7 курьеров выше по цепочке,1,0,11165.0,0.0,1,0,11165.0,0.0,1,0,0.0002861981066494379,0.0,3,False,False,False,7,
100000008489604100,terminal,0.027107617240444564,63,0.21222091353112363,"вход 11,000, выход 0",1,0,11000.0,0.0,1,0,11000.0,0.0,1,0,0.0002872861497883023,0.0,3,False,False,False,1,
100000004450649100,coordinator,1.0,90,0.4588232637135841,7 курьеров выше по цепочке,2,2,192528.0,46527.0,2,2,192528.0,46527.0,2,2,0.0002989552239324566,0.24166355023684866,3,False,False,False,7,3.0
100000008767065100,coordinator,1.0,60,0.47637507290708203,9 курьеров выше по цепочке,1,0,10000.0,0.0,1,0,10000.0,0.0,1,0,0.0002870965356977483,0.0,3,False,False,False,9,
100000003035737100,coordinator,1.0,90,0.4660357120949531,7 курьеров выше по цепочке,2,1,809170.0,6544.53,2,1,809170.0,6544.53,3,1,0.0003788112784639957,0.008087954323566123,3,False,False,False,7,4.0
100000002748761100,terminal,1.0,62,0.23538247590296735,"вход 796,800, выход 0",1,0,796800.0,0.0,1,0,796800.0,0.0,3,0,0.0003235223508172531,0.0,3,False,False,False,2,
100000008432942100,coordinator,1.0,52,0.45014043307605833,7 курьеров выше по цепочке,1,0,44542.0,0.0,1,0,44542.0,0.0,2,0,0.0002880778981897667,0.0,3,False,False,False,7,
100000004278574100,coordinator,1.0,90,0.4500523567348911,7 курьеров выше по цепочке,1,1,25000.0,12500.0,1,1,25000.0,12500.0,1,1,0.000286379523569143,0.5,3,False,False,False,7,11.0
100000000926766100,coordinator,1.0,65,0.4498928887783614,7 курьеров выше по цепочке,1,1,18750.0,6000.0,1,1,18750.0,6000.0,1,1,0.00031794441854413876,0.32,3,False,False,False,7,0.0
100000008661550100,terminal,0.05618669755292146,63,0.21236849956148052,"вход 22,800, выход 0",1,0,22800.0,0.0,1,0,22800.0,0.0,1,0,0.00028912786758266,0.0,3,False,False,False,1,
100000000783406100,coordinator,1.0,88,0.4496592025587693,7 курьеров выше по цепочке,1,0,6066.0,0.0,1,0,6066.0,0.0,1,0,0.0002901959794883712,0.0,3,False,False,False,7,
100000008730371100,coordinator,1.0,52,0.4623371245016018,7 курьеров выше по цепочке,2,0,520000.0,0.0,2,0,520000.0,0.0,3,0,0.0008583627263123976,0.0,3,False,False,False,7,
100000002878467100,coordinator,1.0,67,0.4716681248083084,8 курьеров выше по цепочке,2,0,200000.0,0.0,2,0,200000.0,0.0,2,0,0.00031440364212176087,0.0,3,False,False,False,8,
100000003171587100,coordinator,1.0,90,0.4699828313115298,7 курьеров выше по цепочке,2,2,700000.0,431300.0,2,2,700000.0,431300.0,2,7,0.00031601841593021003,0.6161428571428571,3,False,False,False,7,4.0
100000002696152100,coordinator,1.0,34,0.46405232866297197,8 курьеров выше по цепочке,1,2,21800.0,69000.0,1,2,21800.0,69000.0,3,8,0.0012050605596790834,3.165137614678899,3,False,False,False,8,2.0
100000002109656100,terminal,1.0,62,0.231670312020771,"вход 500,000, выход 0",1,0,500000.0,0.0,1,0,500000.0,0.0,1,0,0.00030938521828855235,0.0,3,False,False,False,2,
100000001317336100,coordinator,1.0,61,0.473137013165869,7 курьеров выше по цепочке,1,2,131196.0,1752000.0,1,2,131196.0,1752000.0,1,3,0.0003438491368028857,13.354065672733924,3,False,False,False,7,4.0
100000005222360100,coordinator,1.0,83,0.449983566635996,7 курьеров выше по цепочке,1,1,5000.0,27000.0,1,1,5000.0,27000.0,1,1,0.0006008605701429425,5.4,3,False,False,False,7,4.0
100000001445848100,coordinator,1.0,88,0.46081300429569844,7 курьеров выше по цепочке,1,1,546000.0,351850.0,1,1,546000.0,351850.0,13,14,0.0007020167320692293,0.6444139194139195,3,False,False,False,7,1.0
100000008720856100,coordinator,1.0,90,0.450385113204183,7 курьеров выше по цепочке,1,1,18105.0,46000.0,1,1,18105.0,46000.0,1,2,0.00031932628410571523,2.5407346037006353,3,False,False,False,7,
100000002448088100,coordinator,1.0,72,0.4626461614152027,7 курьеров выше по цепочке,3,1,20000.0,25000.0,3,1,20000.0,25000.0,3,1,0.0005086560796474201,1.25,3,False,False,False,7,0.0
100000003109805100,coordinator,1.0,54,0.4500452150718967,7 курьеров выше по цепочке,1,0,36929.0,0.0,1,0,36929.0,0.0,1,0,0.00029138188362469686,0.0,3,False,False,False,7,
100000008223661100,coordinator,1.0,67,0.47497730378388625,8 курьеров выше по цепочке,2,5,202000.0,262580.0,2,5,202000.0,262580.0,2,5,0.00031466917502238233,1.29990099009901,3,False,False,False,8,0.0
100000004096559100,terminal,0.11385199240986717,30,0.2126611701640526,"вход 46,200, выход 0",1,0,46200.0,0.0,1,0,46200.0,0.0,1,0,0.0009765877187482858,0.0,3,False,False,False,1,
100000002257794100,terminal,0.3795066413662239,55,0.21400945610239747,"вход 154,000, выход 0",1,0,154000.0,0.0,1,0,154000.0,0.0,1,0,0.000860634101132436,0.0,3,False,False,False,1,
100000003112578100,terminal,0.24909435915128514,62,0.2266809036114524,"вход 101,080, выход 0",1,0,101080.0,0.0,1,0,101080.0,0.0,1,0,0.0002903839214275371,0.0,3,False,False,False,2,
100000007020162100,coordinator,1.0,83,0.450663900714069,7 курьеров выше по цепочке,1,0,86395.0,0.0,1,0,86395.0,0.0,1,0,0.0003099889827531998,0.0,3,False,False,False,7,
100000001934935100,coordinator,1.0,52,0.4510708879537141,7 курьеров выше по цепочке,1,0,118935.0,0.0,1,0,118935.0,0.0,1,0,0.0002922677094987423,0.0,3,False,False,False,7,
100000002663511100,coordinator,1.0,52,0.4529470440963989,7 курьеров выше по цепочке,1,0,268940.0,0.0,1,0,268940.0,0.0,1,0,0.0003094194993991053,0.0,3,False,False,False,7,
100000003338583100,terminal,0.05363611720347963,55,0.2123555545155975,"вход 21,765, выход 0",1,0,21765.0,0.0,1,0,21765.0,0.0,1,0,0.00029016016283832526,0.0,3,False,False,False,1,
100000002904919100,coordinator,1.0,52,0.4504066257442011,7 курьеров выше по цепочке,1,1,60325.0,5500.0,1,1,60325.0,5500.0,1,1,0.00029091905114297305,0.09117281392457521,3,False,False,False,7,
100000005127767100,coordinator,1.0,77,0.4496708843682907,7 курьеров выше по цепочке,1,0,7000.0,0.0,1,0,7000.0,0.0,1,0,0.0004225316662796324,0.0,3,False,False,False,7,
100000004066647100,coordinator,1.0,64,0.4502212051594519,7 курьеров выше по цепочке,1,0,51000.0,0.0,1,0,51000.0,0.0,1,0,0.0002942910761084242,0.0,3,False,False,False,7,
100000002394199100,peripheral,0.2,30,0.05901310301991313,"1 отправителей, 1 получателей",1,1,277398.0,76777.0,1,1,277398.0,76777.0,3,1,0.0029678523915121872,0.2767756076107254,3,False,False,False,1,10.0
100000003968044100,coordinator,1.0,78,0.45397339237191453,7 курьеров выше по цепочке,1,3,40000.0,311000.0,1,3,40000.0,311000.0,1,4,0.000296004155053737,7.775,3,False,False,False,7,4.0
100000001808684100,peripheral,0.2,30,0.055660211063310094,"1 отправителей, 1 получателей",1,1,48400.0,37700.0,1,1,48400.0,37700.0,3,2,0.0011690957183659054,0.7789256198347108,3,False,False,False,1,2.0
100000008097580100,coordinator,1.0,78,0.456233566635996,7 курьеров выше по цепочке,2,0,32000.0,0.0,2,0,32000.0,0.0,4,0,0.0006747919200885517,0.0,3,False,False,False,7,
100000008687617100,terminal,0.106828655215752,63,0.2126255243855342,"вход 43,350, выход 0",1,0,43350.0,0.0,1,0,43350.0,0.0,2,0,0.0002923352659448677,0.0,3,False,False,False,1,
100000005667841100,coordinator,1.0,67,0.4714930227383935,8 курьеров выше по цепочке,2,0,186000.0,0.0,2,0,186000.0,0.0,2,0,0.00031222556371948533,0.0,3,False,False,False,8,
100000001329153100,coordinator,1.0,52,0.45146801944828113,7 курьеров выше по цепочке,1,0,150687.0,0.0,1,0,150687.0,0.0,1,0,0.00029405598109260987,0.0,3,False,False,False,7,
100000007689942100,coordinator,1.0,64,0.4499585520545795,7 курьеров выше по цепочке,1,2,5000.0,25000.0,1,2,5000.0,25000.0,1,2,0.0008925911171850297,5.0,3,False,False,False,7,
100000006476758100,coordinator,1.0,34,0.4629817045783493,8 курьеров выше по цепочке,1,0,5200.0,0.0,1,0,5200.0,0.0,1,0,0.0005168074362570573,0.0,3,False,False,False,8,
100000002184107100,coordinator,1.0,88,0.4496592025587693,7 курьеров выше по цепочке,1,0,6066.0,0.0,1,0,6066.0,0.0,1,0,0.0002901959794883712,0.0,3,False,False,False,7,
100000008663723100,terminal,0.03844352990463047,63,0.2122784470683814,"вход 15,600, выход 0",1,0,15600.0,0.0,1,0,15600.0,0.0,1,0,0.00028800410757254345,0.0,3,False,False,False,1,
100000000254336100,coordinator,1.0,52,0.4577991917649774,7 курьеров выше по цепочке,2,1,97177.0,60000.0,2,1,97177.0,60000.0,2,1,0.0002919351427687482,0.6174300503205491,3,False,False,False,7,0.5
100000008750464100,terminal,0.02094679514034353,63,0.2121896453043531,"вход 8,500, выход 0",1,0,8500.0,0.0,1,0,8500.0,0.0,1,0,0.00028689595534034515,0.0,3,False,False,False,1,
100000001530709100,coordinator,1.0,52,0.4502582392472389,7 курьеров выше по цепочке,1,0,53961.0,0.0,1,0,53961.0,0.0,1,0,0.00028860837595943913,0.0,3,False,False,False,7,
100000000656682100,coordinator,1.0,52,0.45147193423027276,7 курьеров выше по цепочке,1,2,71000.0,80000.0,1,2,71000.0,80000.0,1,3,0.0002895680118780556,1.1267605633802817,3,False,False,False,7,5.0
100000008755754100,terminal,0.017250301880282905,62,0.21217088436829082,"вход 7,000, выход 0",1,0,7000.0,0.0,1,0,7000.0,0.0,1,0,0.0002958990020703291,0.0,3,False,False,False,1,
100000002691583100,coordinator,1.0,82,0.4531504126433144,7 курьеров выше по цепочке,1,0,285200.0,0.0,1,0,285200.0,0.0,1,0,0.0003570895620191624,0.0,3,False,False,False,7,
100000005241556100,coordinator,1.0,51,0.4641673957374875,8 курьеров выше по цепочке,1,0,100000.0,0.0,1,0,100000.0,0.0,1,0,0.0005490718879795894,0.0,3,False,False,False,8,
100000004713684100,coordinator,1.0,52,0.4500523567348911,7 курьеров выше по цепочке,1,0,37500.0,0.0,1,0,37500.0,0.0,1,0,0.00028768129298177927,0.0,3,False,False,False,7,
100000006919124100,coordinator,1.0,52,0.4498960156010385,7 курьеров выше по цепочке,1,0,25000.0,0.0,1,0,25000.0,0.0,1,0,0.0002869772933936165,0.0,3,False,False,False,7,
100000003006633100,coordinator,1.0,88,0.44970840624041536,7 курьеров выше по цепочке,1,0,10000.0,0.0,1,0,10000.0,0.0,1,0,0.0002931965366687916,0.0,3,False,False,False,7,
100000008306857100,terminal,0.3080411050050519,62,0.22698007800519276,"вход 125,000, выход 0",1,0,125000.0,0.0,1,0,125000.0,0.0,1,0,0.0002915232752351062,0.0,3,False,False,False,2,
100000003671721100,coordinator,1.0,59,0.476312536453541,9 курьеров выше по цепочке,1,0,5000.0,0.0,1,0,5000.0,0.0,1,0,0.000558742155523584,0.0,3,False,False,False,9,
100000002613929100,coordinator,1.0,50,0.46327387488929306,8 курьеров выше по цепочке,1,0,28560.0,0.0,1,0,28560.0,0.0,1,0,0.0007809340979896417,0.0,3,False,False,False,8,
100000008669310100,coordinator,1.0,52,0.45032835511894914,7 курьеров выше по цепочке,1,0,59567.0,0.0,1,0,59567.0,0.0,2,0,0.00028892410569473836,0.0,3,False,False,False,7,
100000006573438100,coordinator,1.0,69,0.4496458697868743,7 курьеров выше по цепочке,1,0,5000.0,0.0,1,0,5000.0,0.0,1,0,0.000299086879906217,0.0,3,False,False,False,7,
100000006165886100,coordinator,1.0,52,0.45907873763359003,7 курьеров выше по цепочке,2,1,184481.0,75000.0,2,1,184481.0,75000.0,2,1,0.00029856163893927847,0.4065459315593476,3,False,False,False,7,5.5
100000008491390100,coordinator,1.0,52,0.4500335957988288,7 курьеров выше по цепочке,1,0,36000.0,0.0,1,0,36000.0,0.0,1,0,0.00028759681303119975,0.0,3,False,False,False,7,
100000005186131100,coordinator,1.0,52,0.44983347914749744,7 курьеров выше по цепочке,1,1,10000.0,10000.0,1,1,10000.0,10000.0,1,1,0.00028613249388782113,1.0,3,False,False,False,7,0.0
100000001550419100,coordinator,1.0,83,0.4498710010196221,7 курьеров выше по цепочке,1,0,23000.0,0.0,1,0,23000.0,0.0,1,0,0.0002920702819634094,0.0,3,False,False,False,7,
100000004979283100,coordinator,1.0,59,0.45008527592403513,7 курьеров выше по цепочке,1,0,40132.0,0.0,1,0,40132.0,0.0,1,0,0.0003005217649950165,0.0,3,False,False,False,7,
100000002537811100,coordinator,1.0,34,0.5037546551441165,11 курьеров выше по цепочке,1,1,52000.0,15000.0,1,1,52000.0,15000.0,1,1,0.0012313777249476486,0.28846153846153844,3,False,False,False,11,
100000002990675100,coordinator,1.0,90,0.4502229937020232,7 курьеров выше по цепочке,1,0,51143.0,0.0,1,0,51143.0,0.0,1,0,0.00028722679660696173,0.0,3,False,False,False,7,
100000008763688100,terminal,0.051750905640848714,63,0.21234598643820574,"вход 21,000, выход 0",1,0,21000.0,0.0,1,0,21000.0,0.0,1,0,0.00028884692758013086,0.0,3,False,False,False,1,
100000002809896100,coordinator,1.0,59,0.4500586103802452,7 курьеров выше по цепочке,1,0,38000.0,0.0,1,0,38000.0,0.0,1,0,0.0002997274196422279,0.0,3,False,False,False,7,
100000008716072100,terminal,0.029818378964489023,63,0.21223467155090267,"вход 12,100, выход 0",1,0,12100.0,0.0,1,0,12100.0,0.0,1,0,0.00028745783534540344,0.0,3,False,False,False,1,
100000001279272100,coordinator,1.0,52,0.45442062807305866,7 курьеров выше по цепочке,1,2,250000.0,136758.0,1,2,250000.0,136758.0,1,2,0.0003077398575230603,0.547032,3,False,False,False,7,2.0
100000001714173100,coordinator,1.0,60,0.484240970569928,9 курьеров выше по цепочке,1,0,638905.0,0.0,1,0,638905.0,0.0,6,0,0.0005706777097822566,0.0,3,False,False,False,9,
100000008729597100,coordinator,1.0,78,0.45062256411827833,7 курьеров выше по цепочке,1,0,83090.0,0.0,1,0,83090.0,0.0,1,0,0.0003024747023657885,0.0,3,False,False,False,7,
100000002255058100,terminal,1.0,4,0.21823066671641791,"вход 491,500, выход 0",1,0,491500.0,0.0,1,0,491500.0,0.0,2,0,0.0004261286722180512,0.0,3,False,False,False,1,
100000006111442100,coordinator,1.0,67,0.463717133271992,8 курьеров выше по цепочке,1,0,64000.0,0.0,1,0,64000.0,0.0,1,0,0.00029552622405626476,0.0,3,False,False,False,8,
100000008686247100,peripheral,0.2,44,0.054921030182454963,"1 отправителей, 1 получателей",1,1,22000.0,5000.0,1,1,22000.0,5000.0,2,1,0.0003136737677799251,0.22727272727272727,3,False,False,False,1,11.5
100000001893287100,peripheral,0.2,30,0.05671832785722455,"1 отправителей, 1 получателей",1,1,18000.0,152700.0,1,1,18000.0,152700.0,3,14,0.0006184515295005462,8.483333333333333,3,False,False,False,1,0.0
100000005172860100,coordinator,1.0,52,0.44977355921917256,7 курьеров выше по цепочке,1,0,15209.2,0.0,1,0,15209.2,0.0,1,0,0.00029179582395841264,0.0,3,False,False,False,7,
100000001788284100,coordinator,1.0,65,0.45339430481212445,7 курьеров выше по цепочке,1,5,8000.0,296700.0,1,5,8000.0,296700.0,1,8,0.000299382680596746,37.0875,3,False,False,False,7,0.0
100000008755580100,terminal,0.03942926144064664,63,0.2122834499846647,"вход 16,000, выход 0",1,0,16000.0,0.0,1,0,16000.0,0.0,1,0,0.0002880665386842166,0.0,3,False,False,False,1,
100000003896956100,coordinator,1.0,22,0.450046103089537,7 курьеров выше по цепочке,1,1,10000.0,27000.0,1,1,10000.0,27000.0,1,2,0.0002885646095495065,2.7,3,False,False,False,7,1.0
100000002475601100,terminal,0.5724660538702284,51,0.21498878947214092,"вход 232,301, выход 0",1,0,232301.0,0.0,1,0,232301.0,0.0,1,0,0.0003021143924659961,0.0,3,False,False,False,1,
100000008619857100,coordinator,1.0,52,0.45010863954307806,7 курьеров выше по цепочке,1,2,29000.0,13000.0,1,2,29000.0,13000.0,1,2,0.0002872025732618286,0.4482758620689655,3,False,False,False,7,0.0
100000001373265100,coordinator,1.0,78,0.4514279335815613,7 курьеров выше по цепочке,1,1,142482.0,5000.0,1,1,142482.0,5000.0,1,1,0.0003145585391783481,0.0350921519911287,3,False,False,False,7,
100000004185681100,coordinator,1.0,4,0.44970840624041536,7 курьеров выше по цепочке,1,0,10000.0,0.0,1,0,10000.0,0.0,1,0,0.0005352962052822021,0.0,3,False,False,False,7,
100000003031633100,coordinator,1.0,73,0.468094685019865,8 курьеров выше по цепочке,1,0,414000.0,0.0,1,0,414000.0,0.0,2,0,0.00031462612731946766,0.0,3,False,False,False,8,
100000002632742100,coordinator,1.0,67,0.47211213362844984,8 курьеров выше по цепочке,2,0,235500.0,0.0,2,0,235500.0,0.0,2,0,0.0003175643151957891,0.0,3,False,False,False,8,
100000005847078100,terminal,0.04016856009265876,63,0.21228720217187716,"вход 16,300, выход 0",1,0,16300.0,0.0,1,0,16300.0,0.0,1,0,0.0002881133620179714,0.0,3,False,False,False,1,
100000002807334100,coordinator,1.0,90,0.45026766974443294,7 курьеров выше по цепочке,1,0,54715.0,0.0,1,0,54715.0,0.0,1,0,0.00028734256217675437,0.0,3,False,False,False,7,
100000008748795100,coordinator,1.0,52,0.45017188891218946,7 курьеров выше по цепочке,1,0,47057.0,0.0,1,0,47057.0,0.0,1,0,0.000288219542906905,0.0,3,False,False,False,7,
100000003899899100,coordinator,1.0,22,0.458691249260159,7 курьеров выше по цепочке,2,1,218500.0,10000.0,2,1,218500.0,10000.0,5,1,0.0006539846029635868,0.04576659038901602,3,False,False,False,7,3.0
100000002308091100,terminal,0.4601394810123463,62,0.21441869465437008,"вход 186,720, выход 0",1,0,186720.0,0.0,1,0,186720.0,0.0,1,0,0.0005611068728343333,0.0,3,False,False,False,1,
100000008680912100,coordinator,1.0,25,0.4502224915343013,7 курьеров выше по цепочке,1,1,45112.0,5990.85,1,1,45112.0,5990.85,2,1,0.0005351757124790597,0.13279947685759888,3,False,False,False,7,3.0
100000008742053100,coordinator,1.0,62,0.4979245733589427,8 курьеров выше по цепочке,1,12,10000.0,2789000.0,1,12,10000.0,2789000.0,1,12,0.0002862711500893241,278.9,3,False,False,False,8,3.0
100000008473765100,coordinator,1.0,78,0.4499585520545795,7 курьеров выше по цепочке,1,0,30000.0,0.0,1,0,30000.0,0.0,1,0,0.0002916730641589798,0.0,3,False,False,False,7,
100000007472293100,coordinator,1.0,60,0.4806388083095104,9 курьеров выше по цепочке,1,3,5000.0,345900.0,1,3,5000.0,345900.0,1,3,0.00028633291495751956,69.18,3,False,False,False,9,4.0
100000008753061100,terminal,0.06998693905714778,63,0.21243854038944648,"вход 28,400, выход 0",1,0,28400.0,0.0,1,0,28400.0,0.0,2,0,0.000290001903146084,0.0,3,False,False,False,1,
100000008501413100,coordinator,1.0,34,0.46304299030281953,8 курьеров выше по цепочке,1,1,5000.0,5100.0,1,1,5000.0,5100.0,1,1,0.0003666452836068578,1.02,3,False,False,False,8,2.0
100000002748581100,coordinator,1.0,83,0.45009838356469734,7 курьеров выше по цепочке,1,0,41180.0,0.0,1,0,41180.0,0.0,1,0,0.0002972088887992543,0.0,3,False,False,False,7,
100000001384826100,coordinator,1.0,90,0.45426431195378747,7 курьеров выше по цепочке,1,1,364260.0,10000.0,1,1,364260.0,10000.0,1,1,0.0002973746599655164,0.027452918245209467,3,False,False,False,7,12.0
100000004099450100,coordinator,1.0,52,0.44997105934528775,7 курьеров выше по цепочке,1,0,31000.0,0.0,1,0,31000.0,0.0,1,0,0.00029616586394753193,0.0,3,False,False,False,7,
100000002926970100,coordinator,1.0,59,0.450646453043531,7 курьеров выше по цепочке,1,0,85000.0,0.0,1,0,85000.0,0.0,1,0,0.0003172387852993868,0.0,3,False,False,False,7,
100000002753146100,terminal,1.0,62,0.23546677504234068,"вход 803,540, выход 0",1,0,803540.0,0.0,1,0,803540.0,0.0,3,0,0.00032384338947373374,0.0,3,False,False,False,2,
100000003943247100,coordinator,1.0,52,0.4500836249616616,7 курьеров выше по цепочке,1,0,40000.0,0.0,1,0,40000.0,0.0,1,0,0.0002878220928994118,0.0,3,False,False,False,7,
100000002872399100,terminal,1.0,30,0.22571628020528078,"вход 1,090,000, выход 0",1,0,1090000.0,0.0,1,0,1090000.0,0.0,9,0,0.0007057669186571367,0.0,3,False,False,False,1,
100000008417359100,coordinator,1.0,54,0.4514790633859765,7 курьеров выше по цепочке,1,2,40810.0,110760.0,1,2,40810.0,110760.0,2,3,0.0002919927493261819,2.714040676304827,3,False,False,False,7,1.0
100000002614095100,terminal,0.0130609428522142,63,0.21214962197408685,"вход 5,300, выход 0",1,0,5300.0,0.0,1,0,5300.0,0.0,1,0,0.00028639650644696,0.0,3,False,False,False,1,
100000004717647100,coordinator,1.0,75,0.48135185173218326,7 курьеров выше по цепочке,1,5,300000.0,2240000.0,1,5,300000.0,2240000.0,2,10,0.0010233609552644499,7.466666666666667,3,False,False,False,7,0.5
100000008537380100,terminal,0.01971463072032332,63,0.21218339165899902,"вход 8,000, выход 0",1,0,8000.0,0.0,1,0,8000.0,0.0,1,0,0.00028681791645075375,0.0,3,False,False,False,1,
100000001534244100,coordinator,1.0,73,0.47430716314774046,8 курьеров выше по цепочке,2,1,366000.0,45000.0,2,1,366000.0,45000.0,2,1,0.00034150708804052437,0.12295081967213115,3,False,False,False,8,
100000008767950100,terminal,0.0427561053747012,63,0.21230033482712077,"вход 17,350, выход 0",1,0,17350.0,0.0,1,0,17350.0,0.0,1,0,0.0002882772436861134,0.0,3,False,False,False,1,
100000004613582100,peripheral,0.2,30,0.05476468904860236,"1 отправителей, 1 получателей",1,1,5000.0,9500.0,1,1,5000.0,9500.0,1,1,0.0005534434661680617,1.9,3,False,False,False,1,15.0
100000008121806100,coordinator,1.0,78,0.45352949611738946,7 курьеров выше по цепочке,1,4,67000.0,248509.0,1,4,67000.0,248509.0,1,6,0.0003003687971376974,3.709089552238806,3,False,False,False,7,0.0
100000002369443100,terminal,0.12321644200202075,63,0.21270869786874377,"вход 50,000, выход 0",1,0,50000.0,0.0,1,0,50000.0,0.0,1,0,0.00029337318317643364,0.0,3,False,False,False,1,
100000008655779100,coordinator,1.0,85,0.4504801561062747,7 курьеров выше по цепочке,1,2,47000.0,24704.0,1,2,47000.0,24704.0,1,2,0.00039705232861292827,0.5256170212765957,3,False,False,False,7,15.0
100000008561016100,coordinator,1.0,73,0.4808151611084961,9 курьеров выше по цепочке,1,1,180000.0,185000.0,1,1,180000.0,185000.0,2,4,0.0002948428406003132,1.0277777777777777,3,False,False,False,9,0.0
100000002727288100,coordinator,1.0,22,0.44978344998466463,7 курьеров выше по цепочке,1,0,16000.0,0.0,1,0,16000.0,0.0,1,0,0.00036616923373624543,0.0,3,False,False,False,7,
100000001270349100,terminal,0.492865768008083,30,0.21458479147497508,"вход 200,000, выход 0",1,0,200000.0,0.0,1,0,200000.0,0.0,1,0,0.00035530033832396505,0.0,3,False,False,False,1,
100000004722765100,coordinator,1.0,46,0.48103291581912394,7 курьеров выше по цепочке,1,3,230000.0,2284500.0,1,3,230000.0,2284500.0,1,9,0.0005815882668655411,9.932608695652174,3,False,False,False,7,0.0
100000001677389100,coordinator,1.0,54,0.4497884529009479,7 курьеров выше по цепочке,1,1,11000.0,5400.0,1,1,11000.0,5400.0,1,1,0.00028863096954467773,0.4909090909090909,3,False,False,False,7,
100000005857058100,coordinator,1.0,52,0.4630866932085272,7 курьеров выше по цепочке,3,0,80222.0,0.0,3,0,80222.0,0.0,3,0,0.0003899337552291797,0.0,3,False,False,False,7,
100000008760098100,coordinator,1.0,60,0.4812153944111588,9 курьеров выше по цепочке,1,1,7000.0,390000.0,1,1,7000.0,390000.0,1,1,0.00028663836325361103,55.714285714285715,3,False,False,False,9,4.0
100000002838519100,coordinator,1.0,83,0.4501699252675483,7 курьеров выше по цепочке,1,0,46900.0,0.0,1,0,46900.0,0.0,1,0,0.0002988256561865499,0.0,3,False,False,False,7,
100000002597623100,coordinator,1.0,52,0.44978867803218064,7 курьеров выше по цепочке,1,0,16418.0,0.0,1,0,16418.0,0.0,1,0,0.0002864939554363674,0.0,3,False,False,False,7,
100000003635660100,coordinator,1.0,52,0.4498207842474286,7 курьеров выше по цепочке,1,0,18985.0,0.0,1,0,18985.0,0.0,1,0,0.0002905219400417891,0.0,3,False,False,False,7,
100000008676812100,coordinator,1.0,64,0.45247001602878784,7 курьеров выше по цепочке,1,0,230800.0,0.0,1,0,230800.0,0.0,1,0,0.00047313415798956024,0.0,3,False,False,False,7,
100000003213473100,coordinator,1.0,4,0.4533042523190254,7 курьеров выше по цепочке,1,11,57500.0,240000.0,1,11,57500.0,240000.0,2,12,0.00028880769232283976,4.173913043478261,3,False,False,False,7,2.0
100000003071649100,coordinator,1.0,73,0.47862013158920547,9 курьеров выше по цепочке,1,0,189500.0,0.0,1,0,189500.0,0.0,1,0,0.00029533227777052824,0.0,3,False,False,False,9,
100000002433697100,coordinator,1.0,90,0.45258508310330336,7 курьеров выше по цепочке,1,1,130000.0,110000.0,1,1,130000.0,110000.0,1,1,0.0002897824868469217,0.8461538461538461,3,False,False,False,7,0.0
100000008612257100,coordinator,1.0,54,0.44970215259506124,7 курьеров выше по цепочке,1,0,9500.0,0.0,1,0,9500.0,0.0,1,0,0.00028786387694202796,0.0,3,False,False,False,7,
100000002736033100,coordinator,1.0,54,0.450152790279278,7 курьеров выше по цепочке,1,1,34530.0,11000.0,1,1,34530.0,11000.0,1,1,0.0002951801714040789,0.3185635679119606,3,False,False,False,7,20.0
100000008687990100,terminal,0.04337218758471131,63,0.21230346164979783,"вход 17,600, выход 0",1,0,17600.0,0.0,1,0,17600.0,0.0,1,0,0.00028831626313090915,0.0,3,False,False,False,1,
100000008776310100,terminal,0.04731511372877597,63,0.21232347331493095,"вход 19,200, выход 0",1,0,19200.0,0.0,1,0,19200.0,0.0,1,0,0.00028856598757760174,0.0,3,False,False,False,1,
100000007267915100,coordinator,1.0,54,0.4562210593452878,7 курьеров выше по цепочке,2,1,21000.0,10000.0,2,1,21000.0,10000.0,3,1,0.00029139460697907583,0.47619047619047616,3,False,False,False,7,2.0
100000004217419100,coordinator,1.0,78,0.4574080012334968,7 курьеров выше по цепочке,2,1,118200.0,7700.0,2,1,118200.0,7700.0,3,1,0.0005841829530235464,0.06514382402707276,3,False,False,False,7,2.0
100000002773323100,coordinator,1.0,67,0.48738533663303457,8 курьеров выше по цепочке,2,1,285000.0,1171644.0,2,1,285000.0,1171644.0,2,2,0.00032549778860022544,4.111031578947369,3,False,False,False,8,15.0
100000002528544100,terminal,0.47539860518987653,51,0.2144961397984353,"вход 192,912, выход 0",1,0,192912.0,0.0,1,0,192912.0,0.0,1,0,0.0002993090025842554,0.0,3,False,False,False,1,
100000003760160100,coordinator,1.0,90,0.45088996999361985,7 курьеров выше по цепочке,1,0,104470.0,0.0,1,0,104470.0,0.0,1,0,0.00028895508063281035,0.0,3,False,False,False,7,
100000000640800100,coordinator,1.0,78,0.45706438166108765,7 курьеров выше по цепочке,1,4,80000.0,518135.0,1,4,80000.0,518135.0,1,6,0.00030324034248046286,6.4766875,3,False,False,False,7,0.0
100000008238112100,coordinator,1.0,90,0.4519597185678929,7 курьеров выше по цепочке,1,0,190000.0,0.0,1,0,190000.0,0.0,1,0,0.0002917270372913667,0.0,3,False,False,False,7,
100000008751349100,coordinator,1.0,82,0.4497287931242697,7 курьеров выше по цепочке,1,0,11630.0,0.0,1,0,11630.0,0.0,1,0,0.00028848577638606985,0.0,3,False,False,False,7,
100000002963189100,coordinator,1.0,83,0.5209874559864965,7 курьеров выше по цепочке,1,7,490000.0,5219000.0,1,7,490000.0,5219000.0,3,15,0.00042406859837372784,10.651020408163266,3,False,False,False,7,6.0
100000008548853100,terminal,0.03450060376056581,63,0.21225843540324826,"вход 14,000, выход 0",1,0,14000.0,0.0,1,0,14000.0,0.0,1,0,0.00028775438312585085,0.0,3,False,False,False,1,
100000003164661100,terminal,1.0,26,0.21954018005356735,"вход 596,200, выход 0",1,0,596200.0,0.0,1,0,596200.0,0.0,3,0,0.0006007384807220605,0.0,3,False,False,False,1,
100000000791285100,coordinator,1.0,82,0.4717212378868626,7 курьеров выше по цепочке,1,3,1120000.0,650000.0,1,3,1120000.0,650000.0,2,3,0.0005664343010128592,0.5803571428571429,3,False,False,False,7,0.0
100000003192309100,peripheral,0.2,63,0.05746251165436297,"1 отправителей, 1 получателей",1,1,17200.0,213000.0,1,1,17200.0,213000.0,1,1,0.000288253832019236,12.383720930232558,3,False,False,False,1,16.0
100000002891765100,coordinator,1.0,83,0.45027843852173266,7 курьеров выше по цепочке,1,0,55576.0,0.0,1,0,55576.0,0.0,1,0,0.0003012779418250422,0.0,3,False,False,False,7,
100000001740277100,peripheral,0.2,30,0.05475468321603579,"1 отправителей, 1 получателей",1,1,8700.0,5000.0,1,1,8700.0,5000.0,1,1,0.0003696934153229427,0.5747126436781609,3,False,False,False,1,2.0
100000002232266100,coordinator,1.0,78,0.4501461614152027,7 курьеров выше по цепочке,1,0,45000.0,0.0,1,0,45000.0,0.0,1,0,0.0002947249491298242,0.0,3,False,False,False,7,
100000006701983100,terminal,0.0665368786810912,63,0.21242103018245498,"вход 27,000, выход 0",1,0,27000.0,0.0,1,0,27000.0,0.0,1,0,0.000289783394255228,0.0,3,False,False,False,1,
100000002871199100,coordinator,1.0,83,0.4498733273756938,7 курьеров выше по цепочке,1,0,23186.0,0.0,1,0,23186.0,0.0,1,0,0.00029212285516866057,0.0,3,False,False,False,7,
100000002757791100,terminal,0.1800192217649523,30,0.212996990919568,"вход 73,050, выход 0",1,0,73050.0,0.0,1,0,73050.0,0.0,1,0,0.0003110385580772536,0.0,3,False,False,False,1,
100000000572276100,peripheral,0.2,63,0.055178955531439644,"1 отправителей, 1 получателей",1,1,13075.0,34547.0,1,1,13075.0,34547.0,1,1,0.00028761001118010675,2.6422179732313578,3,False,False,False,1,13.0
100000001853812100,coordinator,1.0,78,0.4504588436829079,7 курьеров выше по цепочке,1,0,70000.0,0.0,1,0,70000.0,0.0,1,0,0.00029981142408123165,0.0,3,False,False,False,7,
100000004726132100,coordinator,1.0,52,0.4542485527674951,7 курьеров выше по цепочке,1,1,349000.0,24000.0,1,1,349000.0,24000.0,1,2,0.00031651940059214493,0.06876790830945559,3,False,False,False,7,4.0
100000001785161100,coordinator,1.0,48,0.45620855205457955,7 курьеров выше по цепочке,2,0,30000.0,0.0,2,0,30000.0,0.0,2,0,0.0003312208709043081,0.0,3,False,False,False,7,
100000002612809100,peripheral,0.2,80,0.05638438319531538,"1 отправителей, 3 получателей",1,3,30000.0,114000.0,1,3,30000.0,114000.0,2,4,0.00042829267239375297,3.8,3,False,False,False,1,2.0
100000008769097100,terminal,0.0766406269252569,63,0.21247231007435863,"вход 31,100, выход 0",1,0,31100.0,0.0,1,0,31100.0,0.0,1,0,0.0002904233131498777,0.0,3,False,False,False,1,
100000004488265100,coordinator,1.0,78,0.4500678657753693,7 курьеров выше по цепочке,1,0,38740.0,0.0,1,0,38740.0,0.0,1,0,0.0002934512958019918,0.0,3,False,False,False,7,
100000002509598100,terminal,0.7529756770743488,62,0.22923826934255984,"вход 305,550, выход 0",1,0,305550.0,0.0,1,0,305550.0,0.0,1,0,0.00030012320541723873,0.0,3,False,False,False,2,
100000008706846100,terminal,0.03499346952857389,63,0.21226093686138992,"вход 14,200, выход 0",1,0,14200.0,0.0,1,0,14200.0,0.0,1,0,0.00028778559868168743,0.0,3,False,False,False,1,
100000001280798100,coordinator,1.0,59,0.449880819242828,7 курьеров выше по цепочке,1,0,23785.0,0.0,1,0,23785.0,0.0,1,0,0.0002944311629865574,0.0,3,False,False,False,7,
100000006664478100,transit,0.5454545454545459,30,0.24852167176477732,"пропуск 1.09, связей 3",1,2,55000.0,60000.0,1,2,55000.0,60000.0,3,2,0.0006168426303113121,1.0909090909090908,3,False,False,False,1,0.0
100000003781406100,coordinator,1.0,42,0.47681282808186937,9 курьеров выше по цепочке,1,0,45000.0,0.0,1,0,45000.0,0.0,2,0,0.0007228806641155315,0.0,3,False,False,False,9,
100000008708595100,terminal,0.04238645604869514,63,0.21229845873351452,"вход 17,200, выход 0",1,0,17200.0,0.0,1,0,17200.0,0.0,1,0,0.000288253832019236,0.0,3,False,False,False,1,
100000004611571100,coordinator,1.0,52,0.4498653727388034,7 курьеров выше по цепочке,1,0,22550.0,0.0,1,0,22550.0,0.0,1,0,0.00028683930947433656,0.0,3,False,False,False,7,
100000008576243100,coordinator,1.0,52,0.4702037712121913,8 курьеров выше по цепочке,2,0,82920.0,0.0,2,0,82920.0,0.0,4,0,0.0016515737888683508,0.0,3,False,False,False,8,
100000008662216100,terminal,0.06456541560905887,63,0.2124110243498884,"вход 26,200, выход 0",1,0,26200.0,0.0,1,0,26200.0,0.0,1,0,0.00028965853203188175,0.0,3,False,False,False,1,
100000002681544100,coordinator,1.0,30,0.45791044411582693,7 курьеров выше по цепочке,2,0,166072.0,0.0,2,0,166072.0,0.0,2,0,0.00033571724351569673,0.0,3,False,False,False,7,
100000007864477100,coordinator,1.0,52,0.45932912108627766,7 курьеров выше по цепочке,2,6,76000.0,203500.0,2,6,76000.0,203500.0,2,10,0.0003047746949631922,2.6776315789473686,3,False,False,False,7,0.0
100000004746397100,coordinator,1.0,90,0.4524227384699108,7 курьеров выше по цепочке,1,1,219520.0,7500.0,1,1,219520.0,7500.0,1,1,0.00029268375611003365,0.03416545189504373,3,False,False,False,7,
100000003814002100,coordinator,1.0,90,0.4499585520545795,7 курьеров выше по цепочке,1,0,30000.0,0.0,1,0,30000.0,0.0,1,0,0.00028654156943951336,0.0,3,False,False,False,7,
100000003962994100,coordinator,1.0,77,0.44970840624041536,7 курьеров выше по цепочке,1,0,10000.0,0.0,1,0,10000.0,0.0,1,0,0.00048122982573492164,0.0,3,False,False,False,7,
100000003366471100,coordinator,1.0,78,0.4602082460428669,7 курьеров выше по цепочке,2,1,329789.0,20000.0,2,1,329789.0,20000.0,5,1,0.0003604911511540956,0.0606448365470043,3,False,False,False,7,22.0
100000003561031100,coordinator,1.0,78,0.44981221675329347,7 курьеров выше по цепочке,1,1,13300.0,5000.0,1,1,13300.0,5000.0,1,1,0.00028827529889143965,0.37593984962406013,3,False,False,False,7,
100000001690439100,coordinator,1.0,90,0.44976093686138985,7 курьеров выше по цепочке,1,0,14200.0,0.0,1,0,14200.0,0.0,1,0,0.00047706727238734376,0.0,3,False,False,False,7,
100000002954780100,coordinator,1.0,73,0.477918472580475,9 курьеров выше по цепочке,1,0,133400.0,0.0,1,0,133400.0,0.0,1,0,0.00029244202248115297,0.0,3,False,False,False,9,
100000008720668100,terminal,0.03942926144064664,63,0.2122834499846647,"вход 16,000, выход 0",1,0,16000.0,0.0,1,0,16000.0,0.0,1,0,0.0002880665386842166,0.0,3,False,False,False,1,
100000002459164100,coordinator,1.0,52,0.44983347914749744,7 курьеров выше по цепочке,1,0,20000.0,0.0,1,0,20000.0,0.0,1,0,0.0005418286835835176,0.0,3,False,False,False,7,
100000005082652100,terminal,0.07392986520121245,30,0.2124585520545796,"вход 30,000, выход 0",1,0,30000.0,0.0,1,0,30000.0,0.0,1,0,0.00040800365167801905,0.0,3,False,False,False,1,
100000005041905100,peripheral,0.2,63,0.0681581338107783,"1 отправителей, 1 получателей",1,1,5000.0,1080351.0,1,1,5000.0,1080351.0,1,5,0.00028634968311320514,216.0702,3,False,False,False,1,
100000008653041100,terminal,0.06900120752113162,63,0.21243353747316318,"вход 28,000, выход 0",1,0,28000.0,0.0,1,0,28000.0,0.0,1,0,0.00028993947203441087,0.0,3,False,False,False,1,
100000008722417100,coordinator,1.0,90,0.462739752429298,7 курьеров выше по цепочке,1,3,331900.0,720000.0,1,3,331900.0,720000.0,1,6,0.0002963258990924791,2.16932811087677,3,False,False,False,7,0.0
100000008625905100,coordinator,1.0,76,0.4599994050351294,7 курьеров выше по цепочке,1,2,197800.0,635000.0,1,2,197800.0,635000.0,1,2,0.0005453128171044595,3.210313447927199,3,False,False,False,7,
100000007487729100,coordinator,1.0,52,0.4498960156010385,7 курьеров выше по цепочке,1,0,25000.0,0.0,1,0,25000.0,0.0,1,0,0.0002941149149674853,0.0,3,False,False,False,7,
100000000838385100,coordinator,1.0,85,0.45726781274445666,7 курьеров выше по цепочке,1,2,436900.0,177500.0,1,2,436900.0,177500.0,8,6,0.0019211545642599105,0.40627145799954223,3,False,False,False,7,1.0
100000004750321100,coordinator,1.0,59,0.4564610117175248,7 курьеров выше по цепочке,2,0,50185.0,0.0,2,0,50185.0,0.0,2,0,0.00031253610038112624,0.0,3,False,False,False,7,
100000008664774100,terminal,0.04016856009265876,63,0.21228720217187716,"вход 16,300, выход 0",1,0,16300.0,0.0,1,0,16300.0,0.0,1,0,0.0002881133620179714,0.0,3,False,False,False,1,
100000006274203100,coordinator,1.0,90,0.5261443410137826,9 курьеров выше по цепочке,2,3,3417512.0,72000.0,2,3,3417512.0,72000.0,41,3,0.0006321051467844573,0.02106795821053445,3,False,False,False,9,3.0
100000002185328100,coordinator,1.0,72,0.4504588436829079,7 курьеров выше по цепочке,1,4,15000.0,55000.0,1,4,15000.0,55000.0,1,4,0.0003518471698066024,3.6666666666666665,3,False,False,False,7,16.0
100000008254576100,coordinator,1.0,88,0.4504338291014915,7 курьеров выше по цепочке,1,1,8000.0,60000.0,1,1,8000.0,60000.0,1,1,0.00029167108817849144,7.5,3,False,False,False,7,
100000001689968100,coordinator,1.0,90,0.4663900156452309,7 курьеров выше по цепочке,3,0,344333.75,0.0,3,0,344333.75,0.0,3,0,0.00033914310918301173,0.0,3,False,False,False,7,
100000002236528100,coordinator,1.0,30,0.45040881452007503,7 курьеров выше по цепочке,1,0,66000.0,0.0,1,0,66000.0,0.0,1,0,0.0003072417833612642,0.0,3,False,False,False,7,
100000002670960100,terminal,1.0,62,0.23142404346672638,"вход 480,310, выход 0",1,0,480310.0,0.0,1,0,480310.0,0.0,1,0,0.000308447347198626,0.0,3,False,False,False,2,
100000003557488100,coordinator,1.0,61,0.4596265877136992,7 курьеров выше по цепочке,1,2,664992.0,138000.0,1,2,664992.0,138000.0,3,4,0.000580971814726147,0.20752129348924497,3,False,False,False,7,0.0
100000003888197100,coordinator,1.0,90,0.45062352717966286,7 курьеров выше по цепочке,1,0,83167.0,0.0,1,0,83167.0,0.0,1,0,0.00028826466799751016,0.0,3,False,False,False,7,
100000002799941100,coordinator,1.0,64,0.45708770775825847,7 курьеров выше по цепочке,1,0,600000.0,0.0,1,0,600000.0,0.0,1,0,0.0003881784929365065,0.0,3,False,False,False,7,
100000001632325100,terminal,0.21094654870745952,63,0.213153957417956,"вход 85,600, выход 0",1,0,85600.0,0.0,1,0,85600.0,0.0,3,0,0.0002989295521153433,0.0,3,False,False,False,1,
100000008620570100,coordinator,1.0,4,0.4580446223305446,7 курьеров выше по цепочке,2,2,145000.0,31800.0,2,2,145000.0,31800.0,2,2,0.0003485384395879508,0.2193103448275862,3,False,False,False,7,0.0
100000005308954100,coordinator,1.0,22,0.4508218052592601,7 курьеров выше по цепочке,1,1,69020.0,30000.0,1,1,69020.0,30000.0,1,1,0.00035945051532232814,0.43465662126919735,3,False,False,False,7,5.0
100000008468762100,coordinator,1.0,60,0.47129290608706215,8 курьеров выше по цепочке,2,0,170000.0,0.0,2,0,170000.0,0.0,2,0,0.000310405073841,0.0,3,False,False,False,8,
100000002305007100,terminal,0.13800241504226324,63,0.21278374161299304,"вход 56,000, выход 0",1,0,56000.0,0.0,1,0,56000.0,0.0,1,0,0.0002943096498515308,0.0,3,False,False,False,1,
100000008314863100,coordinator,1.0,4,0.4897334208218318,10 курьеров выше по цепочке,1,0,12000.0,0.0,1,0,12000.0,0.0,1,0,0.0005170968391841085,0.0,3,False,False,False,10,
100000005709551100,coordinator,1.0,56,0.4498905123931269,7 курьеров выше по цепочке,1,0,24560.0,0.0,1,0,24560.0,0.0,1,0,0.0002946608436289569,0.0,3,False,False,False,7,
100000008297199100,coordinator,1.0,52,0.45011199149698783,7 курьеров выше по цепочке,1,0,42268.0,0.0,1,0,42268.0,0.0,1,0,0.0002965958116631634,0.0,3,False,False,False,7,
100000003271151100,coordinator,1.0,78,0.451175436396744,7 курьеров выше по цепочке,1,0,127294.0,0.0,1,0,127294.0,0.0,1,0,0.00031146840391586903,0.0,3,False,False,False,7,
100000007005380100,coordinator,1.0,90,0.44970090186599043,7 курьеров выше по цепочке,1,0,9400.0,0.0,1,0,9400.0,0.0,1,0,0.000303095707083968,0.0,3,False,False,False,7,
100000004451012100,coordinator,1.0,64,0.45154679036516143,7 курьеров выше по цепочке,1,3,91245.0,65740.0,1,3,91245.0,65740.0,1,3,0.0003011735881125156,0.7204778344018851,3,False,False,False,7,
100000004779204100,coordinator,1.0,52,0.4502143261495624,7 курьеров выше по цепочке,1,1,30450.0,20000.0,1,1,30450.0,20000.0,1,2,0.0002872842372140555,0.6568144499178982,3,False,False,False,7,0.0
100000002793881100,coordinator,1.0,73,0.49857572758036867,9 курьеров выше по цепочке,3,0,785600.0,0.0,3,0,785600.0,0.0,3,0,0.0003750831470797382,0.0,3,False,False,False,9,
100000008671129100,terminal,0.06456541560905887,63,0.2124110243498884,"вход 26,200, выход 0",1,0,26200.0,0.0,1,0,26200.0,0.0,1,0,0.00028965853203188175,0.0,3,False,False,False,1,
100000002095257100,coordinator,1.0,42,0.46302297863768643,8 курьеров выше по цепочке,1,0,8500.0,0.0,1,0,8500.0,0.0,1,0,0.0003967338202422219,0.0,3,False,False,False,8,
100000002194329100,coordinator,1.0,52,0.4498981418404589,7 курьеров выше по цепочке,1,0,25170.0,0.0,1,0,25170.0,0.0,1,0,0.00028698686778801547,0.0,3,False,False,False,7,
100000001884825100,coordinator,1.0,73,0.48160777556722995,8 курьеров выше по цепочке,3,0,495000.0,0.0,3,0,495000.0,0.0,3,0,0.0003400964668098243,0.0,3,False,False,False,8,
100000008692291100,coordinator,1.0,67,0.47936897053046057,8 курьеров выше по цепочке,3,3,160000.0,156000.0,3,3,160000.0,156000.0,3,3,0.000307852986577175,0.975,3,False,False,False,8,1.0
100000002697752100,coordinator,1.0,78,0.4582195367910989,7 курьеров выше по цепочке,2,0,190785.0,0.0,2,0,190785.0,0.0,2,0,0.00032958004304152585,0.0,3,False,False,False,7,
100000007170072100,coordinator,1.0,78,0.45207853782962093,7 курьеров выше по цепочке,1,2,100000.0,99500.0,1,2,100000.0,99500.0,1,9,0.0003076581045462558,0.995,3,False,False,False,7,2.0
100000002373144100,coordinator,1.0,52,0.45029915059514547,7 курьеров выше по цепочке,1,1,46468.0,10764.0,1,1,46468.0,10764.0,1,1,0.00028969018116006086,0.2316432813979513,3,False,False,False,7,5.0
100000000287768100,coordinator,1.0,52,0.45002318973295957,7 курьеров выше по цепочке,1,0,35168.0,0.0,1,0,35168.0,0.0,1,0,0.0002886880716986401,0.0,3,False,False,False,7,
100000004508696100,coordinator,1.0,77,0.4510591936369019,7 курьеров выше по цепочке,1,3,7000.0,111000.0,1,3,7000.0,111000.0,1,4,0.0004225316662796324,15.857142857142858,3,False,False,False,7,0.0
100000008688109100,terminal,0.03154340915251731,63,0.2122434266543984,"вход 12,800, выход 0",1,0,12800.0,0.0,1,0,12800.0,0.0,1,0,0.0002875670897908314,0.0,3,False,False,False,1,
100000008724461100,coordinator,1.0,73,0.47912806517215656,9 курьеров выше по цепочке,1,1,100111.0,130000.0,1,1,100111.0,130000.0,1,1,0.00029072698311701726,1.298558599954051,3,False,False,False,9,0.0
100000001714413100,coordinator,1.0,90,0.45271230726438727,7 курьеров выше по цепочке,1,0,250172.0,0.0,1,0,250172.0,0.0,1,0,0.00029367716211375244,0.0,3,False,False,False,7,
100000008672493100,terminal,0.03450060376056581,63,0.21225843540324826,"вход 14,000, выход 0",1,0,14000.0,0.0,1,0,14000.0,0.0,1,0,0.00028775438312585085,0.0,3,False,False,False,1,
100000003241965100,coordinator,1.0,59,0.4497709426939564,7 курьеров выше по цепочке,1,0,15000.0,0.0,1,0,15000.0,0.0,1,0,0.0002911580279376608,0.0,3,False,False,False,7,
100000002241986100,coordinator,1.0,86,0.49157030824078973,7 курьеров выше по цепочке,1,6,280000.0,3077000.0,1,6,280000.0,3077000.0,1,12,0.00029464386295803416,10.989285714285714,3,False,False,False,7,
100000004140994100,terminal,0.04595973286675374,63,0.21231659430504143,"вход 18,650, выход 0",1,0,18650.0,0.0,1,0,18650.0,0.0,1,0,0.00028848014479905114,0.0,3,False,False,False,1,
100000008489922100,distributor,0.6,73,0.4560950829601644,36 получателей,3,36,262010.0,3789900.0,3,36,262010.0,3789900.0,5,41,0.0005858952858663094,14.464715087210411,3,False,False,False,8,1.0
100000001252290100,coordinator,1.0,90,0.4514094603131853,7 курьеров выше по цепочке,1,1,141005.0,5000.0,1,1,141005.0,5000.0,1,1,0.000290139149807607,0.03545973547037339,3,False,False,False,7,
100000008667799100,terminal,0.08378718056137412,63,0.21250858121741245,"вход 34,000, выход 0",1,0,34000.0,0.0,1,0,34000.0,0.0,1,0,0.000290875938709508,0.0,3,False,False,False,1,
100000008684951100,terminal,0.04238645604869514,63,0.21229845873351452,"вход 17,200, выход 0",1,0,17200.0,0.0,1,0,17200.0,0.0,1,0,0.000288253832019236,0.0,3,False,False,False,1,
100000006126743100,coordinator,1.0,90,0.4502712343222848,7 курьеров выше по цепочке,1,0,55000.0,0.0,1,0,55000.0,0.0,1,0,0.00028735179879136544,0.0,3,False,False,False,7,
100000003009900100,coordinator,1.0,59,0.4497834249700832,7 курьеров выше по цепочке,1,0,15998.0,0.0,1,0,15998.0,0.0,1,0,0.0002915298650211894,0.0,3,False,False,False,7,
100000001745217100,coordinator,1.0,52,0.45020869786874373,7 курьеров выше по цепочке,1,0,50000.0,0.0,1,0,50000.0,0.0,1,0,0.0002900034068784448,0.0,3,False,False,False,7,
100000002886166100,terminal,0.4559008354074768,55,0.21439718211435194,"вход 185,000, выход 0",1,0,185000.0,0.0,1,0,185000.0,0.0,3,0,0.0003245911501737051,0.0,3,False,False,False,1,
100000002956779100,terminal,1.0,4,0.2172238298144071,"вход 411,000, выход 0",1,0,411000.0,0.0,1,0,411000.0,0.0,1,0,0.00040310724815078523,0.0,3,False,False,False,1,
100000008568512100,coordinator,1.0,90,0.45208028885032003,7 курьеров выше по цепочке,1,0,199640.0,0.0,1,0,199640.0,0.0,1,0,0.00029203946172944083,0.0,3,False,False,False,7,
100000008583360100,coordinator,1.0,59,0.45312093295911515,7 курьеров выше по цепочке,1,1,112843.0,170000.0,1,1,112843.0,170000.0,1,1,0.0003276125928311374,1.5065179054083992,3,False,False,False,7,5.0
100000001130176100,coordinator,1.0,52,0.4498960156010385,7 курьеров выше по цепочке,1,0,25000.0,0.0,1,0,25000.0,0.0,2,0,0.0005580456003895466,0.0,3,False,False,False,7,
100000001145749100,coordinator,1.0,4,0.48970840624041534,10 курьеров выше по цепочке,1,0,10000.0,0.0,1,0,10000.0,0.0,1,0,0.0004785089150229722,0.0,3,False,False,False,10,
100000005367445100,coordinator,1.0,67,0.47637507290708203,9 курьеров выше по цепочке,1,1,5000.0,5000.0,1,1,5000.0,5000.0,1,1,0.0018429964605732618,1.0,3,False,False,False,9,1.0
100000003917461100,coordinator,1.0,42,0.47812609360623126,9 курьеров выше по цепочке,1,2,10000.0,140000.0,1,2,10000.0,140000.0,1,5,0.0003991316698685015,14.0,3,False,False,False,9,0.0
100000008200810100,terminal,1.0,62,0.23135762975306579,"вход 475,000, выход 0",1,0,475000.0,0.0,1,0,475000.0,0.0,1,0,0.00030819442208498927,0.0,3,False,False,False,2,
100000002554175100,coordinator,1.0,59,0.4498912753378601,7 курьеров выше по цепочке,1,0,24621.0,0.0,1,0,24621.0,0.0,1,0,0.000294742641745906,0.0,3,False,False,False,7,
100000008751380100,coordinator,1.0,73,0.4868247709810844,9 курьеров выше по цепочке,2,0,345780.0,0.0,2,0,345780.0,0.0,2,0,0.0003127638118830456,0.0,3,False,False,False,9,
100000004071444100,coordinator,1.0,52,0.45392774076082953,7 курьеров выше по цепочке,1,1,247350.0,100000.0,1,1,247350.0,100000.0,1,1,0.0003075048495520191,0.40428542551041036,3,False,False,False,7,
100000001141268100,coordinator,1.0,60,0.48862857244702224,9 курьеров выше по цепочке,2,1,480000.0,10000.0,2,1,480000.0,10000.0,2,1,0.00036486256771000946,0.020833333333333332,3,False,False,False,9,1.0
100000002645993100,coordinator,1.0,52,0.45754220446279587,7 курьеров выше по цепочке,2,5,49650.0,86980.0,2,5,49650.0,86980.0,4,9,0.0002933085935851203,1.7518630412890233,3,False,False,False,7,0.0
100000002546921100,coordinator,1.0,83,0.44983347914749744,7 курьеров выше по цепочке,1,0,20000.0,0.0,1,0,20000.0,0.0,1,0,0.0002912223270400026,0.0,3,False,False,False,7,
100000008753897100,terminal,0.059267108602971984,63,0.21238413367486578,"вход 24,050, выход 0",1,0,24050.0,0.0,1,0,24050.0,0.0,1,0,0.00028932296480663856,0.0,3,False,False,False,1,
100000000870121100,coordinator,1.0,56,0.44973342082183176,7 курьеров выше по цепочке,1,0,12000.0,0.0,1,0,12000.0,0.0,1,0,0.00031567480064350023,0.0,3,False,False,False,7,
100000003171006100,coordinator,1.0,73,0.4885660359934812,9 курьеров выше по цепочке,2,0,485000.0,0.0,2,0,485000.0,0.0,2,0,0.0003349679442942915,0.0,3,False,False,False,9,
100000001690558100,coordinator,1.0,64,0.4588387284574077,7 курьеров выше по цепочке,1,0,740000.0,0.0,1,0,740000.0,0.0,1,0,0.00041212063930432354,0.0,3,False,False,False,7,
100000008667795100,terminal,0.08378718056137412,63,0.21250858121741245,"вход 34,000, выход 0",1,0,34000.0,0.0,1,0,34000.0,0.0,1,0,0.000290875938709508,0.0,3,False,False,False,1,
100000005674387100,terminal,0.06456541560905887,63,0.2124110243498884,"вход 26,200, выход 0",1,0,26200.0,0.0,1,0,26200.0,0.0,1,0,0.00028965853203188175,0.0,3,False,False,False,1,
100000003636627100,coordinator,1.0,30,0.4506714676249474,7 курьеров выше по цепочке,1,1,77000.0,10000.0,1,1,77000.0,10000.0,8,1,0.0019763124102948008,0.12987012987012986,3,False,False,False,7,12.0
100000001275752100,coordinator,1.0,73,0.47814485454229355,9 курьеров выше по цепочке,1,0,151500.0,0.0,1,0,151500.0,0.0,1,0,0.00029337452908966797,0.0,3,False,False,False,9,
100000002459240100,coordinator,1.0,90,0.4514594269395646,7 курьеров выше по цепочке,1,0,150000.0,0.0,1,0,150000.0,0.0,1,0,0.00029043067032840335,0.0,3,False,False,False,7,
100000002644285100,terminal,1.0,62,0.231670312020771,"вход 500,000, выход 0",1,0,500000.0,0.0,1,0,500000.0,0.0,1,0,0.00030938521828855235,0.0,3,False,False,False,2,
100000005186109100,coordinator,1.0,22,0.4496458697868743,7 курьеров выше по цепочке,1,0,5000.0,0.0,1,0,5000.0,0.0,1,0,0.0006059178330672808,0.0,3,False,False,False,7,
100000005317181100,coordinator,1.0,52,0.4515313438611368,7 курьеров выше по цепочке,1,1,141250.0,14500.0,1,1,141250.0,14500.0,1,1,0.000322417396545991,0.10265486725663717,3,False,False,False,7,
100000003001661100,coordinator,1.0,85,0.45645608957749395,7 курьеров выше по цепочке,1,5,110000.0,439500.0,1,5,110000.0,439500.0,1,8,0.0005464870342921869,3.9954545454545456,3,False,False,False,7,3.0
100000000288317100,coordinator,1.0,78,0.4577532024570433,7 курьеров выше по цепочке,2,3,100000.0,53500.0,2,3,100000.0,53500.0,2,3,0.0003128334856204945,0.535,3,False,False,False,7,0.0
100000004368189100,terminal,0.9477808718795436,62,0.23057967627101522,"вход 384,600, выход 28,200",1,2,384600.0,28200.0,1,2,384600.0,28200.0,1,2,0.0003038885030129052,0.07332293291731669,3,False,False,False,2,1.0
100000004493586100,coordinator,1.0,52,0.44967713801364484,7 курьеров выше по цепочке,1,0,7500.0,0.0,1,0,7500.0,0.0,1,0,0.00028863973665071367,0.0,3,False,False,False,7,
100000004114962100,coordinator,1.0,90,0.45789703630018774,7 курьеров выше по цепочке,2,0,165000.0,0.0,2,0,165000.0,0.0,2,0,0.0007112908662345295,0.0,3,False,False,False,7,
100000008088082100,coordinator,1.0,56,0.4506982082124816,7 курьеров выше по цепочке,1,1,39138.0,50000.0,1,1,39138.0,50000.0,1,1,0.00030005728529521367,1.2775307884920026,3,False,False,False,7,20.0
100000008595687100,coordinator,1.0,22,0.45051881614185374,7 курьеров выше по цепочке,1,1,64395.0,10400.0,1,1,64395.0,10400.0,1,1,0.00030485762729909343,0.161503222299868,3,False,False,False,7,1.0
100000001248999100,coordinator,1.0,54,0.44987631661817307,7 курьеров выше по цепочке,1,0,23425.0,0.0,1,0,23425.0,0.0,1,0,0.0002892563668937372,0.0,3,False,False,False,7,
100000002736316100,coordinator,1.0,52,0.46542179187645905,7 курьеров выше по цепочке,3,0,266921.0,0.0,3,0,266921.0,0.0,3,0,0.00038382327241415735,0.0,3,False,False,False,7,
100000008596924100,terminal,0.2464328840040415,30,0.2133340624041542,"вход 100,000, выход 0",1,0,100000.0,0.0,1,0,100000.0,0.0,1,0,0.0004160204242994224,0.0,3,False,False,False,1,
100000008598972100,terminal,0.2957194608048498,51,0.2135842082183184,"вход 120,000, выход 0",1,0,120000.0,0.0,1,0,120000.0,0.0,1,0,0.00029411601502281744,0.0,3,False,False,False,1,
100000002769809100,coordinator,1.0,64,0.45100193526003973,7 курьеров выше по цепочке,1,0,113422.0,0.0,1,0,113422.0,0.0,1,0,0.00037774425946329753,0.0,3,False,False,False,7,
100000003089553100,coordinator,1.0,67,0.46479276027289795,8 курьеров выше по цепочке,1,0,150000.0,0.0,1,0,150000.0,0.0,1,0,0.0003070919971826514,0.0,3,False,False,False,8,
100000002343825100,coordinator,1.0,67,0.4809173731201368,8 курьеров выше по цепочке,3,2,350000.0,89800.0,3,2,350000.0,89800.0,4,2,0.00033359725354762797,0.25657142857142856,3,False,False,False,8,3.0
100000002015633100,coordinator,1.0,90,0.45077115073189183,7 курьеров выше по цепочке,1,0,94970.0,0.0,1,0,94970.0,0.0,1,0,0.0002886471934791066,0.0,3,False,False,False,7,
100000002906470100,coordinator,1.0,64,0.45120928112540043,7 курьеров выше по цепочке,1,0,130000.0,0.0,1,0,130000.0,0.0,1,0,0.00030780128727312094,0.0,3,False,False,False,7,
100000005628518100,coordinator,1.0,64,0.45054639471786534,7 курьеров выше по цепочке,1,0,77000.0,0.0,1,0,77000.0,0.0,3,0,0.0005329929869212512,0.0,3,False,False,False,7,
100000002958139100,coordinator,1.0,73,0.4655369440700364,8 курьеров выше по цепочке,1,0,209500.0,0.0,1,0,209500.0,0.0,2,0,0.00030027317473638757,0.0,3,False,False,False,8,
100000008754747100,terminal,0.11212696222183888,63,0.21265241506055685,"вход 45,500, выход 0",1,0,45500.0,0.0,1,0,45500.0,0.0,1,0,0.0002926708331701108,0.0,3,False,False,False,1,
100000008776720100,terminal,0.06444219916705685,63,0.212410398985353,"вход 26,150, выход 0",1,0,26150.0,0.0,1,0,26150.0,0.0,1,0,0.0002896507281429226,0.0,3,False,False,False,1,
100000008576528100,coordinator,1.0,90,0.4499335374731631,7 курьеров выше по цепочке,1,0,28000.0,0.0,1,0,28000.0,0.0,1,0,0.0002864767510913652,0.0,3,False,False,False,7,
100000004603109100,peripheral,0.2,44,0.11956448658335977,"3 отправителей, 2 получателей",3,2,2730000.0,400000.0,3,2,2730000.0,400000.0,8,2,0.0031783652796316926,0.14652014652014653,3,False,False,False,2,1.0
100000008721637100,coordinator,1.0,30,0.4514724470291918,7 курьеров выше по цепочке,1,2,24041.0,127000.0,1,2,24041.0,127000.0,1,2,0.0002904606519895623,5.282642152988644,3,False,False,False,7,0.0
100000004491749100,terminal,0.12321644200202075,30,0.21270869786874377,"вход 50,000, выход 0",1,0,50000.0,0.0,1,0,50000.0,0.0,1,0,0.0003507948592583566,0.0,3,False,False,False,1,
100000005171642100,transit,0.9052812858783007,30,0.2705983974269445,"пропуск 0.98, связей 3",2,1,696800.0,683600.0,2,1,696800.0,683600.0,5,4,0.0027671822247582792,0.9810562571756601,3,False,False,False,1,7.0
100000008682426100,coordinator,1.0,83,0.44983347914749744,7 курьеров выше по цепочке,1,0,20000.0,0.0,1,0,20000.0,0.0,1,0,0.0002912223270400026,0.0,3,False,False,False,7,
100000006209210100,coordinator,1.0,30,0.45244889121478166,7 курьеров выше по цепочке,1,0,229111.0,0.0,1,0,229111.0,0.0,1,0,0.0003608027133122132,0.0,3,False,False,False,7,
100000003888527100,coordinator,1.0,69,0.4499585520545795,7 курьеров выше по цепочке,1,0,30000.0,0.0,1,0,30000.0,0.0,1,0,0.0003666748083508476,0.0,3,False,False,False,7,
100000008490127100,coordinator,1.0,90,0.4665276479567325,7 курьеров выше по цепочке,1,6,431755.0,923000.0,1,6,431755.0,923000.0,2,9,0.00029956211716964667,2.137786476126507,3,False,False,False,7,
100000004336228100,coordinator,1.0,78,0.45022629562677013,7 курьеров выше по цепочке,1,0,51407.0,0.0,1,0,51407.0,0.0,2,0,0.0002960285109303709,0.0,3,False,False,False,7,
100000006844004100,coordinator,1.0,52,0.44984098352192237,7 курьеров выше по цепочке,1,0,20600.0,0.0,1,0,20600.0,0.0,1,0,0.0005454417164852393,0.0,3,False,False,False,7,
100000001688676100,coordinator,1.0,64,0.4512555581010208,7 курьеров выше по цепочке,1,0,133700.0,0.0,1,0,133700.0,0.0,1,0,0.0003084340439985561,0.0,3,False,False,False,7,
100000008712036100,terminal,0.051750905640848714,63,0.21234598643820574,"вход 21,000, выход 0",1,0,21000.0,0.0,1,0,21000.0,0.0,1,0,0.00028884692758013086,0.0,3,False,False,False,1,
100000004697956100,transit,1.0,30,0.24733347914749748,"пропуск 1.00, связей 2",1,1,10000.0,10000.0,1,1,10000.0,10000.0,1,1,0.0004681160760661781,1.0,3,False,False,False,1,3.0
100000004921657100,coordinator,1.0,4,0.4899646806270266,10 курьеров выше по цепочке,1,1,8300.0,22190.0,1,1,8300.0,22190.0,1,1,0.00036129622421142676,2.6734939759036145,3,False,False,False,10,0.0
100000000408846100,coordinator,1.0,82,0.4500898786070157,7 курьеров выше по цепочке,1,0,40500.0,0.0,1,0,40500.0,0.0,1,0,0.0002957255734808806,0.0,3,False,False,False,7,
100000003406094100,coordinator,1.0,22,0.4510466863461937,7 курьеров выше по цепочке,1,3,70000.0,47000.0,1,3,70000.0,47000.0,4,3,0.000778150781378675,0.6714285714285714,3,False,False,False,7,3.0
100000008695566100,terminal,0.08304788190936198,63,0.2125048290302,"вход 33,700, выход 0",1,0,33700.0,0.0,1,0,33700.0,0.0,1,0,0.0002908291153757531,0.0,3,False,False,False,1,
100000005974542100,coordinator,1.0,43,0.450765272305259,7 курьеров выше по цепочке,1,0,94500.0,0.0,1,0,94500.0,0.0,3,0,0.0004830472191227783,0.0,3,False,False,False,7,
100000001887715100,coordinator,1.0,60,0.5147839256091362,9 курьеров выше по цепочке,3,1,1331500.0,750000.0,3,1,1331500.0,750000.0,4,1,0.0007309294553868685,0.5632745024408562,3,False,False,False,9,0.0
100000002472632100,coordinator,1.0,65,0.4623671419993015,7 курьеров выше по цепочке,2,1,502400.0,20000.0,2,1,502400.0,20000.0,3,1,0.000985619333290868,0.03980891719745223,3,False,False,False,7,
100000004629688100,coordinator,1.0,22,0.44983347914749744,7 курьеров выше по цепочке,1,1,5000.0,15000.0,1,1,5000.0,15000.0,1,2,0.00038797258449924294,3.0,3,False,False,False,7,3.0
100000002459832100,coordinator,1.0,51,0.4668473285747261,7 курьеров выше по цепочке,2,0,880606.0,0.0,2,0,880606.0,0.0,2,0,0.0003931880367042986,0.0,3,False,False,False,7,
100000006100920100,coordinator,1.0,52,0.45083406240415413,7 курьеров выше по цепочке,1,0,100000.0,0.0,1,0,100000.0,0.0,1,0,0.00032650852666292734,0.0,3,False,False,False,7,
100000001439416100,coordinator,1.0,25,0.4517721092072698,7 курьеров выше по цепочке,1,2,10000.0,165000.0,1,2,10000.0,165000.0,1,3,0.00034089967599193374,16.5,3,False,False,False,7,18.0
100000002121357100,coordinator,1.0,67,0.47377310183449994,8 курьеров выше по цепочке,2,1,255300.0,113000.0,2,1,255300.0,113000.0,2,1,0.00032627377480928593,0.4426165295730513,3,False,False,False,8,
100000002970466100,coordinator,1.0,52,0.45103814386664,7 курьеров выше по цепочке,1,2,23317.0,93000.0,1,2,23317.0,93000.0,1,3,0.0002868825068890663,3.9885062400823434,3,False,False,False,7,2.0
100000002581346100,coordinator,1.0,90,0.4516645465071792,7 курьеров выше по цепочке,1,0,166400.0,0.0,1,0,166400.0,0.0,1,0,0.00029096218078321833,0.0,3,False,False,False,7,
100000008738658100,terminal,0.07373271889400922,63,0.21245755147132295,"вход 29,920, выход 0",1,0,29920.0,0.0,1,0,29920.0,0.0,1,0,0.0002902391413704419,0.0,3,False,False,False,1,
100000005910114100,coordinator,1.0,52,0.4845481409441031,7 курьеров выше по цепочке,3,19,326144.0,1469993.0,3,19,326144.0,1469993.0,3,56,0.0003616504127742257,4.507190075549451,3,False,False,False,7,0.0
100000001046626100,coordinator,1.0,90,0.4514594269395646,7 курьеров выше по цепочке,1,0,150000.0,0.0,1,0,150000.0,0.0,1,0,0.00029043067032840335,0.0,3,False,False,False,7,
100000006492770100,coordinator,1.0,52,0.4531979403480056,7 курьеров выше по цепочке,1,1,269000.0,20000.0,1,1,269000.0,20000.0,1,1,0.0003007193653545543,0.07434944237918216,3,False,False,False,7,1.0
100000001674850100,coordinator,1.0,67,0.4721308945645121,8 курьеров выше по цепочке,2,0,237000.0,0.0,2,0,237000.0,0.0,2,0,0.0003140936423748864,0.0,3,False,False,False,8,
100000000860514100,coordinator,1.0,65,0.4503587853572422,7 курьеров выше по цепочке,1,1,12000.0,50000.0,1,1,12000.0,50000.0,1,1,0.0003062893737864735,4.166666666666667,3,False,False,False,7,11.0
100000003650146100,coordinator,1.0,22,0.44976343831953147,7 курьеров выше по цепочке,1,0,14400.0,0.0,1,0,14400.0,0.0,1,0,0.00030012735117663754,0.0,3,False,False,False,7,
100000001227106100,coordinator,1.0,90,0.45164409708687125,7 курьеров выше по цепочке,1,0,164765.0,0.0,1,0,164765.0,0.0,1,0,0.00029090919178360717,0.0,3,False,False,False,7,
100000003647799100,coordinator,1.0,90,0.45083406240415413,7 курьеров выше по цепочке,1,0,100000.0,0.0,1,0,100000.0,0.0,1,0,0.00028881021162469923,0.0,3,False,False,False,7,
100000008293431100,coordinator,1.0,52,0.4534856080342944,7 курьеров выше по цепочке,1,5,15000.0,297000.0,1,5,15000.0,297000.0,1,7,0.00028689952801563704,19.8,3,False,False,False,7,
100000002975287100,coordinator,1.0,54,0.4497709426939564,7 курьеров выше по цепочке,1,0,15000.0,0.0,1,0,15000.0,0.0,1,0,0.00028919231957213884,0.0,3,False,False,False,7,
100000008507703100,terminal,0.07023337194115183,63,0.2124397911185173,"вход 28,500, выход 0",1,0,28500.0,0.0,1,0,28500.0,0.0,1,0,0.00029001751092400227,0.0,3,False,False,False,1,
100000001733687100,coordinator,1.0,73,0.46666885387912926,8 курьеров выше по цепочке,1,0,300000.0,0.0,1,0,300000.0,0.0,1,0,0.0003066249703782886,0.0,3,False,False,False,8,
100000004552204100,coordinator,1.0,32,0.4633231536146834,8 курьеров выше по цепочке,1,2,22500.0,10000.0,1,2,22500.0,10000.0,2,2,0.0008646978335399401,0.4444444444444444,3,False,False,False,8,8.0
100000008223756100,coordinator,1.0,78,0.4599817765300134,7 курьеров выше по цепочке,2,0,331682.0,0.0,2,0,331682.0,0.0,2,0,0.00035628112116330586,0.0,3,False,False,False,7,
100000002956769100,coordinator,1.0,62,0.49925612419489523,9 курьеров выше по цепочке,3,0,840000.0,0.0,3,0,840000.0,0.0,3,0,0.00038478275617858006,0.0,3,False,False,False,9,
100000008555233100,coordinator,1.0,60,0.4817607122860367,9 курьеров выше по цепочке,1,0,440600.0,0.0,1,0,440600.0,0.0,1,0,0.0003634087205622213,0.0,3,False,False,False,9,
100000002346166100,terminal,0.01478597304024249,63,0.2121583770775826,"вход 6,000, выход 0",1,0,6000.0,0.0,1,0,6000.0,0.0,1,0,0.00028650576089238805,0.0,3,False,False,False,1,
100000000878006100,coordinator,1.0,90,0.4501712135184912,7 курьеров выше по цепочке,1,0,47003.0,0.0,1,0,47003.0,0.0,1,0,0.000287092622626295,0.0,3,False,False,False,7,
100000004997515100,coordinator,1.0,73,0.5006220271733398,9 курьеров выше по цепочке,4,4,395000.0,54500.0,4,4,395000.0,54500.0,4,4,0.0003566158833194684,0.1379746835443038,3,False,False,False,9,6.5
100000007653003100,coordinator,1.0,54,0.45083406240415413,7 курьеров выше по цепочке,1,0,100000.0,0.0,1,0,100000.0,0.0,1,0,0.0003013091989193027,0.0,3,False,False,False,7,
100000000661131100,terminal,0.03844352990463047,63,0.2122784470683814,"вход 15,600, выход 0",1,0,15600.0,0.0,1,0,15600.0,0.0,1,0,0.00028800410757254345,0.0,3,False,False,False,1,
100000003880331100,coordinator,1.0,78,0.4996738819489638,7 курьеров выше по цепочке,1,16,100000.0,3904908.0,1,16,100000.0,3904908.0,1,31,0.0003076581045462558,39.04908,3,False,False,False,7,0.0
100000003204491100,coordinator,1.0,52,0.45258508310330336,7 курьеров выше по цепочке,1,1,140000.0,100000.0,1,1,140000.0,100000.0,1,2,0.00029798480966852173,0.7142857142857143,3,False,False,False,7,0.0
100000008463968100,terminal,0.02464328840040415,63,0.21220840624041543,"вход 10,000, выход 0",1,0,10000.0,0.0,1,0,10000.0,0.0,1,0,0.00028713007200911945,0.0,3,False,False,False,1,
100000002712416100,coordinator,1.0,62,0.48396085155471874,9 курьеров выше по цепочке,2,0,116800.0,0.0,2,0,116800.0,0.0,2,0,0.0003026575194807802,0.0,3,False,False,False,9,
100000008754997100,terminal,0.04435791912072747,63,0.2123084645660811,"вход 18,000, выход 0",1,0,18000.0,0.0,1,0,18000.0,0.0,1,0,0.0002883786942425823,0.0,3,False,False,False,1,
100000008011573100,coordinator,1.0,54,0.4497709426939564,7 курьеров выше по цепочке,1,0,15000.0,0.0,1,0,15000.0,0.0,1,0,0.00028919231957213884,0.0,3,False,False,False,7,
100000003178549100,coordinator,1.0,54,0.4600743054666727,7 курьеров выше по цепочке,2,4,250000.0,89080.0,2,4,250000.0,89080.0,2,4,0.00035215781948056465,0.35632,3,False,False,False,7,
100000000534581100,coordinator,1.0,78,0.457033532949693,7 курьеров выше по цепочке,2,1,55960.0,40000.0,2,1,55960.0,40000.0,2,1,0.0002984533219886514,0.7147962830593281,3,False,False,False,7,5.0
100000007138613100,coordinator,1.0,52,0.47685444365972773,7 курьеров выше по цепочке,3,2,1002000.0,179000.0,3,2,1002000.0,179000.0,3,2,0.0003541752272666083,0.17864271457085829,3,False,False,False,7,
100000002380341100,coordinator,1.0,52,0.4503033330331583,7 курьеров выше по цепочке,1,0,57566.4,0.0,1,0,57566.4,0.0,1,0,0.0003091365365238758,0.0,3,False,False,False,7,
100000008309514100,terminal,0.04238645604869514,63,0.21229845873351452,"вход 17,200, выход 0",1,0,17200.0,0.0,1,0,17200.0,0.0,1,0,0.000288253832019236,0.0,3,False,False,False,1,
100000003134474100,coordinator,1.0,90,0.4510341790554855,7 курьеров выше по цепочке,1,0,116000.0,0.0,1,0,116000.0,0.0,1,0,0.0002893287584098846,0.0,3,False,False,False,7,
100000002373386100,terminal,0.05914389216096996,63,0.21238350831033034,"вход 24,000, выход 0",1,0,24000.0,0.0,1,0,24000.0,0.0,1,0,0.0002893151609176794,0.0,3,False,False,False,1,
100000008684767100,terminal,0.0766406269252569,63,0.21247231007435863,"вход 31,100, выход 0",1,0,31100.0,0.0,1,0,31100.0,0.0,1,0,0.0002904233131498777,0.0,3,False,False,False,1,
100000008332511100,coordinator,1.0,30,0.4775007290708208,9 курьеров выше по цепочке,1,0,100000.0,0.0,1,0,100000.0,0.0,1,0,0.0011127776746800726,0.0,3,False,False,False,9,
100000005754335100,coordinator,1.0,69,0.45013411689425065,7 курьеров выше по цепочке,1,0,44037.0,0.0,1,0,44037.0,0.0,1,0,0.00040462407841393883,0.0,3,False,False,False,7,
100000008547295100,terminal,0.03696493260060622,30,0.21227094269395647,"вход 15,000, выход 0",1,0,15000.0,0.0,1,0,15000.0,0.0,1,0,0.0005629711569533369,0.0,3,False,False,False,1,
100000001875167100,coordinator,1.0,90,0.46209062404154194,7 курьеров выше по цепочке,1,0,1000000.0,0.0,1,0,1000000.0,0.0,2,0,0.0003179784682913741,0.0,3,False,False,False,7,
100000004670388100,coordinator,1.0,49,0.4605941767374676,7 курьеров выше по цепочке,1,2,160354.0,720000.0,1,2,160354.0,720000.0,1,4,0.0005140172616899977,4.490065729573319,3,False,False,False,7,0.0
100000004097972100,coordinator,1.0,52,0.4511952479452258,7 курьеров выше по цепочке,1,2,118878.0,10000.0,1,2,118878.0,10000.0,1,2,0.0003165811788801667,0.0841198539679335,3,False,False,False,7,0.0
100000000481716100,coordinator,1.0,59,0.44968339165899895,7 курьеров выше по цепочке,1,0,8000.0,0.0,1,0,8000.0,0.0,1,0,0.0003771539261882796,0.0,3,False,False,False,7,
100000005089460100,terminal,0.030311244732497106,63,0.21223717300904432,"вход 12,300, выход 0",1,0,12300.0,0.0,1,0,12300.0,0.0,1,0,0.00028748905090124,0.0,3,False,False,False,1,
100000003105929100,coordinator,1.0,90,0.4569116176123776,7 курьеров выше по цепочке,1,1,429567.0,156354.0,1,1,429567.0,156354.0,2,1,0.0002994912058967726,0.3639804733603838,3,False,False,False,7,
100000008379273100,coordinator,1.0,59,0.45675887284574074,7 курьеров выше по цепочке,2,4,36000.0,38000.0,2,4,36000.0,38000.0,2,4,0.0002990171904496492,1.0555555555555556,3,False,False,False,7,8.5
100000005357705100,coordinator,1.0,78,0.4550824763754649,7 курьеров выше по цепочке,1,4,52595.0,387080.0,1,4,52595.0,387080.0,1,5,0.0002962702202200618,7.35963494628767,3,False,False,False,7,0.0
100000003111305100,coordinator,1.0,30,0.48803710510140424,8 курьеров выше по цепочке,4,0,509338.0,0.0,4,0,509338.0,0.0,4,0,0.00040360180953618035,0.0,3,False,False,False,8,
100000008503177100,coordinator,1.0,78,0.45000796836016765,7 курьеров выше по цепочке,1,0,33951.0,0.0,1,0,33951.0,0.0,1,0,0.0002924769306603002,0.0,3,False,False,False,7,
100000000955529100,coordinator,1.0,4,0.45071524314242617,7 курьеров выше по цепочке,1,1,27000.0,63500.0,1,1,27000.0,63500.0,1,1,0.0002956290149139567,2.3518518518518516,3,False,False,False,7,7.0
100000008695689100,terminal,0.06456541560905887,63,0.2124110243498884,"вход 26,200, выход 0",1,0,26200.0,0.0,1,0,26200.0,0.0,1,0,0.00028965853203188175,0.0,3,False,False,False,1,
100000004184158100,coordinator,1.0,52,0.45213238171611975,7 курьеров выше по цепочке,1,0,203805.0,0.0,1,0,203805.0,0.0,1,0,0.0003036431808354202,0.0,3,False,False,False,7,
100000005475379100,coordinator,1.0,34,0.46528517230808014,8 курьеров выше по цепочке,1,3,108370.0,81000.0,1,3,108370.0,81000.0,1,3,0.0004216387717503735,0.7474393282273692,3,False,False,False,8,9.0
100000003093299100,coordinator,1.0,52,0.4497709426939564,7 курьеров выше по цепочке,1,0,15000.0,0.0,1,0,15000.0,0.0,1,0,0.00028641409372308623,0.0,3,False,False,False,7,
100000008767027100,coordinator,1.0,60,0.476312536453541,9 курьеров выше по цепочке,1,0,5000.0,0.0,1,0,5000.0,0.0,1,0,0.00028633291495751956,0.0,3,False,False,False,9,
100000004539443100,coordinator,1.0,4,0.49660866028433515,10 курьеров выше по цепочке,2,0,61990.0,0.0,2,0,61990.0,0.0,2,0,0.0009561831780302799,0.0,3,False,False,False,10,
100000007863304100,coordinator,1.0,90,0.4498960156010385,7 курьеров выше по цепочке,1,0,25000.0,0.0,1,0,25000.0,0.0,1,0,0.000286379523569143,0.0,3,False,False,False,7,
100000004959752100,coordinator,1.0,4,0.5031943285203888,11 курьеров выше по цепочке,1,0,22200.0,0.0,1,0,22200.0,0.0,1,0,0.0007848703238285036,0.0,3,False,False,False,11,
100000002214664100,peripheral,0.2,63,0.05564520231446025,"1 отправителей, 1 получателей",1,1,7950.0,76950.0,1,1,7950.0,76950.0,1,2,0.0002868101125617946,9.679245283018869,3,False,False,False,1,0.0
100000008192264100,coordinator,1.0,90,0.4539698903305162,7 курьеров выше по цепочке,1,1,162810.0,187910.0,1,1,162810.0,187910.0,1,2,0.00029084583184829237,1.1541674344327744,3,False,False,False,7,0.0
100000000942301100,coordinator,1.0,52,0.45030350313231193,7 курьеров выше по цепочке,1,0,57580.0,0.0,1,0,57580.0,0.0,2,0,0.000300590276391355,0.0,3,False,False,False,7,
100000002578653100,coordinator,1.0,46,0.44983347914749744,7 курьеров выше по цепочке,1,0,20000.0,0.0,1,0,20000.0,0.0,1,0,0.0003113100744475735,0.0,3,False,False,False,7,
100000002511581100,terminal,0.04337218758471131,63,0.21230346164979783,"вход 17,600, выход 0",1,0,17600.0,0.0,1,0,17600.0,0.0,1,0,0.00028831626313090915,0.0,3,False,False,False,1,
100000005610717100,coordinator,1.0,52,0.47771004917727733,7 курьеров выше по цепочке,4,1,484500.0,265200.0,4,1,484500.0,265200.0,6,7,0.00034454483671221423,0.5473684210526316,3,False,False,False,7,0.0
100000005704413100,distributor,0.5333333333333333,59,0.4103618340510433,32 получателей,3,32,97834.67,1363593.0,3,32,97834.67,1363593.0,4,35,0.0005996888032985918,13.9377278014021,3,False,False,False,7,0.0
100000000976943100,coordinator,1.0,34,0.46484278943573076,8 курьеров выше по цепочке,1,1,70000.0,84000.0,1,1,70000.0,84000.0,1,3,0.00037346136238482604,1.2,3,False,False,False,8,0.0
100000008708061100,terminal,0.02131644446634959,63,0.21219152139795935,"вход 8,650, выход 0",1,0,8650.0,0.0,1,0,8650.0,0.0,1,0,0.0002869193670072226,0.0,3,False,False,False,1,
100000003986141100,coordinator,1.0,54,0.4496494508743499,7 курьеров выше по цепочке,1,0,5286.32,0.0,1,0,5286.32,0.0,1,0,0.0002868461256435469,0.0,3,False,False,False,7,
100000005037490100,coordinator,1.0,56,0.4501461614152027,7 курьеров выше по цепочке,1,2,15000.0,30000.0,1,2,15000.0,30000.0,1,3,0.0003232011772500526,2.0,3,False,False,False,7,0.0
100000004257714100,terminal,0.12868725202691048,63,0.212736464054116,"вход 52,220, выход 0",1,0,52220.0,0.0,1,0,52220.0,0.0,1,0,0.0002937196758462196,0.0,3,False,False,False,1,
100000000569479100,coordinator,1.0,52,0.45358566635996006,7 курьеров выше по цепочке,1,0,320000.0,0.0,1,0,320000.0,0.0,1,0,0.0003949532398197791,0.0,3,False,False,False,7,
100000007303047100,terminal,0.1287611818921117,63,0.21273683927283724,"вход 52,250, выход 0",1,0,52250.0,0.0,1,0,52250.0,0.0,1,0,0.00029372435817959507,0.0,3,False,False,False,1,
100000008708743100,terminal,0.03832031346262845,63,0.212277821703846,"вход 15,550, выход 0",1,0,15550.0,0.0,1,0,15550.0,0.0,1,0,0.0002879963036835843,0.0,3,False,False,False,1,
100000008745863100,terminal,0.0564331304369255,63,0.21236975029055133,"вход 22,900, выход 0",1,0,22900.0,0.0,1,0,22900.0,0.0,1,0,0.00028914347536057827,0.0,3,False,False,False,1,
100000005048668100,coordinator,1.0,78,0.4580354669937462,7 курьеров выше по цепочке,2,8,16668.0,159400.0,2,8,16668.0,159400.0,2,11,0.00028854810674879374,9.563234941204703,3,False,False,False,7,1.5
100000006522972100,coordinator,1.0,90,0.4497023402044219,7 курьеров выше по цепочке,1,0,9515.0,0.0,1,0,9515.0,0.0,1,0,0.00030331012596478374,0.0,3,False,False,False,7,
100000008759857100,coordinator,1.0,60,0.4887447834175004,9 курьеров выше по цепочке,1,2,5000.0,994000.0,1,2,5000.0,994000.0,1,3,0.00028633291495751956,198.8,3,False,False,False,9,3.0
100000005342513100,peripheral,0.2,47,0.057897765371008623,"1 отправителей, 1 получателей",1,1,235000.0,30000.0,1,1,235000.0,30000.0,2,1,0.0010816512996714893,0.1276595744680851,3,False,False,False,1,0.0
100000004750897100,coordinator,1.0,22,0.44970840624041536,7 курьеров выше по цепочке,1,0,10000.0,0.0,1,0,10000.0,0.0,1,0,0.000490375874781195,0.0,3,False,False,False,7,
100000001140785100,coordinator,1.0,67,0.47185573416893156,8 курьеров выше по цепочке,2,0,215000.0,0.0,2,0,215000.0,0.0,2,0,0.00031534667818847384,0.0,3,False,False,False,8,
100000002821425100,terminal,0.6776904310111141,62,0.22885617161142408,"вход 275,000, выход 0",1,0,275000.0,0.0,1,0,275000.0,0.0,1,0,0.00029866805245648467,0.0,3,False,False,False,2,
100000003221510100,coordinator,1.0,79,0.4513843831953153,7 курьеров выше по цепочке,1,2,24000.0,120000.0,1,2,24000.0,120000.0,1,3,0.00028692097342656345,5.0,3,False,False,False,7,
100000003031003100,coordinator,1.0,62,0.49225316705446215,9 курьеров выше по цепочке,3,0,280090.0,0.0,3,0,280090.0,0.0,3,0,0.00031149881059583785,0.0,3,False,False,False,9,
100000003060187100,coordinator,1.0,64,0.45074708670456926,7 курьеров выше по цепочке,1,0,93046.0,0.0,1,0,93046.0,0.0,1,0,0.0003014815867240045,0.0,3,False,False,False,7,
100000008718811100,terminal,0.1806353039749624,63,0.21300011774224503,"вход 73,300, выход 0",1,0,73300.0,0.0,1,0,73300.0,0.0,1,0,0.0002970097954313942,0.0,3,False,False,False,1,
100000008043184100,coordinator,1.0,54,0.4502157519807031,7 курьеров выше по цепочке,1,0,50564.0,0.0,1,0,50564.0,0.0,1,0,0.00029352801963081616,0.0,3,False,False,False,7,
100000002530224100,coordinator,1.0,73,0.4776633238500275,9 курьеров выше по цепочке,1,0,113000.0,0.0,1,0,113000.0,0.0,1,0,0.00029139102055774377,0.0,3,False,False,False,9,
100000008754608100,terminal,0.030311244732497106,63,0.21223717300904432,"вход 12,300, выход 0",1,0,12300.0,0.0,1,0,12300.0,0.0,1,0,0.00028748905090124,0.0,3,False,False,False,1,
100000006989232100,coordinator,1.0,52,0.44986092014331125,7 курьеров выше по цепочке,1,0,22194.0,0.0,1,0,22194.0,0.0,1,0,0.00028753750814532387,0.0,3,False,False,False,7,
100000006532229100,coordinator,1.0,67,0.46422993219102854,8 курьеров выше по цепочке,1,0,105000.0,0.0,1,0,105000.0,0.0,1,0,0.0003006351862930432,0.0,3,False,False,False,8,
100000005661829100,coordinator,1.0,64,0.4505608031167612,7 курьеров выше по цепочке,1,2,37790.0,40362.0,1,2,37790.0,40362.0,1,4,0.0002920319635832895,1.0680603334215402,3,False,False,False,7,0.0
100000004553349100,coordinator,1.0,90,0.4496803273727754,7 курьеров выше по цепочке,1,0,7755.0,0.0,1,0,7755.0,0.0,1,0,0.0003000285848322995,0.0,3,False,False,False,7,
100000002945626100,coordinator,1.0,73,0.4960542577735938,9 курьеров выше по цепочке,3,0,584000.0,0.0,3,0,584000.0,0.0,3,0,0.0003377644362503449,0.0,3,False,False,False,9,
100000008775471100,coordinator,1.0,60,0.47017089527742767,8 курьеров выше по цепочке,1,0,580000.0,0.0,1,0,580000.0,0.0,2,0,0.00035837580082273557,0.0,3,False,False,False,8,
100000000404740100,coordinator,1.0,65,0.4498960156010385,7 курьеров выше по цепочке,1,0,25000.0,0.0,1,0,25000.0,0.0,1,0,0.0005579900727464834,0.0,4,False,True,True,7,
100000004268036100,peripheral,0.2,59,0.05465212343222848,"1 отправителей, 0 получателей",1,0,5500.0,0.0,1,0,5500.0,0.0,1,0,0.00028851261710781384,0.0,4,False,True,True,1,
100000001256409100,peripheral,0.2,51,0.054683391658999,"1 отправителей, 0 получателей",1,0,8000.0,0.0,1,0,8000.0,0.0,1,0,0.0005471647850140195,0.0,4,False,True,True,1,
100000005360814100,coordinator,1.0,78,0.4513843831953153,7 курьеров выше по цепочке,1,0,144000.0,0.0,1,0,144000.0,0.0,3,0,0.0004336887325641272,0.0,4,False,True,True,7,
100000002369454100,coordinator,1.0,78,0.4498960156010385,7 курьеров выше по цепочке,1,0,25000.0,0.0,1,0,25000.0,0.0,1,0,0.00042888184355224774,0.0,4,False,True,True,7,
100000004272302100,coordinator,1.0,46,0.44970840624041536,7 курьеров выше по цепочке,1,0,10000.0,0.0,1,0,10000.0,0.0,1,0,0.00028773614997434693,0.0,4,False,True,True,7,
100000008727982100,peripheral,0.2,30,0.05495855205457959,"1 отправителей, 0 получателей",1,0,30000.0,0.0,1,0,30000.0,0.0,2,0,0.0005138489258762212,0.0,4,False,True,True,1,
100000000600707100,peripheral,0.2,80,0.055696482206363904,"1 отправителей, 0 получателей",1,0,89000.0,0.0,1,0,89000.0,0.0,2,0,0.0005701602511841814,0.0,4,False,True,True,1,
100000004500781100,coordinator,1.0,83,0.4505088728457407,7 курьеров выше по цепочке,1,0,74000.0,0.0,1,0,74000.0,0.0,5,0,0.0006807503625850068,0.0,4,False,True,True,7,
100000008703533100,coordinator,1.0,67,0.4638547134697823,8 курьеров выше по цепочке,1,0,75000.0,0.0,1,0,75000.0,0.0,1,0,0.00029552677799059583,0.0,4,False,True,True,8,
100000004549591100,coordinator,1.0,77,0.4501961905780355,7 курьеров выше по цепочке,1,0,49000.0,0.0,1,0,49000.0,0.0,1,0,0.000444321168333405,0.0,4,False,True,True,7,
100000002700161100,coordinator,1.0,68,0.49007111767095346,10 курьеров выше по цепочке,1,0,39000.0,0.0,1,0,39000.0,0.0,1,0,0.0009026643078152162,0.0,4,False,True,True,10,
100000003134550100,coordinator,1.0,67,0.4641673957374875,8 курьеров выше по цепочке,1,0,100000.0,0.0,1,0,100000.0,0.0,1,0,0.0002988459392483642,0.0,4,False,True,True,8,
100000001957974100,coordinator,1.0,83,0.4558369786874376,7 курьеров выше по цепочке,1,0,500000.0,0.0,1,0,500000.0,0.0,1,0,0.00032013746769043517,0.0,4,False,True,True,7,
100000001246806100,coordinator,1.0,73,0.4778759477920671,9 курьеров выше по цепочке,1,0,130000.0,0.0,1,0,130000.0,0.0,1,0,0.0005329767614424807,0.0,4,False,True,True,9,
100000003622955100,coordinator,1.0,34,0.5031042760272897,11 курьеров выше по цепочке,1,0,15000.0,0.0,1,0,15000.0,0.0,1,0,0.001334263775828019,0.0,4,False,True,True,11,
100000003692843100,coordinator,1.0,66,0.4559620515945197,7 курьеров выше по цепочке,1,0,510000.0,0.0,1,0,510000.0,0.0,2,0,0.0005294957412060607,0.0,4,False,True,True,7,
100000008629504100,coordinator,1.0,52,0.44983347914749744,7 курьеров выше по цепочке,1,0,20000.0,0.0,1,0,20000.0,0.0,1,0,0.00030201034173378495,0.0,4,False,True,True,7,
100000005621418100,coordinator,1.0,82,0.4499585520545795,7 курьеров выше по цепочке,1,0,30000.0,0.0,1,0,30000.0,0.0,1,0,0.00030782638639647333,0.0,4,False,True,True,7,
100000004167082100,coordinator,1.0,56,0.44974968029975243,7 курьеров выше по цепочке,1,0,13300.0,0.0,1,0,13300.0,0.0,1,0,0.00038491480925942914,0.0,4,False,True,True,7,
100000004379306100,coordinator,1.0,78,0.4497709426939564,7 курьеров выше по цепочке,1,0,15000.0,0.0,1,0,15000.0,0.0,1,0,0.0005320511103436067,0.0,4,False,True,True,7,
100000004856746100,coordinator,1.0,87,0.44983347914749744,7 курьеров выше по цепочке,1,0,20000.0,0.0,1,0,20000.0,0.0,1,0,0.0003000473060624518,0.0,4,False,True,True,7,
100000004891562100,peripheral,0.2,59,0.055876587192562104,"1 отправителей, 0 получателей",1,0,103400.0,0.0,1,0,103400.0,0.0,1,0,0.0003409037645591223,0.0,4,False,True,True,1,
100000007042175100,coordinator,1.0,52,0.4503337707758258,7 курьеров выше по цепочке,1,0,60000.0,0.0,1,0,60000.0,0.0,1,0,0.0005340058628254453,0.0,4,False,True,True,7,
100000002670463100,peripheral,0.2,59,0.0549773129906419,"1 отправителей, 0 получателей",1,0,31500.0,0.0,1,0,31500.0,0.0,1,0,0.0003024265071357405,0.0,4,False,True,True,1,
100000005567828100,coordinator,1.0,59,0.4507590186599049,7 курьеров выше по цепочке,1,0,94000.0,0.0,1,0,94000.0,0.0,1,0,0.0003207562214579207,0.0,4,False,True,True,7,
100000004200745100,coordinator,1.0,42,0.4778759477920671,9 курьеров выше по цепочке,1,0,130000.0,0.0,1,0,130000.0,0.0,4,0,0.0006010148962169087,0.0,4,False,True,True,9,
100000003989033100,peripheral,0.2,59,0.05925355568377844,"1 отправителей, 0 получателей",1,0,373400.0,0.0,1,0,373400.0,0.0,13,0,0.0005989171063455111,0.0,4,False,True,True,1,
100000005146665100,coordinator,1.0,71,0.44965212343222843,7 курьеров выше по цепочке,1,0,5500.0,0.0,1,0,5500.0,0.0,1,0,0.00028645375249411193,0.0,4,False,True,True,7,
100000003096787100,coordinator,1.0,59,0.4497884529009479,7 курьеров выше по цепочке,1,0,16400.0,0.0,1,0,16400.0,0.0,1,0,0.00029170829003374117,0.0,4,False,True,True,7,
100000003074515100,coordinator,1.0,73,0.46422993219102854,8 курьеров выше по цепочке,1,0,105000.0,0.0,1,0,105000.0,0.0,1,0,0.00029938285450538176,0.0,4,False,True,True,8,
100000004377043100,coordinator,1.0,85,0.44965462489037006,7 курьеров выше по цепочке,1,0,5700.0,0.0,1,0,5700.0,0.0,1,0,0.0003635495256865643,0.0,4,False,True,True,7,
100000008680061100,coordinator,1.0,90,0.4500998844395823,7 курьеров выше по цепочке,1,0,41300.0,0.0,1,0,41300.0,0.0,2,0,0.0003106855908070421,0.0,4,False,True,True,7,
100000008471634100,coordinator,1.0,65,0.44983347914749744,7 курьеров выше по цепочке,1,0,20000.0,0.0,1,0,20000.0,0.0,1,0,0.0011246149928916334,0.0,4,False,True,True,7,
100000002119762100,coordinator,1.0,90,0.45054639471786534,7 курьеров выше по цепочке,1,0,77000.0,0.0,1,0,77000.0,0.0,6,0,0.0005295245957280118,0.0,4,False,True,True,7,
100000008628818100,coordinator,1.0,59,0.45016254596603045,7 курьеров выше по цепочке,1,0,46310.0,0.0,1,0,46310.0,0.0,1,0,0.00030290447081849904,0.0,4,False,True,True,7,
100000007510567100,coordinator,1.0,59,0.45023371245016014,7 курьеров выше по цепочке,1,0,52000.0,0.0,1,0,52000.0,0.0,1,0,0.00030503440290359675,0.0,4,False,True,True,7,
100000004780327100,peripheral,0.2,59,0.05473342082183184,"1 отправителей, 0 получателей",1,0,12000.0,0.0,1,0,12000.0,0.0,1,0,0.00029199108961479553,0.0,4,False,True,True,1,
100000008376785100,coordinator,1.0,90,0.45251316618173115,7 курьеров выше по цепочке,1,0,234250.0,0.0,1,0,234250.0,0.0,2,0,0.0005318070054641103,0.0,4,False,True,True,7,
100000005745873100,coordinator,1.0,70,0.4523724591612638,7 курьеров выше по цепочке,1,0,223000.0,0.0,1,0,223000.0,0.0,1,0,0.0003163211975392906,0.0,4,False,True,True,7,
100000002594214100,coordinator,1.0,86,0.46209062404154194,7 курьеров выше по цепочке,1,0,1000000.0,0.0,1,0,1000000.0,0.0,1,0,0.00036705924336221985,0.0,4,False,True,True,7,
100000001299323100,coordinator,1.0,73,0.4642799613538614,8 курьеров выше по цепочке,1,0,109000.0,0.0,1,0,109000.0,0.0,1,0,0.0002999090853734995,0.0,4,False,True,True,8,
100000003838587100,coordinator,1.0,83,0.44965837707758255,7 курьеров выше по цепочке,1,0,6000.0,0.0,1,0,6000.0,0.0,1,0,0.0005550324069085224,0.0,4,False,True,True,7,
100000000673915100,coordinator,1.0,84,0.4498359806056391,7 курьеров выше по цепочке,1,0,20200.0,0.0,1,0,20200.0,0.0,1,0,0.0002875765133018172,0.0,4,False,True,True,7,
100000003061115100,coordinator,1.0,52,0.4501461614152027,7 курьеров выше по цепочке,1,0,45000.0,0.0,1,0,45000.0,0.0,1,0,0.0005339039923107205,0.0,4,False,True,True,7,
100000004326224100,coordinator,1.0,90,0.4503337707758258,7 курьеров выше по цепочке,1,0,60000.0,0.0,1,0,60000.0,0.0,1,0,0.0005348779091078309,0.0,4,False,True,True,7,
100000004988240100,coordinator,1.0,52,0.44983347914749744,7 курьеров выше по цепочке,1,0,20000.0,0.0,1,0,20000.0,0.0,1,0,0.0005299271891403068,0.0,4,False,True,True,7,
100000008525136100,coordinator,1.0,52,0.44975968613231904,7 курьеров выше по цепочке,1,0,14100.0,0.0,1,0,14100.0,0.0,1,0,0.0002885216550484359,0.0,4,False,True,True,7,
100000001991973100,peripheral,0.2,59,0.05484348498006407,"1 отправителей, 0 получателей",1,0,20800.0,0.0,1,0,20800.0,0.0,1,0,0.00029670040623963227,0.0,4,False,True,True,1,
100000004569637100,coordinator,1.0,78,0.44965212343222843,7 курьеров выше по цепочке,1,0,5500.0,0.0,1,0,5500.0,0.0,1,0,0.0005531603067223192,0.0,4,False,True,True,7,
100000008675322100,coordinator,1.0,84,0.4538358121741242,7 курьеров выше по цепочке,1,0,340000.0,0.0,1,0,340000.0,0.0,4,0,0.0003193541698974364,0.0,4,False,True,True,7,
100000004235471100,coordinator,1.0,90,0.45183464566081083,7 курьеров выше по цепочке,1,0,180000.0,0.0,1,0,180000.0,0.0,1,0,0.00034861353029746133,0.0,4,False,True,True,7,
100000003194831100,peripheral,0.2,59,0.05466169150962026,"1 отправителей, 0 получателей",1,0,6265.0,0.0,1,0,6265.0,0.0,1,0,0.00029082672336293444,0.0,4,False,True,True,1,
100000008588665100,coordinator,1.0,52,0.4498960156010385,7 курьеров выше по цепочке,1,0,25000.0,0.0,1,0,25000.0,0.0,1,0,0.0003524909066556901,0.0,4,False,True,True,7,
100000003230329100,coordinator,1.0,73,0.4642924686445696,8 курьеров выше по цепочке,1,0,110000.0,0.0,1,0,110000.0,0.0,1,0,0.00030004064309052897,0.0,4,False,True,True,8,
100000002217806100,coordinator,1.0,77,0.4502712343222848,7 курьеров выше по цепочке,1,0,55000.0,0.0,1,0,55000.0,0.0,2,0,0.0004637601733272149,0.0,4,False,True,True,7,
100000004041294100,coordinator,1.0,65,0.4498059631079394,7 курьеров выше по цепочке,1,0,17800.0,0.0,1,0,17800.0,0.0,2,0,0.0003008542855735774,0.0,4,False,True,True,7,
100000008583971100,coordinator,1.0,52,0.45647120515945194,7 курьеров выше по цепочке,2,0,51000.0,0.0,2,0,51000.0,0.0,2,0,0.00032971602313587925,0.0,4,False,True,True,7,
100000008251939100,coordinator,1.0,59,0.4501381567491494,7 курьеров выше по цепочке,1,0,44360.0,0.0,1,0,44360.0,0.0,1,0,0.00030217452924276257,0.0,4,False,True,True,7,
100000004049912100,coordinator,1.0,64,0.44970840624041536,7 курьеров выше по цепочке,1,0,10000.0,0.0,1,0,10000.0,0.0,1,0,0.0003245564257590689,0.0,4,False,True,True,7,
100000002227960100,coordinator,1.0,72,0.44970840624041536,7 курьеров выше по цепочке,1,0,10000.0,0.0,1,0,10000.0,0.0,1,0,0.00029943768321597685,0.0,4,False,True,True,7,
100000008677368100,coordinator,1.0,30,0.4497521817578941,7 курьеров выше по цепочке,1,0,13500.0,0.0,1,0,13500.0,0.0,1,0,0.0005340288694748735,0.0,4,False,True,True,7,
100000008631800100,peripheral,0.2,59,0.054744052018933814,"1 отправителей, 0 получателей",1,0,12850.0,0.0,1,0,12850.0,0.0,1,0,0.00029244596678878543,0.0,4,False,True,True,1,
100000003220685100,coordinator,1.0,90,0.4659178549982538,7 курьеров выше по цепочке,1,0,1306000.0,0.0,1,0,1306000.0,0.0,2,0,0.0005375987236644607,0.0,4,False,True,True,7,
100000003072205100,coordinator,1.0,73,0.4712053550521047,8 курьеров выше по цепочке,2,0,163000.0,0.0,2,0,163000.0,0.0,2,0,0.0003189739255881062,0.0,4,False,True,True,8,
100000001202637100,coordinator,1.0,59,0.47637507290708203,9 курьеров выше по цепочке,1,0,10000.0,0.0,1,0,10000.0,0.0,1,0,0.0005487659443752247,0.0,4,False,True,True,9,
100000002835874100,coordinator,1.0,73,0.4636508446312385,8 курьеров выше по цепочке,1,0,58700.0,0.0,1,0,58700.0,0.0,1,0,0.00029329173220691884,0.0,4,False,True,True,8,
100000002707106100,coordinator,1.0,83,0.4497709426939564,7 курьеров выше по цепочке,1,0,15000.0,0.0,1,0,15000.0,0.0,2,0,0.00028660633942148524,0.0,4,False,True,True,7,
100000008343415100,coordinator,1.0,51,0.45083406240415413,7 курьеров выше по цепочке,1,0,100000.0,0.0,1,0,100000.0,0.0,3,0,0.0004339920196479948,0.0,4,False,True,True,7,
100000004981068100,coordinator,1.0,4,0.44970840624041536,7 курьеров выше по цепочке,1,0,10000.0,0.0,1,0,10000.0,0.0,1,0,0.0003788472368268382,0.0,4,False,True,True,7,
100000004241142100,coordinator,1.0,52,0.44992230592610716,7 курьеров выше по цепочке,1,0,27102.0,0.0,1,0,27102.0,0.0,1,0,0.0005301329725055737,0.0,4,False,True,True,7,
100000008190411100,coordinator,1.0,81,0.45206540517437727,7 курьеров выше по цепочке,1,0,198450.0,0.0,1,0,198450.0,0.0,12,0,0.0004241348636842565,0.0,4,False,True,True,7,
100000008699083100,coordinator,1.0,62,0.4658996555005744,8 курьеров выше по цепочке,1,0,238500.0,0.0,1,0,238500.0,0.0,1,0,0.00030640170893457883,0.0,4,False,True,True,8,
100000008136608100,coordinator,1.0,59,0.45170957275372875,7 курьеров выше по цепочке,1,0,170000.0,0.0,1,0,170000.0,0.0,1,0,0.0005643778935793362,0.0,4,False,True,True,7,
100000008695157100,coordinator,1.0,78,0.45490576086504864,7 курьеров выше по цепочке,1,0,425546.0,0.0,1,0,425546.0,0.0,3,0,0.0004975174254247276,0.0,4,False,True,True,7,
100000000369781100,coordinator,1.0,90,0.4496458697868743,7 курьеров выше по цепочке,1,0,5000.0,0.0,1,0,5000.0,0.0,1,0,0.0005324777910582564,0.0,4,False,True,True,7,
100000003133045100,coordinator,1.0,81,0.4504338291014915,7 курьеров выше по цепочке,1,0,68000.0,0.0,1,0,68000.0,0.0,1,0,0.00033304955989506193,0.0,4,False,True,True,7,
100000002474570100,peripheral,0.2,59,0.05466775754561374,"1 отправителей, 0 получателей",1,0,6750.0,0.0,1,0,6750.0,0.0,1,0,0.0002891815541283873,0.0,4,False,True,True,1,
100000002514975100,coordinator,1.0,82,0.4498074639828244,7 курьеров выше по цепочке,1,0,17920.0,0.0,1,0,17920.0,0.0,1,0,0.0005310425183631422,0.0,4,False,True,True,7,
100000001089055100,coordinator,1.0,54,0.44974592811254,7 курьеров выше по цепочке,1,0,13000.0,0.0,1,0,13000.0,0.0,1,0,0.00032930768290614026,0.0,4,False,True,True,7,
100000000608031100,coordinator,1.0,54,0.4499585520545795,7 курьеров выше по цепочке,1,0,30000.0,0.0,1,0,30000.0,0.0,1,0,0.0005386366709608574,0.0,4,False,True,True,7,
100000002659103100,coordinator,1.0,75,0.4516470363001877,7 курьеров выше по цепочке,1,0,165000.0,0.0,1,0,165000.0,0.0,1,0,0.00034971052425683584,0.0,4,False,True,True,7,
100000000733940100,coordinator,1.0,61,0.4589888159459062,7 курьеров выше по цепочке,1,0,752000.0,0.0,1,0,752000.0,0.0,2,0,0.0004111852101832481,0.0,4,False,True,True,7,
100000001537524100,coordinator,1.0,62,0.46479276027289795,8 курьеров выше по цепочке,1,0,150000.0,0.0,1,0,150000.0,0.0,1,0,0.0002986714418382267,0.0,4,False,True,True,8,
100000002971593100,coordinator,1.0,90,0.45019681594257094,7 курьеров выше по цепочке,1,0,49050.0,0.0,1,0,49050.0,0.0,1,0,0.000530380154395715,0.0,4,False,True,True,7,
100000006918814100,coordinator,1.0,4,0.44983347914749744,7 курьеров выше по цепочке,1,0,20000.0,0.0,1,0,20000.0,0.0,2,0,0.0003043279710896785,0.0,4,False,True,True,7,
100000007381662100,coordinator,1.0,4,0.4497209135311236,7 курьеров выше по цепочке,1,0,11000.0,0.0,1,0,11000.0,0.0,1,0,0.0002968339281028911,0.0,4,False,True,True,7,
100000003199390100,coordinator,1.0,90,0.4528352289174675,7 курьеров выше по цепочке,1,0,260000.0,0.0,1,0,260000.0,0.0,1,0,0.0003766331907775371,0.0,4,False,True,True,7,
100000007749747100,coordinator,1.0,67,0.4635420312020771,8 курьеров выше по цепочке,1,0,50000.0,0.0,1,0,50000.0,0.0,1,0,0.000443621967101852,0.0,4,False,True,True,8,
100000003447411100,coordinator,1.0,78,0.4533605351272123,7 курьеров выше по цепочке,1,0,302000.0,0.0,1,0,302000.0,0.0,3,0,0.000305818442968074,0.0,4,False,True,True,7,
100000000500040100,coordinator,1.0,4,0.44983347914749744,7 курьеров выше по цепочке,1,0,20000.0,0.0,1,0,20000.0,0.0,1,0,0.00030605044673656407,0.0,4,False,True,True,7,
100000008551752100,coordinator,1.0,70,0.45466129336086597,7 курьеров выше по цепочке,1,0,406000.0,0.0,1,0,406000.0,0.0,2,0,0.0003415570643909764,0.0,4,False,True,True,7,
100000002876914100,peripheral,0.2,59,0.05473342082183184,"1 отправителей, 0 получателей",1,0,12000.0,0.0,1,0,12000.0,0.0,1,0,0.00029199108961479553,0.0,4,False,True,True,1,
100000004571634100,coordinator,1.0,34,0.4631668124808308,8 курьеров выше по цепочке,1,0,20000.0,0.0,1,0,20000.0,0.0,1,0,0.0003741773489468036,0.0,4,False,True,True,8,
100000004610802100,coordinator,1.0,74,0.45259759039401154,7 курьеров выше по цепочке,1,0,241000.0,0.0,1,0,241000.0,0.0,18,0,0.00047395222486411233,0.0,4,False,True,True,7,
100000001311175100,peripheral,0.2,62,0.07166885387912926,"1 отправителей, 0 получателей",1,0,300000.0,0.0,1,0,300000.0,0.0,1,0,0.0005315144876960898,0.0,4,False,True,True,2,
100000008740295100,coordinator,1.0,73,0.46666885387912926,8 курьеров выше по цепочке,1,0,300000.0,0.0,1,0,300000.0,0.0,1,0,0.000325036609326122,0.0,4,False,True,True,8,
100000002596039100,coordinator,1.0,78,0.4530853747316317,7 курьеров выше по цепочке,1,0,280000.0,0.0,1,0,280000.0,0.0,1,0,0.00030434333941669245,0.0,4,False,True,True,7,
100000002126791100,coordinator,1.0,73,0.4926720726998779,9 курьеров выше по цепочке,1,0,1313000.0,0.0,1,0,1313000.0,0.0,3,0,0.000571680600606073,0.0,4,False,True,True,9,
100000005783452100,coordinator,1.0,62,0.47275000545456847,8 курьеров выше по цепочке,2,0,286500.0,0.0,2,0,286500.0,0.0,2,0,0.0003144185669015849,0.0,4,False,True,True,8,
100000006693788100,coordinator,1.0,52,0.44971796181051643,7 курьеров выше по цепочке,1,0,10764.0,0.0,1,0,10764.0,0.0,1,0,0.0005320949120369108,0.0,4,False,True,True,7,
100000002832753100,coordinator,1.0,22,0.4497396744671859,7 курьеров выше по цепочке,1,0,12500.0,0.0,1,0,12500.0,0.0,1,0,0.0007555331214190867,0.0,4,False,True,True,7,
100000002981489100,coordinator,1.0,90,0.44970840624041536,7 курьеров выше по цепочке,1,0,10000.0,0.0,1,0,10000.0,0.0,1,0,0.00028833129648364,0.0,4,False,True,True,7,
100000003084870100,peripheral,0.2,62,0.06799796405627002,"1 отправителей, 0 получателей",1,0,6500.0,0.0,1,0,6500.0,0.0,1,0,0.00034517865606512906,0.0,4,False,True,True,2,
100000002791494100,coordinator,1.0,59,0.4506572093135401,7 курьеров выше по цепочке,1,0,85860.0,0.0,1,0,85860.0,0.0,1,0,0.00031770918329048745,0.0,4,False,True,True,7,
100000003345947100,coordinator,1.0,78,0.45057766294463586,7 курьеров выше по цепочке,1,0,79500.0,0.0,1,0,79500.0,0.0,6,0,0.000494765923207766,0.0,4,False,True,True,7,
100000002733083100,coordinator,1.0,59,0.4497734441520981,7 курьеров выше по цепочке,1,0,15200.0,0.0,1,0,15200.0,0.0,1,0,0.00029125909521790337,0.0,4,False,True,True,7,
100000003247600100,coordinator,1.0,4,0.45030875619440935,7 курьеров выше по цепочке,1,0,58000.0,0.0,1,0,58000.0,0.0,1,0,0.0008412090951663764,0.0,4,False,True,True,7,
100000001378288100,coordinator,1.0,78,0.4529352872431332,7 курьеров выше по цепочке,1,0,268000.0,0.0,1,0,268000.0,0.0,3,0,0.0005234508868762802,0.0,4,False,True,True,7,
100000002305477100,coordinator,1.0,72,0.44983347914749744,7 курьеров выше по цепочке,1,0,20000.0,0.0,1,0,20000.0,0.0,1,0,0.0003133060722146628,0.0,4,False,True,True,7,
100000006638021100,coordinator,1.0,60,0.48735908244013904,9 курьеров выше по цепочке,2,0,388500.0,0.0,2,0,388500.0,0.0,2,0,0.000544485696289975,0.0,4,False,True,True,9,
100000008517061100,coordinator,1.0,83,0.47264677739927,7 курьеров выше по цепочке,1,0,1844000.0,0.0,1,0,1844000.0,0.0,4,0,0.00041305671798624714,0.0,4,False,True,True,7,
100000005910895100,coordinator,1.0,34,0.4629804538492785,8 курьеров выше по цепочке,1,0,5100.0,0.0,1,0,5100.0,0.0,1,0,0.0005976000607837528,0.0,4,False,True,True,8,
100000002723439100,coordinator,1.0,34,0.4631417978994144,8 курьеров выше по цепочке,1,0,18000.0,0.0,1,0,18000.0,0.0,2,0,0.0005526233540248644,0.0,4,False,True,True,8,
100000002320495100,coordinator,1.0,54,0.449752510324421,7 курьеров выше по цепочке,1,0,13526.27,0.0,1,0,13526.27,0.0,1,0,0.0005354179344206217,0.0,4,False,True,True,7,
100000002229615100,coordinator,1.0,72,0.4498960156010385,7 курьеров выше по цепочке,1,0,25000.0,0.0,1,0,25000.0,0.0,1,0,0.0007184983881728359,0.0,4,False,True,True,7,
100000008327791100,coordinator,1.0,54,0.4497209135311236,7 курьеров выше по цепочке,1,0,11000.0,0.0,1,0,11000.0,0.0,1,0,0.0005367685704661637,0.0,4,False,True,True,7,
100000002208836100,coordinator,1.0,90,0.45070898949707205,7 курьеров выше по цепочке,1,0,90000.0,0.0,1,0,90000.0,0.0,1,0,0.0003298185449195238,0.0,4,False,True,True,7,
100000001724740100,coordinator,1.0,73,0.47856384878101854,9 курьеров выше по цепочке,1,0,185000.0,0.0,1,0,185000.0,0.0,4,0,0.0005364804152149869,0.0,4,False,True,True,9,
100000004386286100,coordinator,1.0,42,0.47640634113385255,9 курьеров выше по цепочке,1,0,12500.0,0.0,1,0,12500.0,0.0,1,0,0.0005972866869113222,0.0,4,False,True,True,9,
100000001714883100,peripheral,0.2,59,0.05466963363921997,"1 отправителей, 0 получателей",1,0,6900.0,0.0,1,0,6900.0,0.0,1,0,0.00028926182657085605,0.0,4,False,True,True,1,
100000008337304100,coordinator,1.0,78,0.4509024147478745,7 курьеров выше по цепочке,1,0,105465.0,0.0,1,0,105465.0,0.0,2,0,0.00035426504692391266,0.0,4,False,True,True,7,
100000000655469100,coordinator,1.0,72,0.44983347914749744,7 курьеров выше по цепочке,1,0,20000.0,0.0,1,0,20000.0,0.0,2,0,0.0003454311507267085,0.0,4,False,True,True,7,
100000008722541100,coordinator,1.0,90,0.4530853747316317,7 курьеров выше по цепочке,1,0,280000.0,0.0,1,0,280000.0,0.0,4,0,0.000383638105897556,0.0,4,False,True,True,7,
100000004222274100,coordinator,1.0,52,0.4497771963393105,7 курьеров выше по цепочке,1,0,15500.0,0.0,1,0,15500.0,0.0,1,0,0.0005454170226679215,0.0,4,False,True,True,7,
100000006232642100,coordinator,1.0,69,0.4552866578962764,7 курьеров выше по цепочке,1,0,456000.0,0.0,1,0,456000.0,0.0,4,0,0.00042785609111614025,0.0,4,False,True,True,7,
100000004066370100,peripheral,0.2,80,0.05539630722936689,"1 отправителей, 0 получателей",1,0,65000.0,0.0,1,0,65000.0,0.0,2,0,0.0005893461583954324,0.0,4,False,True,True,1,
100000005685783100,peripheral,0.2,63,0.054910398985352986,"1 отправителей, 0 получателей",1,0,26150.0,0.0,1,0,26150.0,0.0,1,0,0.0005320610913052177,0.0,4,False,True,True,1,
100000006171671100,coordinator,1.0,52,0.44970840624041536,7 курьеров выше по цепочке,1,0,10000.0,0.0,1,0,10000.0,0.0,1,0,0.0005290656990407927,0.0,4,False,True,True,7,
100000003481025100,coordinator,1.0,52,0.4496958989497072,7 курьеров выше по цепочке,1,0,9000.0,0.0,1,0,9000.0,0.0,1,0,0.0005310260909453555,0.0,4,False,True,True,7,
100000003646145100,coordinator,1.0,32,0.4629792031202077,8 курьеров выше по цепочке,1,0,5000.0,0.0,1,0,5000.0,0.0,1,0,0.0006536813277109187,0.0,4,False,True,True,8,
100000002659265100,coordinator,1.0,73,0.46468019465652405,8 курьеров выше по цепочке,1,0,141000.0,0.0,1,0,141000.0,0.0,1,0,0.00031969973198944335,0.0,4,False,True,True,8,
100000003289281100,coordinator,1.0,52,0.4500836249616616,7 курьеров выше по цепочке,1,0,40000.0,0.0,1,0,40000.0,0.0,1,0,0.0005967179150727089,0.0,4,False,True,True,7,
100000004840086100,coordinator,1.0,52,0.45083406240415413,7 курьеров выше по цепочке,1,0,100000.0,0.0,1,0,100000.0,0.0,2,0,0.0005391572563123895,0.0,4,False,True,True,7,
100000008554390100,peripheral,0.2,59,0.054758435403248255,"1 отправителей, 0 получателей",1,0,14000.0,0.0,1,0,14000.0,0.0,1,0,0.00029306138884771293,0.0,4,False,True,True,1,
100000004691350100,coordinator,1.0,49,0.44974968029975243,7 курьеров выше по цепочке,1,0,13300.0,0.0,1,0,13300.0,0.0,1,0,0.0008870591048616337,0.0,4,False,True,True,7,
100000004652395100,coordinator,1.0,52,0.4633531735443563,7 курьеров выше по цепочке,3,0,101528.0,0.0,3,0,101528.0,0.0,5,0,0.00033570670989277517,0.0,4,False,True,True,7,
100000004979264100,coordinator,1.0,67,0.46341445683685334,8 курьеров выше по цепочке,1,0,39800.0,0.0,1,0,39800.0,0.0,1,0,0.00041137922183340155,0.0,4,False,True,True,8,
100000008074304100,coordinator,1.0,90,0.44965212343222843,7 курьеров выше по цепочке,1,0,5500.0,0.0,1,0,5500.0,0.0,1,0,0.00033242119278309483,0.0,4,False,True,True,7,
100000002227989100,coordinator,1.0,72,0.44983347914749744,7 курьеров выше по цепочке,1,0,20000.0,0.0,1,0,20000.0,0.0,1,0,0.00039446042046132154,0.0,4,False,True,True,7,
100000003207060100,coordinator,1.0,52,0.4502462197408683,7 курьеров выше по цепочке,1,0,53000.0,0.0,1,0,53000.0,0.0,1,0,0.00042744311258669713,0.0,4,False,True,True,7,
100000004601193100,coordinator,1.0,34,0.46396727908615615,8 курьеров выше по цепочке,1,0,84000.0,0.0,1,0,84000.0,0.0,3,0,0.0006034150427286833,0.0,4,False,True,True,8,
100000004991593100,coordinator,1.0,78,0.4501461614152027,7 курьеров выше по цепочке,1,0,45000.0,0.0,1,0,45000.0,0.0,2,0,0.00035489105110696656,0.0,4,False,True,True,7,
100000003128638100,coordinator,1.0,73,0.46666885387912926,8 курьеров выше по цепочке,1,0,300000.0,0.0,1,0,300000.0,0.0,1,0,0.0003581872469239982,0.0,4,False,True,True,8,
100000005878334100,coordinator,1.0,51,0.4505388903434404,7 курьеров выше по цепочке,1,0,76400.0,0.0,1,0,76400.0,0.0,2,0,0.0003989642564463486,0.0,4,False,True,True,7,
100000002878483100,peripheral,0.2,59,0.05465837707758258,"1 отправителей, 0 получателей",1,0,6000.0,0.0,1,0,6000.0,0.0,1,0,0.00028878019191604315,0.0,4,False,True,True,1,
100000000981693100,coordinator,1.0,52,0.44978970363001874,7 курьеров выше по цепочке,1,0,16500.0,0.0,1,0,16500.0,0.0,1,0,0.000529081521154152,0.0,4,False,True,True,7,
100000006416061100,coordinator,1.0,78,0.4499585520545795,7 курьеров выше по цепочке,1,0,30000.0,0.0,1,0,30000.0,0.0,1,0,0.0004348563786213132,0.0,4,False,True,True,7,
100000008168850100,coordinator,1.0,90,0.4519335783303128,7 курьеров выше по цепочке,1,0,187910.0,0.0,1,0,187910.0,0.0,2,0,0.0005330795799856522,0.0,4,False,True,True,7,
100000004747154100,coordinator,1.0,81,0.45042132181078326,7 курьеров выше по цепочке,1,0,67000.0,0.0,1,0,67000.0,0.0,1,0,0.0003323513206939182,0.0,4,False,True,True,7,
100000008524903100,coordinator,1.0,52,0.4497709426939564,7 курьеров выше по цепочке,1,0,15000.0,0.0,1,0,15000.0,0.0,1,0,0.0003317732501869909,0.0,4,False,True,True,7,
100000005049404100,coordinator,1.0,90,0.45080904782273773,7 курьеров выше по цепочке,1,0,98000.0,0.0,1,0,98000.0,0.0,2,0,0.0003126369164275119,0.0,4,False,True,True,7,
100000002258492100,coordinator,1.0,35,0.46302923228304055,8 курьеров выше по цепочке,1,0,9000.0,0.0,1,0,9000.0,0.0,1,0,0.0005401265380892354,0.0,4,False,True,True,8,
100000005497148100,coordinator,1.0,90,0.4498835083103303,7 курьеров выше по цепочке,1,0,24000.0,0.0,1,0,24000.0,0.0,2,0,0.0004900139425044355,0.0,4,False,True,True,7,
100000004596284100,coordinator,1.0,22,0.4499585520545795,7 курьеров выше по цепочке,1,0,30000.0,0.0,1,0,30000.0,0.0,1,0,0.0005914888430857142,0.0,4,False,True,True,7,
100000007960337100,coordinator,1.0,78,0.4500273421534747,7 курьеров выше по цепочке,1,0,35500.0,0.0,1,0,35500.0,0.0,1,0,0.00030276808937766193,0.0,4,False,True,True,7,
100000003180305100,coordinator,1.0,52,0.4513843831953153,7 курьеров выше по цепочке,1,0,144000.0,0.0,1,0,144000.0,0.0,1,0,0.0005280565512084164,0.0,4,False,True,True,7,
100000007653094100,coordinator,1.0,56,0.44978344998466463,7 курьеров выше по цепочке,1,0,16000.0,0.0,1,0,16000.0,0.0,1,0,0.0005754742432917503,0.0,4,False,True,True,7,
100000008175078100,coordinator,1.0,84,0.47268068466438,7 курьеров выше по цепочке,1,0,1846711.0,0.0,1,0,1846711.0,0.0,15,0,0.00046907194584128284,0.0,4,False,True,True,7,
100000004263867100,peripheral,0.2,59,0.05469589894970721,"1 отправителей, 0 получателей",1,0,9000.0,0.0,1,0,9000.0,0.0,1,0,0.00029038564076541934,0.0,4,False,True,True,1,
100000002194320100,coordinator,1.0,76,0.45302283827809064,7 курьеров выше по цепочке,1,0,275000.0,0.0,1,0,275000.0,0.0,1,0,0.00048656793463182596,0.0,4,False,True,True,7,
100000001222245100,coordinator,1.0,90,0.4548363954307809,7 курьеров выше по цепочке,1,0,420000.0,0.0,1,0,420000.0,0.0,5,0,0.0005491629789918046,0.0,4,False,True,True,7,
100000008151098100,coordinator,1.0,82,0.4499585520545795,7 курьеров выше по цепочке,1,0,30000.0,0.0,1,0,30000.0,0.0,1,0,0.0003093477246134631,0.0,4,False,True,True,7,
100000008735802100,coordinator,1.0,52,0.450646453043531,7 курьеров выше по цепочке,1,0,85000.0,0.0,1,0,85000.0,0.0,2,0,0.0005087033417052578,0.0,4,False,True,True,7,
100000004047887100,coordinator,1.0,86,0.4499585520545795,7 курьеров выше по цепочке,1,0,30000.0,0.0,1,0,30000.0,0.0,1,0,0.00028801399269163874,0.0,4,False,True,True,7,
100000003146511100,coordinator,1.0,56,0.44970840624041536,7 курьеров выше по цепочке,1,0,10000.0,0.0,1,0,10000.0,0.0,1,0,0.000311813667487197,0.0,4,False,True,True,7,
100000007511780100,coordinator,1.0,25,0.45152196339310563,7 курьеров выше по цепочке,1,0,155000.0,0.0,1,0,155000.0,0.0,2,0,0.0005577703986813199,0.0,4,False,True,True,7,
100000007867364100,coordinator,1.0,64,0.4501067884640532,7 курьеров выше по цепочке,1,0,41852.0,0.0,1,0,41852.0,0.0,1,0,0.0004487382371459403,0.0,4,False,True,True,7,
100000006288612100,coordinator,1.0,42,0.44996862042359964,7 курьеров выше по цепочке,1,0,30805.0,0.0,1,0,30805.0,0.0,3,0,0.0002976242451746879,0.0,4,False,True,True,7,
100000006735545100,coordinator,1.0,78,0.4496458697868743,7 курьеров выше по цепочке,1,0,5000.0,0.0,1,0,5000.0,0.0,1,0,0.0002932717116494771,0.0,4,False,True,True,7,
100000004403641100,coordinator,1.0,62,0.4650616670231244,8 курьеров выше по цепочке,1,0,171500.0,0.0,1,0,171500.0,0.0,1,0,0.0003005494163305608,0.0,4,False,True,True,8,
100000003370425100,coordinator,1.0,56,0.44983347914749744,7 курьеров выше по цепочке,1,0,20000.0,0.0,1,0,20000.0,0.0,1,0,0.000647950480560365,0.0,4,False,True,True,7,
100000004350094100,coordinator,1.0,64,0.44983347914749744,7 курьеров выше по цепочке,1,0,20000.0,0.0,1,0,20000.0,0.0,1,0,0.0008939457051040855,0.0,4,False,True,True,7,
100000004911971100,coordinator,1.0,84,0.45002108850812056,7 курьеров выше по цепочке,1,0,35000.0,0.0,1,0,35000.0,0.0,3,0,0.00028904714906671764,0.0,4,False,True,True,7,
100000001202787100,coordinator,1.0,52,0.4560190666003502,7 курьеров выше по цепочке,2,0,14850.0,0.0,2,0,14850.0,0.0,2,0,0.00035114494940795553,0.0,4,False,True,True,7,
100000008469048100,coordinator,1.0,52,0.4529002668291502,7 курьеров выше по цепочке,1,0,265200.0,0.0,1,0,265200.0,0.0,7,0,0.0005788057669614711,0.0,4,False,True,True,7,
100000002635746100,peripheral,0.2,59,0.054649621974086834,"1 отправителей, 0 получателей",1,0,5300.0,0.0,1,0,5300.0,0.0,1,0,0.0002884055871845221,0.0,4,False,True,True,1,
100000008321975100,coordinator,1.0,72,0.44965712634851174,7 курьеров выше по цепочке,1,0,5900.0,0.0,1,0,5900.0,0.0,1,0,0.00030322854188756906,0.0,4,False,True,True,7,
100000003078839100,coordinator,1.0,78,0.4497584354032482,7 курьеров выше по цепочке,1,0,14000.0,0.0,1,0,14000.0,0.0,2,0,0.0003147926722848661,0.0,4,False,True,True,7,
100000004006327100,coordinator,1.0,67,0.46666885387912926,8 курьеров выше по цепочке,1,0,300000.0,0.0,1,0,300000.0,0.0,3,0,0.0005549673062458663,0.0,4,False,True,True,8,
100000007865484100,coordinator,1.0,70,0.45689509548135204,7 курьеров выше по цепочке,1,0,584600.0,0.0,1,0,584600.0,0.0,2,0,0.00036618616723092773,0.0,4,False,True,True,7,
100000005367180100,coordinator,1.0,78,0.44967963947178646,7 курьеров выше по цепочке,1,0,7700.0,0.0,1,0,7700.0,0.0,1,0,0.0007828047220453434,0.0,4,False,True,True,7,
100000001669260100,peripheral,0.2,51,0.06083697868743766,"1 отправителей, 0 получателей",1,0,500000.0,0.0,1,0,500000.0,0.0,1,0,0.000560115378020431,0.0,4,False,True,True,1,
100000001297206100,coordinator,1.0,52,0.44966785760393935,7 курьеров выше по цепочке,1,0,6758.0,0.0,1,0,6758.0,0.0,1,0,0.00029851097242758,0.0,4,False,True,True,7,
100000002645046100,peripheral,0.2,59,0.05473342082183184,"1 отправителей, 0 получателей",1,0,12000.0,0.0,1,0,12000.0,0.0,1,0,0.00029199108961479553,0.0,4,False,True,True,1,
100000006308406100,coordinator,1.0,72,0.45187216753293546,7 курьеров выше по цепочке,1,0,183000.0,0.0,1,0,183000.0,0.0,2,0,0.0005393608128932442,0.0,4,False,True,True,7,
100000002728246100,coordinator,1.0,90,0.44970840624041536,7 курьеров выше по цепочке,1,0,10000.0,0.0,1,0,10000.0,0.0,1,0,0.0005386393313923881,0.0,4,False,True,True,7,
100000001590795100,peripheral,0.2,59,0.054646620224316864,"1 отправителей, 0 получателей",1,0,5060.0,0.0,1,0,5060.0,0.0,1,0,0.00028827715127657203,0.0,4,False,True,True,1,
100000006257675100,coordinator,1.0,72,0.4504588436829079,7 курьеров выше по цепочке,1,0,70000.0,0.0,1,0,70000.0,0.0,2,0,0.0003826480172080926,0.0,4,False,True,True,7,
100000002130400100,peripheral,0.2,80,0.05470840624041542,"1 отправителей, 0 получателей",1,0,10000.0,0.0,1,0,10000.0,0.0,1,0,0.00031754580623604263,0.0,4,False,True,True,1,
100000000557536100,coordinator,1.0,84,0.4514969488116892,7 курьеров выше по цепочке,1,0,153000.0,0.0,1,0,153000.0,0.0,7,0,0.00030077248827335636,0.0,4,False,True,True,7,
100000002689717100,coordinator,1.0,59,0.4501774296419732,7 курьеров выше по цепочке,1,0,47500.0,0.0,1,0,47500.0,0.0,1,0,0.0003033499223442049,0.0,4,False,True,True,7,
100000005189258100,coordinator,1.0,90,0.45020869786874373,7 курьеров выше по цепочке,1,0,50000.0,0.0,1,0,50000.0,0.0,1,0,0.00031597643294580327,0.0,4,False,True,True,7,
100000002748511100,coordinator,1.0,22,0.44983347914749744,7 курьеров выше по цепочке,1,0,20000.0,0.0,1,0,20000.0,0.0,1,0,0.0005674892808776474,0.0,4,False,True,True,7,
100000002371892100,coordinator,1.0,66,0.45013152788507405,7 курьеров выше по цепочке,1,0,43830.0,0.0,1,0,43830.0,0.0,1,0,0.00030653262004379635,0.0,4,False,True,True,7,
100000008130868100,peripheral,0.2,62,0.05486827443024774,"1 отправителей, 0 получателей",1,0,22782.0,0.0,1,0,22782.0,0.0,1,0,0.0004516044976627326,0.0,4,False,True,True,1,
100000007153161100,coordinator,1.0,52,0.45014612389333053,7 курьеров выше по цепочке,1,0,44997.0,0.0,1,0,44997.0,0.0,1,0,0.0005309451743246838,0.0,4,False,True,True,7,
100000002994441100,coordinator,1.0,78,0.4496458697868743,7 курьеров выше по цепочке,1,0,5000.0,0.0,1,0,5000.0,0.0,1,0,0.0005532703163220673,0.0,4,False,True,True,7,
100000001065481100,coordinator,1.0,56,0.44978344998466463,7 курьеров выше по цепочке,1,0,16000.0,0.0,1,0,16000.0,0.0,2,0,0.00043226569249872176,0.0,4,False,True,True,7,
100000007731977100,coordinator,1.0,4,0.45020869786874373,7 курьеров выше по цепочке,1,0,50000.0,0.0,1,0,50000.0,0.0,1,0,0.0003367721755154738,0.0,4,False,True,True,7,
100000003252446100,coordinator,1.0,67,0.4642749584375781,8 курьеров выше по цепочке,1,0,108600.0,0.0,1,0,108600.0,0.0,1,0,0.00029998773072103645,0.0,4,False,True,True,8,
100000002671326100,coordinator,1.0,67,0.4627159885769524,7 курьеров выше по цепочке,1,0,1050000.0,0.0,1,0,1050000.0,0.0,2,0,0.0006294451129335774,0.0,4,False,True,True,7,
100000005087923100,peripheral,0.2,30,0.054833479147497505,"1 отправителей, 0 получателей",1,0,20000.0,0.0,1,0,20000.0,0.0,1,0,0.0004605791647030636,0.0,4,False,True,True,1,
100000008770483100,coordinator,1.0,60,0.476312536453541,9 курьеров выше по цепочке,1,0,5000.0,0.0,1,0,5000.0,0.0,1,0,0.0002888920536538102,0.0,4,False,True,True,9,
100000002748040100,coordinator,1.0,59,0.44980846456608103,7 курьеров выше по цепочке,1,0,18000.0,0.0,1,0,18000.0,0.0,1,0,0.0002923072164548583,0.0,4,False,True,True,7,
100000004800648100,coordinator,1.0,42,0.4512217884161086,7 курьеров выше по цепочке,1,0,131000.0,0.0,1,0,131000.0,0.0,1,0,0.0003368336531012062,0.0,4,False,True,True,7,
100000005025629100,coordinator,1.0,90,0.4496487089418651,7 курьеров выше по цепочке,1,0,5227.0,0.0,1,0,5227.0,0.0,1,0,0.0003141510108848508,0.0,4,False,True,True,7,
100000000581682100,coordinator,1.0,85,0.4496458697868743,7 курьеров выше по цепочке,1,0,5000.0,0.0,1,0,5000.0,0.0,1,0,0.0002908621872233397,0.0,4,False,True,True,7,
100000004976946100,coordinator,1.0,70,0.45266012684755264,7 курьеров выше по цепочке,1,0,246000.0,0.0,1,0,246000.0,0.0,1,0,0.000319492918509721,0.0,4,False,True,True,7,
100000000957746100,coordinator,1.0,54,0.4496496219740868,7 курьеров выше по цепочке,1,0,5300.0,0.0,1,0,5300.0,0.0,1,0,0.00034730735985062075,0.0,4,False,True,True,7,
100000003001138100,coordinator,1.0,85,0.4499585520545795,7 курьеров выше по цепочке,1,0,30000.0,0.0,1,0,30000.0,0.0,1,0,0.0003173266522535839,0.0,4,False,True,True,7,
100000001325618100,peripheral,0.2,59,0.05469965113691967,"1 отправителей, 0 получателей",1,0,9300.0,0.0,1,0,9300.0,0.0,1,0,0.000290546185650357,0.0,4,False,True,True,1,
100000003792647100,coordinator,1.0,90,0.44968339165899895,7 курьеров выше по цепочке,1,0,8000.0,0.0,1,0,8000.0,0.0,1,0,0.0004002731421119268,0.0,4,False,True,True,7,
100000004107228100,coordinator,1.0,4,0.4496458697868743,7 курьеров выше по цепочке,1,0,5000.0,0.0,1,0,5000.0,0.0,1,0,0.0002887085719064815,0.0,4,False,True,True,7,
100000003500764100,coordinator,1.0,54,0.44984598643820567,7 курьеров выше по цепочке,1,0,21000.0,0.0,1,0,21000.0,0.0,1,0,0.0005301918184248244,0.0,4,False,True,True,7,
100000004261340100,coordinator,1.0,52,0.4501899369326814,7 курьеров выше по цепочке,1,0,48500.0,0.0,1,0,48500.0,0.0,4,0,0.00034738504920153653,0.0,4,False,True,True,7,
100000008172721100,coordinator,1.0,78,0.45168874811469956,7 курьеров выше по цепочке,1,0,168335.0,0.0,1,0,168335.0,0.0,1,0,0.00039521609203523213,0.0,4,False,True,True,7,
100000005079473100,coordinator,1.0,78,0.45007501994565435,7 курьеров выше по цепочке,1,0,39312.0,0.0,1,0,39312.0,0.0,1,0,0.00032600590088597723,0.0,4,False,True,True,7,
100000004850609100,coordinator,1.0,90,0.44970840624041536,7 курьеров выше по цепочке,1,0,10000.0,0.0,1,0,10000.0,0.0,1,0,0.00031302949674031055,0.0,4,False,True,True,7,
100000005042822100,coordinator,1.0,61,0.46209062404154194,7 курьеров выше по цепочке,1,0,1000000.0,0.0,1,0,1000000.0,0.0,1,0,0.00045261173566138284,0.0,4,False,True,True,7,
100000002794374100,coordinator,1.0,60,0.4776383092686111,9 курьеров выше по цепочке,1,0,111000.0,0.0,1,0,111000.0,0.0,1,0,0.0003637625168388325,0.0,4,False,True,True,9,
100000002860934100,coordinator,1.0,85,0.4530791210862776,7 курьеров выше по цепочке,1,0,279500.0,0.0,1,0,279500.0,0.0,4,0,0.0005814420132554212,0.0,4,False,True,True,7,
100000003097947100,coordinator,1.0,78,0.4502459695950542,7 курьеров выше по цепочке,1,0,52980.0,0.0,1,0,52980.0,0.0,1,0,0.0003200783823355938,0.0,4,False,True,True,7,
100000004260869100,coordinator,1.0,22,0.44970840624041536,7 курьеров выше по цепочке,1,0,10000.0,0.0,1,0,10000.0,0.0,1,0,0.000842208480336415,0.0,4,False,True,True,7,
100000008762885100,coordinator,1.0,73,0.4630042177016241,8 курьеров выше по цепочке,1,0,7000.0,0.0,1,0,7000.0,0.0,1,0,0.0002872637131137807,0.0,4,False,True,True,8,
100000002986245100,peripheral,0.2,59,0.05465525025490553,"1 отправителей, 0 получателей",1,0,5750.0,0.0,1,0,5750.0,0.0,1,0,0.0002886464045119285,0.0,4,False,True,True,1,
100000001471706100,coordinator,1.0,35,0.4676319152636613,8 курьеров выше по цепочке,1,0,377000.0,0.0,1,0,377000.0,0.0,8,0,0.0005401265380892354,0.0,4,False,True,True,8,
100000002304943100,coordinator,1.0,72,0.4497709426939564,7 курьеров выше по цепочке,1,0,15000.0,0.0,1,0,15000.0,0.0,1,0,0.00030637187771531986,0.0,4,False,True,True,7,
100000002695812100,coordinator,1.0,59,0.4507715259506131,7 курьеров выше по цепочке,1,0,95000.0,0.0,1,0,95000.0,0.0,1,0,0.00032113055047111887,0.0,4,False,True,True,7,
100000008761220100,coordinator,1.0,73,0.4630417395737487,8 курьеров выше по цепочке,1,0,10000.0,0.0,1,0,10000.0,0.0,1,0,0.00028688487138758524,0.0,4,False,True,True,8,
100000004890713100,coordinator,1.0,59,0.4500896909976551,7 курьеров выше по цепочке,1,0,40485.0,0.0,1,0,40485.0,0.0,1,0,0.0003007240043166196,0.0,4,False,True,True,7,
100000003083865100,coordinator,1.0,59,0.4497709426939564,7 курьеров выше по цепочке,1,0,15000.0,0.0,1,0,15000.0,0.0,1,0,0.00029118422941526375,0.0,4,False,True,True,7,
100000004030553100,peripheral,0.2,51,0.05545884368290794,"1 отправителей, 0 получателей",1,0,70000.0,0.0,1,0,70000.0,0.0,1,0,0.0005308297210537953,0.0,4,False,True,True,1,
100000002653187100,coordinator,1.0,42,0.46310427602728976,8 курьеров выше по цепочке,1,0,15000.0,0.0,1,0,15000.0,0.0,1,0,0.0004732789140150342,0.0,4,False,True,True,8,
100000006412162100,peripheral,0.2,59,0.05477094269395646,"1 отправителей, 0 получателей",1,0,15000.0,0.0,1,0,15000.0,0.0,2,0,0.00029359653846417166,0.0,4,False,True,True,1,
100000004674178100,coordinator,1.0,65,0.44983347914749744,7 курьеров выше по цепочке,1,0,20000.0,0.0,1,0,20000.0,0.0,1,0,0.00030274344180862404,0.0,4,False,True,True,7,
100000004070530100,coordinator,1.0,86,0.44983347914749744,7 курьеров выше по цепочке,1,0,20000.0,0.0,1,0,20000.0,0.0,1,0,0.00028719909320018945,0.0,4,False,True,True,7,
100000006706519100,coordinator,1.0,52,0.4500335957988288,7 курьеров выше по цепочке,1,0,36000.0,0.0,1,0,36000.0,0.0,3,0,0.00039071092103657676,0.0,4,False,True,True,7,
100000005636951100,peripheral,0.2,30,0.05508362496166168,"1 отправителей, 0 получателей",1,0,40000.0,0.0,1,0,40000.0,0.0,1,0,0.0006355890351888364,0.0,4,False,True,True,1,
100000003040087100,coordinator,1.0,59,0.44994604476387134,7 курьеров выше по цепочке,1,0,29000.0,0.0,1,0,29000.0,0.0,1,0,0.0002964248356000384,0.0,4,False,True,True,7,
100000008766764100,coordinator,1.0,73,0.4629792031202077,8 курьеров выше по цепочке,1,0,5000.0,0.0,1,0,5000.0,0.0,1,0,0.00028622708280243804,0.0,4,False,True,True,8,
100000000299820100,coordinator,1.0,78,0.44970840624041536,7 курьеров выше по цепочке,1,0,10000.0,0.0,1,0,10000.0,0.0,1,0,0.0004501620352243437,0.0,4,False,True,True,7,
100000008349740100,coordinator,1.0,84,0.4504588436829079,7 курьеров выше по цепочке,1,0,70000.0,0.0,1,0,70000.0,0.0,2,0,0.00029252500391614434,0.0,4,False,True,True,7,
100000008761132100,coordinator,1.0,73,0.4630417395737487,8 курьеров выше по цепочке,1,0,10000.0,0.0,1,0,10000.0,0.0,1,0,0.00028688487138758524,0.0,4,False,True,True,8,
100000002540033100,coordinator,1.0,60,0.47637507290708203,9 курьеров выше по цепочке,1,0,10000.0,0.0,1,0,10000.0,0.0,1,0,0.0005960851621180808,0.0,4,False,True,True,9,
100000001845505100,coordinator,1.0,78,0.44983347914749744,7 курьеров выше по цепочке,1,0,20000.0,0.0,1,0,20000.0,0.0,1,0,0.0005923838494805277,0.0,4,False,True,True,7,
100000003782913100,coordinator,1.0,83,0.452084791474975,7 курьеров выше по цепочке,1,0,200000.0,0.0,1,0,200000.0,0.0,1,0,0.0002993965636065486,0.0,4,False,True,True,7,
100000008778753100,coordinator,1.0,65,0.44970840624041536,7 курьеров выше по цепочке,1,0,10000.0,0.0,1,0,10000.0,0.0,1,0,0.00029415636801295746,0.0,4,False,True,True,7,
100000008710913100,coordinator,1.0,73,0.4630917687365816,8 курьеров выше по цепочке,1,0,14000.0,0.0,1,0,14000.0,0.0,1,0,0.00028811097479962785,0.0,4,False,True,True,8,
100000005495211100,coordinator,1.0,52,0.4497646890486023,7 курьеров выше по цепочке,1,0,14500.0,0.0,1,0,14500.0,0.0,1,0,0.0005599644833584307,0.0,4,False,True,True,7,
100000004013952100,coordinator,1.0,52,0.44965212343222843,7 курьеров выше по цепочке,1,0,5500.0,0.0,1,0,5500.0,0.0,1,0,0.0005331412160251213,0.0,4,False,True,True,7,
100000007330432100,coordinator,1.0,45,0.45689884766856453,7 курьеров выше по цепочке,1,0,584900.0,0.0,1,0,584900.0,0.0,1,0,0.00053817599306743,0.0,4,False,True,True,7,
100000000737152100,coordinator,1.0,52,0.45002108850812056,7 курьеров выше по цепочке,1,0,35000.0,0.0,1,0,35000.0,0.0,1,0,0.0003445071691804116,0.0,4,False,True,True,7,
100000004674389100,coordinator,1.0,34,0.46310427602728976,8 курьеров выше по цепочке,1,0,15000.0,0.0,1,0,15000.0,0.0,1,0,0.0003520253352644254,0.0,4,False,True,True,8,
100000002529877100,coordinator,1.0,62,0.46581835811097105,8 курьеров выше по цепочке,1,0,232000.0,0.0,1,0,232000.0,0.0,1,0,0.0003058339492043382,0.0,4,False,True,True,8,
100000004035925100,coordinator,1.0,58,0.46348628759708954,7 курьеров выше по цепочке,1,0,1111588.0,0.0,1,0,1111588.0,0.0,2,0,0.00046241262393565346,0.0,4,False,True,True,7,
100000002188586100,coordinator,1.0,59,0.4500624876403648,7 курьеров выше по цепочке,1,0,38310.0,0.0,1,0,38310.0,0.0,1,0,0.0002999098387129135,0.0,4,False,True,True,7,
100000008050986100,coordinator,1.0,90,0.4507715259506131,7 курьеров выше по цепочке,1,0,95000.0,0.0,1,0,95000.0,0.0,2,0,0.00031180831574760716,0.0,4,False,True,True,7,
100000004777215100,coordinator,1.0,72,0.4503337707758258,7 курьеров выше по цепочке,1,0,60000.0,0.0,1,0,60000.0,0.0,1,0,0.00046515486374554374,0.0,4,False,True,True,7,
100000000926078100,coordinator,1.0,78,0.45271015601038544,7 курьеров выше по цепочке,1,0,250000.0,0.0,1,0,250000.0,0.0,1,0,0.0005165635899862601,0.0,4,False,True,True,7,
100000003486846100,coordinator,1.0,22,0.44992103018245494,7 курьеров выше по цепочке,1,0,27000.0,0.0,1,0,27000.0,0.0,2,0,0.0005311359663531782,0.0,4,False,True,True,7,
100000002516862100,coordinator,1.0,74,0.45060530405710103,7 курьеров выше по цепочке,1,0,81710.0,0.0,1,0,81710.0,0.0,5,0,0.00034943970609758876,0.0,4,False,True,True,7,
100000008730238100,coordinator,1.0,67,0.4643299905166942,8 курьеров выше по цепочке,1,0,113000.0,0.0,1,0,113000.0,0.0,1,0,0.0005632359245676687,0.0,4,False,True,True,8,
100000000803368100,coordinator,1.0,83,0.4513281379090005,7 курьеров выше по цепочке,1,0,139503.0,0.0,1,0,139503.0,0.0,1,0,0.0005481144591336169,0.0,4,False,True,True,7,
100000002528978100,coordinator,1.0,59,0.4497821992555938,7 курьеров выше по цепочке,1,0,15900.0,0.0,1,0,15900.0,0.0,1,0,0.0002915211255271421,0.0,4,False,True,True,7,
100000002597074100,coordinator,1.0,52,0.44968339165899895,7 курьеров выше по цепочке,1,0,8000.0,0.0,1,0,8000.0,0.0,1,0,0.00031042832358882426,0.0,4,False,True,True,7,
100000003631015100,coordinator,1.0,70,0.4529102726617168,7 курьеров выше по цепочке,1,0,266000.0,0.0,1,0,266000.0,0.0,1,0,0.00032225093674487795,0.0,4,False,True,True,7,
100000008255655100,coordinator,1.0,54,0.4496508727031576,7 курьеров выше по цепочке,1,0,5400.0,0.0,1,0,5400.0,0.0,1,0,0.0005311928331096004,0.0,4,False,True,True,7,
100000004265639100,coordinator,1.0,78,0.44970840624041536,7 курьеров выше по цепочке,1,0,10000.0,0.0,1,0,10000.0,0.0,1,0,0.0005523205956514877,0.0,4,False,True,True,7,
100000002726055100,coordinator,1.0,72,0.44970840624041536,7 курьеров выше по цепочке,1,0,10000.0,0.0,1,0,10000.0,0.0,1,0,0.00034001485733930624,0.0,4,False,True,True,7,
100000003696422100,coordinator,1.0,61,0.4510591936369019,7 курьеров выше по цепочке,1,0,118000.0,0.0,1,0,118000.0,0.0,2,0,0.0007085171420194981,0.0,4,False,True,True,7,
100000007745062100,coordinator,1.0,42,0.4775007290708208,9 курьеров выше по цепочке,1,0,100000.0,0.0,1,0,100000.0,0.0,1,0,0.0006252799425245716,0.0,4,False,True,True,9,
100000005041147100,coordinator,1.0,52,0.44970840624041536,7 курьеров выше по цепочке,1,0,10000.0,0.0,1,0,10000.0,0.0,1,0,0.0005337622626216141,0.0,4,False,True,True,7,
100000003819173100,coordinator,1.0,78,0.4513815940694874,7 курьеров выше по цепочке,1,0,143777.0,0.0,1,0,143777.0,0.0,1,0,0.0002952095652766993,0.0,4,False,True,True,7,
100000001275557100,coordinator,1.0,43,0.44983347914749744,7 курьеров выше по цепочке,1,0,20000.0,0.0,1,0,20000.0,0.0,1,0,0.0003475117995580225,0.0,4,False,True,True,7,
100000002706810100,peripheral,0.2,59,0.05514616141520272,"1 отправителей, 0 получателей",1,0,45000.0,0.0,1,0,45000.0,0.0,1,0,0.0003096510269579332,0.0,4,False,True,True,1,
100000002896506100,coordinator,1.0,90,0.4501461614152027,7 курьеров выше по цепочке,1,0,45000.0,0.0,1,0,45000.0,0.0,1,0,0.0003136296448083371,0.0,4,False,True,True,7,
100000008766031100,coordinator,1.0,73,0.4629792031202077,8 курьеров выше по цепочке,1,0,5000.0,0.0,1,0,5000.0,0.0,1,0,0.0002864770372824112,0.0,4,False,True,True,8,
100000008758607100,coordinator,1.0,73,0.4629792031202077,8 курьеров выше по цепочке,1,0,5000.0,0.0,1,0,5000.0,0.0,1,0,0.00028622708280243804,0.0,4,False,True,True,8,
100000008648783100,peripheral,0.2,59,0.054648371245016016,"1 отправителей, 0 получателей",1,0,5200.0,0.0,1,0,5200.0,0.0,1,0,0.0002883520722228762,0.0,4,False,True,True,1,
100000004291663100,coordinator,1.0,4,0.4498960156010385,7 курьеров выше по цепочке,1,0,25000.0,0.0,1,0,25000.0,0.0,1,0,0.00031117073486638236,0.0,4,False,True,True,7,
100000003037476100,coordinator,1.0,73,0.4823582130097225,8 курьеров выше по цепочке,3,0,555000.0,0.0,3,0,555000.0,0.0,3,0,0.0003593540563280306,0.0,4,False,True,True,8,
100000008715513100,peripheral,0.2,59,0.05498982028135011,"1 отправителей, 0 получателей",1,0,32500.0,0.0,1,0,32500.0,0.0,1,0,0.00030296165675219926,0.0,4,False,True,True,1,
100000001276409100,coordinator,1.0,59,0.4507685242008431,7 курьеров выше по цепочке,1,0,94760.0,0.0,1,0,94760.0,0.0,1,0,0.00032104071150795133,0.0,4,False,True,True,7,
100000003232675100,coordinator,1.0,56,0.45013365412449446,7 курьеров выше по цепочке,1,0,44000.0,0.0,1,0,44000.0,0.0,2,0,0.00040104453660487797,0.0,4,False,True,True,7,
100000007988344100,coordinator,1.0,52,0.44983347914749744,7 курьеров выше по цепочке,1,0,20000.0,0.0,1,0,20000.0,0.0,3,0,0.00038745764148945846,0.0,4,False,True,True,7,
100000003047800100,peripheral,0.2,62,0.054736072367461974,"1 отправителей, 0 получателей",1,0,12212.0,0.0,1,0,12212.0,0.0,1,0,0.00037457034348758035,0.0,4,False,True,True,1,
100000003230328100,coordinator,1.0,4,0.4624156770620318,7 курьеров выше по цепочке,3,0,26572.0,0.0,3,0,26572.0,0.0,3,0,0.00035168013741866146,0.0,4,False,True,True,7,
100000002702968100,coordinator,1.0,59,0.4499785637197127,7 курьеров выше по цепочке,1,0,31600.0,0.0,1,0,31600.0,0.0,1,0,0.00029739809103435365,0.0,4,False,True,True,7,
100000004788983100,coordinator,1.0,52,0.44992103018245494,7 курьеров выше по цепочке,1,0,27000.0,0.0,1,0,27000.0,0.0,1,0,0.000369468518346216,0.0,4,False,True,True,7,
100000006490615100,coordinator,1.0,56,0.45010363662679476,7 курьеров выше по цепочке,1,0,41600.0,0.0,1,0,41600.0,0.0,6,0,0.00039474588702010044,0.0,4,False,True,True,7,
100000008745676100,peripheral,0.2,63,0.05501542270542981,"1 отправителей, 0 получателей",1,0,34547.0,0.0,1,0,34547.0,0.0,1,0,0.0005303236661827129,0.0,4,False,True,True,1,
100000001598625100,coordinator,1.0,78,0.4498960156010385,7 курьеров выше по цепочке,1,0,25000.0,0.0,1,0,25000.0,0.0,1,0,0.00042888184355224774,0.0,4,False,True,True,7,
100000008461217100,coordinator,1.0,68,0.48980846456608107,10 курьеров выше по цепочке,1,0,18000.0,0.0,1,0,18000.0,0.0,1,0,0.0005455897895490721,0.0,4,False,True,True,10,
100000005711521100,coordinator,1.0,56,0.45256006852188696,7 курьеров выше по цепочке,1,0,238000.0,0.0,1,0,238000.0,0.0,1,0,0.0005338432844113278,0.0,4,False,True,True,7,
100000002713974100,coordinator,1.0,78,0.45020869786874373,7 курьеров выше по цепочке,1,0,50000.0,0.0,1,0,50000.0,0.0,1,0,0.0003299501883700874,0.0,4,False,True,True,7,
100000005272139100,coordinator,1.0,22,0.4516470363001877,7 курьеров выше по цепочке,1,0,165000.0,0.0,1,0,165000.0,0.0,1,0,0.0007555290963517883,0.0,4,False,True,True,7,
100000002968096100,coordinator,1.0,78,0.4504588436829079,7 курьеров выше по цепочке,1,0,70000.0,0.0,1,0,70000.0,0.0,1,0,0.0003194824114349239,0.0,4,False,True,True,7,
100000004449824100,peripheral,0.2,59,0.05469589894970721,"1 отправителей, 0 получателей",1,0,9000.0,0.0,1,0,9000.0,0.0,1,0,0.00029038564076541934,0.0,4,False,True,True,1,
100000004502048100,coordinator,1.0,64,0.44975703458668886,7 курьеров выше по цепочке,1,0,13888.0,0.0,1,0,13888.0,0.0,1,0,0.00033971462250251223,0.0,4,False,True,True,7,
100000002660298100,coordinator,1.0,59,0.44996980861621694,7 курьеров выше по цепочке,1,0,30900.0,0.0,1,0,30900.0,0.0,1,0,0.00029713606072511497,0.0,4,False,True,True,7,
100000001299828100,coordinator,1.0,52,0.45083406240415413,7 курьеров выше по цепочке,1,0,100000.0,0.0,1,0,100000.0,0.0,1,0,0.0005472629597932584,0.0,4,False,True,True,7,
100000000581662100,peripheral,0.2,62,0.06818132093805236,"1 отправителей, 0 получателей",1,0,21160.0,0.0,1,0,21160.0,0.0,1,0,0.00030291662853066217,0.0,4,False,True,True,2,
100000001249054100,coordinator,1.0,59,0.4498006475093884,7 курьеров выше по цепочке,1,0,17375.0,0.0,1,0,17375.0,0.0,1,0,0.00029207326082160943,0.0,4,False,True,True,7,
100000008759795100,peripheral,0.2,59,0.05479595727537288,"1 отправителей, 0 получателей",1,0,17000.0,0.0,1,0,17000.0,0.0,1,0,0.0002946668376970891,0.0,4,False,True,True,1,
100000001299443100,peripheral,0.2,59,0.054683391658999,"1 отправителей, 0 получателей",1,0,8000.0,0.0,1,0,8000.0,0.0,1,0,0.00028985049114896067,0.0,4,False,True,True,1,
100000007997939100,coordinator,1.0,73,0.47641259477920667,9 курьеров выше по цепочке,1,0,13000.0,0.0,1,0,13000.0,0.0,1,0,0.00035796308347988245,0.0,4,False,True,True,9,
100000003470579100,coordinator,1.0,82,0.45404843611616374,7 курьеров выше по цепочке,1,0,357000.0,0.0,1,0,357000.0,0.0,2,0,0.0005685326159317399,0.0,4,False,True,True,7,
100000008649416100,coordinator,1.0,54,0.4496458697868743,7 курьеров выше по цепочке,1,0,5000.0,0.0,1,0,5000.0,0.0,1,0,0.000533726717629368,0.0,4,False,True,True,7,
100000008183752100,coordinator,1.0,60,0.4646676873658159,8 курьеров выше по цепочке,1,0,140000.0,0.0,1,0,140000.0,0.0,1,0,0.0005301890395310136,0.0,4,False,True,True,8,
100000003950749100,coordinator,1.0,22,0.4496708843682907,7 курьеров выше по цепочке,1,0,7000.0,0.0,1,0,7000.0,0.0,1,0,0.00038424128954841564,0.0,4,False,True,True,7,
100000005979037100,coordinator,1.0,78,0.45033752296303825,7 курьеров выше по цепочке,1,0,60300.0,0.0,1,0,60300.0,0.0,1,0,0.0003248463424153593,0.0,4,False,True,True,7,
100000008734279100,coordinator,1.0,78,0.4499791890842481,7 курьеров выше по цепочке,1,0,31650.0,0.0,1,0,31650.0,0.0,1,0,0.0003013329445693454,0.0,4,False,True,True,7,
100000005589319100,coordinator,1.0,4,0.4499085228917467,7 курьеров выше по цепочке,1,0,26000.0,0.0,1,0,26000.0,0.0,1,0,0.00030995557415139477,0.0,4,False,True,True,7,
100000003626268100,coordinator,1.0,78,0.4496458697868743,7 курьеров выше по цепочке,1,0,5000.0,0.0,1,0,5000.0,0.0,1,0,0.0005308903791336683,0.0,4,False,True,True,7,
100000001220124100,coordinator,1.0,78,0.4500836249616616,7 курьеров выше по цепочке,1,0,40000.0,0.0,1,0,40000.0,0.0,1,0,0.0005395565851958802,0.0,4,False,True,True,7,
100000003904497100,coordinator,1.0,73,0.47637507290708203,9 курьеров выше по цепочке,1,0,10000.0,0.0,1,0,10000.0,0.0,1,0,0.0003412568244192844,0.0,4,False,True,True,9,
100000001270470100,coordinator,1.0,52,0.4499372896603756,7 курьеров выше по цепочке,1,0,28300.0,0.0,1,0,28300.0,0.0,2,0,0.000429741305607408,0.0,4,False,True,True,7,
100000003091142100,coordinator,1.0,52,0.4500836249616616,7 курьеров выше по цепочке,1,0,40000.0,0.0,1,0,40000.0,0.0,1,0,0.00040986444107495766,0.0,4,False,True,True,7,
100000001053894100,coordinator,1.0,86,0.4745979147497506,7 курьеров выше по цепочке,1,0,2000000.0,0.0,1,0,2000000.0,0.0,7,0,0.0004485491925071488,0.0,4,False,True,True,7,
100000004722630100,coordinator,1.0,49,0.4538358121741242,7 курьеров выше по цепочке,1,0,340000.0,0.0,1,0,340000.0,0.0,2,0,0.0004921869960127064,0.0,4,False,True,True,7,
100000004655046100,coordinator,1.0,59,0.476550174976997,9 курьеров выше по цепочке,1,0,24000.0,0.0,1,0,24000.0,0.0,1,0,0.0005575082914139779,0.0,4,False,True,True,9,
100000004019056100,coordinator,1.0,56,0.45020869786874373,7 курьеров выше по цепочке,1,0,50000.0,0.0,1,0,50000.0,0.0,1,0,0.0005409213827074575,0.0,4,False,True,True,7,
100000008071749100,coordinator,1.0,59,0.4498953026854681,7 курьеров выше по цепочке,1,0,24943.0,0.0,1,0,24943.0,0.0,1,0,0.0002949061827934933,0.0,4,False,True,True,7,
100000008221765100,coordinator,1.0,90,0.45153889826472454,7 курьеров выше по цепочке,1,0,156354.0,0.0,1,0,156354.0,0.0,1,0,0.0005404417175185718,0.0,4,False,True,True,7,
100000008778010100,peripheral,0.2,63,0.055545769353329985,"1 отправителей, 0 получателей",1,0,76950.0,0.0,1,0,76950.0,0.0,2,0,0.0005296426486872762,0.0,4,False,True,True,1,
100000004584730100,coordinator,1.0,75,0.4501711759966191,7 курьеров выше по цепочке,1,0,47000.0,0.0,1,0,47000.0,0.0,1,0,0.00030383982641037343,0.0,4,False,True,True,7,
100000004797167100,peripheral,0.2,51,0.0549710593452878,"1 отправителей, 0 получателей",1,0,31000.0,0.0,1,0,31000.0,0.0,1,0,0.0005516247027029544,0.0,4,False,True,True,1,
100000005010159100,coordinator,1.0,78,0.4496720350390359,7 курьеров выше по цепочке,1,0,7092.0,0.0,1,0,7092.0,0.0,1,0,0.0006143684568259249,0.0,4,False,True,True,7,
100000003025903100,coordinator,1.0,90,0.4544148997339143,7 курьеров выше по цепочке,1,0,386300.0,0.0,1,0,386300.0,0.0,6,0,0.0005264518149577612,0.0,4,False,True,True,7,
100000003005167100,peripheral,0.2,59,0.05467088436829079,"1 отправителей, 0 получателей",1,0,7000.0,0.0,1,0,7000.0,0.0,1,0,0.00028931534153250194,0.0,4,False,True,True,1,
100000002214383100,peripheral,0.2,63,0.05724738625418178,"1 отправителей, 0 получателей",1,0,213000.0,0.0,1,0,213000.0,0.0,1,0,0.0005308718022156257,0.0,4,False,True,True,1,
100000004800452100,coordinator,1.0,90,0.4496651876725919,7 курьеров выше по цепочке,1,0,6544.53,0.0,1,0,6544.53,0.0,1,0,0.000607979765974599,0.0,4,False,True,True,7,
100000006903193100,coordinator,1.0,78,0.4496958989497072,7 курьеров выше по цепочке,1,0,9000.0,0.0,1,0,9000.0,0.0,1,0,0.0003016045268852538,0.0,4,False,True,True,7,
100000007811950100,coordinator,1.0,65,0.45020869786874373,7 курьеров выше по цепочке,1,0,50000.0,0.0,1,0,50000.0,0.0,1,0,0.0005462285400719733,0.0,4,False,True,True,7,
100000000375150100,coordinator,1.0,56,0.4933355205457959,10 курьеров выше по цепочке,1,0,300000.0,0.0,1,0,300000.0,0.0,1,0,0.0007463802351751577,0.0,4,False,True,True,10,
100000008775747100,coordinator,1.0,73,0.4629792031202077,8 курьеров выше по цепочке,1,0,5000.0,0.0,1,0,5000.0,0.0,1,0,0.00028622708280243804,0.0,4,False,True,True,8,
100000006689603100,coordinator,1.0,78,0.45458624961661676,7 курьеров выше по цепочке,1,0,400000.0,0.0,1,0,400000.0,0.0,2,0,0.00031238935878786454,0.0,4,False,True,True,7,
100000005075949100,coordinator,1.0,46,0.47742456244980574,7 курьеров выше по цепочке,1,0,2226000.0,0.0,1,0,2226000.0,0.0,7,0,0.0007679113857379712,0.0,4,False,True,True,7,
100000003985389100,coordinator,1.0,78,0.45487014010111165,7 курьеров выше по цепочке,1,0,422698.0,0.0,1,0,422698.0,0.0,16,0,0.0004903551059552773,0.0,4,False,True,True,7,
100000002478829100,coordinator,1.0,72,0.4500085812174124,7 курьеров выше по цепочке,1,0,34000.0,0.0,1,0,34000.0,0.0,1,0,0.0003873344502833008,0.0,4,False,True,True,7,
100000003125997100,coordinator,1.0,67,0.46401418142631196,8 курьеров выше по цепочке,1,0,87750.0,0.0,1,0,87750.0,0.0,1,0,0.0005483720399494517,0.0,4,False,True,True,8,
100000003214786100,coordinator,1.0,52,0.4496458697868743,7 курьеров выше по цепочке,1,0,5000.0,0.0,1,0,5000.0,0.0,1,0,0.00042028195414468963,0.0,4,False,True,True,7,
100000008308418100,coordinator,1.0,52,0.45020869786874373,7 курьеров выше по цепочке,1,0,50000.0,0.0,1,0,50000.0,0.0,1,0,0.00043159933146629903,0.0,4,False,True,True,7,
100000008619159100,coordinator,1.0,58,0.45516658790547765,7 курьеров выше по цепочке,1,0,446400.0,0.0,1,0,446400.0,0.0,2,0,0.00035658738939848845,0.0,4,False,True,True,7,
100000004418967100,coordinator,1.0,67,0.4641673957374875,8 курьеров выше по цепочке,1,0,100000.0,0.0,1,0,100000.0,0.0,1,0,0.0004534748089525571,0.0,4,False,True,True,8,
100000003173783100,coordinator,1.0,48,0.4498772546649762,7 курьеров выше по цепочке,1,0,23500.0,0.0,1,0,23500.0,0.0,2,0,0.0003468224290716631,0.0,4,False,True,True,7,
100000002242455100,coordinator,1.0,90,0.4509591353112362,7 курьеров выше по цепочке,1,0,110000.0,0.0,1,0,110000.0,0.0,1,0,0.0005321740677312218,0.0,4,False,True,True,7,
100000004848236100,coordinator,1.0,52,0.44967713801364484,7 курьеров выше по цепочке,1,0,7500.0,0.0,1,0,7500.0,0.0,1,0,0.00030887463425310343,0.0,4,False,True,True,7,
100000004674412100,coordinator,1.0,34,0.46349200203924423,8 курьеров выше по цепочке,1,0,46000.0,0.0,1,0,46000.0,0.0,1,0,0.00048936782009517,0.0,4,False,True,True,8,
100000007071852100,coordinator,1.0,78,0.45202225502143395,7 курьеров выше по цепочке,1,0,195000.0,0.0,1,0,195000.0,0.0,1,0,0.0004435147927696225,0.0,4,False,True,True,7,
100000001498732100,coordinator,1.0,81,0.44965212343222843,7 курьеров выше по цепочке,1,0,5500.0,0.0,1,0,5500.0,0.0,1,0,0.0002894096098235812,0.0,4,False,True,True,7,
100000000627521100,coordinator,1.0,86,0.4496646307229366,7 курьеров выше по цепочке,1,0,6500.0,0.0,1,0,6500.0,0.0,1,0,0.00028609897888673294,0.0,4,False,True,True,7,
100000003105089100,coordinator,1.0,72,0.44970840624041536,7 курьеров выше по цепочке,1,0,10000.0,0.0,1,0,10000.0,0.0,1,0,0.00029943768321597685,0.0,4,False,True,True,7,
100000003166017100,coordinator,1.0,59,0.4497709426939564,7 курьеров выше по цепочке,1,0,15000.0,0.0,1,0,15000.0,0.0,1,0,0.00029118422941526375,0.0,4,False,True,True,7,
100000002506987100,coordinator,1.0,59,0.44993603893130474,7 курьеров выше по цепочке,1,0,28200.0,0.0,1,0,28200.0,0.0,1,0,0.0002961253723894798,0.0,4,False,True,True,7,
100000005767403100,coordinator,1.0,87,0.4633413531123628,7 курьеров выше по цепочке,1,0,1100000.0,0.0,1,0,1100000.0,0.0,2,0,0.0010818599457011425,0.0,4,False,True,True,7,
100000005553088100,coordinator,1.0,78,0.4498022109207269,7 курьеров выше по цепочке,1,0,17500.0,0.0,1,0,17500.0,0.0,1,0,0.0002942853726110019,0.0,4,False,True,True,7,
100000003632533100,coordinator,1.0,90,0.44970840624041536,7 курьеров выше по цепочке,1,0,10000.0,0.0,1,0,10000.0,0.0,1,0,0.00042894910408558583,0.0,4,False,True,True,7,
100000008762005100,coordinator,1.0,73,0.4629792031202077,8 курьеров выше по цепочке,1,0,5000.0,0.0,1,0,5000.0,0.0,1,0,0.0002867795934290693,0.0,4,False,True,True,8,
100000002214207100,peripheral,0.2,80,0.05579654053202957,"1 отправителей, 0 получателей",1,0,97000.0,0.0,1,0,97000.0,0.0,1,0,0.0006906066279546782,0.0,4,False,True,True,1,
100000003180820100,coordinator,1.0,73,0.46417990302819573,8 курьеров выше по цепочке,1,0,101000.0,0.0,1,0,101000.0,0.0,1,0,0.0002988566236372641,0.0,4,False,True,True,8,
100000003786516100,coordinator,1.0,52,0.4496458697868743,7 курьеров выше по цепочке,1,0,5000.0,0.0,1,0,5000.0,0.0,1,0,0.0002931596479812034,0.0,4,False,True,True,7,
100000005226217100,coordinator,1.0,73,0.4764688775873936,9 курьеров выше по цепочке,1,0,17500.0,0.0,1,0,17500.0,0.0,1,0,0.0003830224720707795,0.0,4,False,True,True,9,
100000001533161100,coordinator,1.0,75,0.45083406240415413,7 курьеров выше по цепочке,1,0,100000.0,0.0,1,0,100000.0,0.0,1,0,0.0003244427669685303,0.0,4,False,True,True,7,
100000007034089100,coordinator,1.0,73,0.471643110226892,8 курьеров выше по цепочке,2,0,198000.0,0.0,2,0,198000.0,0.0,2,0,0.00032111599242809935,0.0,4,False,True,True,8,
100000008336318100,coordinator,1.0,73,0.4650429060870621,8 курьеров выше по цепочке,1,0,170000.0,0.0,1,0,170000.0,0.0,1,0,0.00032671946741775836,0.0,4,False,True,True,8,
100000005370558100,coordinator,1.0,90,0.4496458697868743,7 курьеров выше по цепочке,1,0,5000.0,0.0,1,0,5000.0,0.0,1,0,0.00029929939547880074,0.0,4,False,True,True,7,
100000002729875100,coordinator,1.0,59,0.45053388742715716,7 курьеров выше по цепочке,1,0,76000.0,0.0,1,0,76000.0,0.0,1,0,0.00031401829922035325,0.0,4,False,True,True,7,
100000006512787100,coordinator,1.0,52,0.44983347914749744,7 курьеров выше по цепочке,1,0,20000.0,0.0,1,0,20000.0,0.0,2,0,0.0005300461906110881,0.0,4,False,True,True,7,
100000003186579100,coordinator,1.0,78,0.4509591353112362,7 курьеров выше по цепочке,1,0,110000.0,0.0,1,0,110000.0,0.0,2,0,0.0005151815504625246,0.0,4,False,True,True,7,
100000004472936100,coordinator,1.0,56,0.4496458697868743,7 курьеров выше по цепочке,1,0,5000.0,0.0,1,0,5000.0,0.0,1,0,0.0005318955309395101,0.0,4,False,True,True,7,
100000002231144100,coordinator,1.0,72,0.4497709426939564,7 курьеров выше по цепочке,1,0,15000.0,0.0,1,0,15000.0,0.0,1,0,0.0003672376389003139,0.0,4,False,True,True,7,
100000002505277100,coordinator,1.0,79,0.4503337707758258,7 курьеров выше по цепочке,1,0,60000.0,0.0,1,0,60000.0,0.0,1,0,0.0004076531172154509,0.0,4,False,True,True,7,
100000003177533100,coordinator,1.0,78,0.44983347914749744,7 курьеров выше по цепочке,1,0,20000.0,0.0,1,0,20000.0,0.0,3,0,0.0003381973769821903,0.0,4,False,True,True,7,
100000005888829100,coordinator,1.0,73,0.4653806029361838,8 курьеров выше по цепочке,1,0,197000.0,0.0,1,0,197000.0,0.0,1,0,0.00031148616447209,0.0,4,False,True,True,8,
100000002242066100,coordinator,1.0,88,0.4503337707758258,7 курьеров выше по цепочке,1,0,60000.0,0.0,1,0,60000.0,0.0,1,0,0.0005337841025658814,0.0,4,False,True,True,7,
100000008027922100,coordinator,1.0,43,0.4504588436829079,7 курьеров выше по цепочке,1,0,70000.0,0.0,1,0,70000.0,0.0,1,0,0.0005023680629098515,0.0,4,False,True,True,7,
100000002686226100,coordinator,1.0,54,0.454961468337863,7 курьеров выше по цепочке,1,0,430000.0,0.0,1,0,430000.0,0.0,2,0,0.0006546162523072483,0.0,4,False,True,True,7,
100000001065234100,coordinator,1.0,76,0.4540859579882884,7 курьеров выше по цепочке,1,0,360000.0,0.0,1,0,360000.0,0.0,1,0,0.0005486947871235914,0.0,4,False,True,True,7,
100000000424935100,coordinator,1.0,85,0.4497709426939564,7 курьеров выше по цепочке,1,0,15000.0,0.0,1,0,15000.0,0.0,1,0,0.0003014479732354374,0.0,4,False,True,True,7,
100000005723580100,coordinator,1.0,67,0.4633544218414539,8 курьеров выше по цепочке,1,0,35000.0,0.0,1,0,35000.0,0.0,1,0,0.00034433622437463404,0.0,4,False,True,True,8,
100000000704700100,peripheral,0.2,55,0.05470840624041542,"1 отправителей, 0 получателей",1,0,10000.0,0.0,1,0,10000.0,0.0,1,0,0.000533255171856773,0.0,4,False,True,True,1,
100000005293969100,coordinator,1.0,52,0.4496517103164163,7 курьеров выше по цепочке,1,0,5466.97,0.0,1,0,5466.97,0.0,1,0,0.0005304901604905838,0.0,4,False,True,True,7,
100000002512742100,peripheral,0.2,59,0.05465837707758258,"1 отправителей, 0 получателей",1,0,6000.0,0.0,1,0,6000.0,0.0,1,0,0.00028878019191604315,0.0,4,False,True,True,1,
100000001816678100,coordinator,1.0,4,0.4503337707758258,7 курьеров выше по цепочке,1,0,60000.0,0.0,1,0,60000.0,0.0,1,0,0.0003096552220398208,0.0,4,False,True,True,7,
100000004586598100,coordinator,1.0,89,0.45910457092141066,7 курьеров выше по цепочке,1,0,761255.0,0.0,1,0,761255.0,0.0,4,0,0.0005392658410384634,0.0,4,False,True,True,7,
100000005782886100,coordinator,1.0,73,0.4764251020699149,9 курьеров выше по цепочке,1,0,14000.0,0.0,1,0,14000.0,0.0,1,0,0.00036353183650008177,0.0,4,False,True,True,9,
100000002622822100,coordinator,1.0,60,0.48563046803115645,9 курьеров выше по цепочке,1,0,750000.0,0.0,1,0,750000.0,0.0,1,0,0.0009076861139921067,0.0,4,False,True,True,9,
100000003718715100,coordinator,1.0,56,0.4610275043313442,7 курьеров выше по цепочке,1,0,915000.0,0.0,1,0,915000.0,0.0,3,0,0.000575576480964531,0.0,4,False,True,True,7,
100000006491963100,peripheral,0.2,59,0.05478344998466467,"1 отправителей, 0 получателей",1,0,16000.0,0.0,1,0,16000.0,0.0,3,0,0.0002941316880806304,0.0,4,False,True,True,1,
100000004526651100,coordinator,1.0,73,0.4633294072600375,8 курьеров выше по цепочке,1,0,33000.0,0.0,1,0,33000.0,0.0,1,0,0.0002899106988792623,0.0,4,False,True,True,8,
100000008331280100,coordinator,1.0,82,0.45009613225236983,7 курьеров выше по цепочке,1,0,41000.0,0.0,1,0,41000.0,0.0,2,0,0.00031806648242539286,0.0,4,False,True,True,7,
100000004177936100,coordinator,1.0,78,0.44970840624041536,7 курьеров выше по цепочке,1,0,10000.0,0.0,1,0,10000.0,0.0,1,0,0.00033700711990315843,0.0,4,False,True,True,7,
100000002922000100,coordinator,1.0,75,0.45518659957061075,7 курьеров выше по цепочке,1,0,448000.0,0.0,1,0,448000.0,0.0,1,0,0.0004597224521428434,0.0,4,False,True,True,7,
100000002404112100,coordinator,1.0,82,0.4503337707758258,7 курьеров выше по цепочке,1,0,60000.0,0.0,1,0,60000.0,0.0,1,0,0.0003300834785756558,0.0,4,False,True,True,7,
100000000634341100,coordinator,1.0,52,0.4498835083103303,7 курьеров выше по цепочке,1,0,24000.0,0.0,1,0,24000.0,0.0,2,0,0.00055493827193886,0.0,4,False,True,True,7,
100000001822650100,coordinator,1.0,73,0.46431748322598604,8 курьеров выше по цепочке,1,0,112000.0,0.0,1,0,112000.0,0.0,1,0,0.00030590273887598653,0.0,4,False,True,True,8,
100000004791226100,coordinator,1.0,52,0.44983347914749744,7 курьеров выше по цепочке,1,0,20000.0,0.0,1,0,20000.0,0.0,1,0,0.0005414836607379305,0.0,4,False,True,True,7,
100000007841978100,coordinator,1.0,90,0.455199106861319,7 курьеров выше по цепочке,1,0,449000.0,0.0,1,0,449000.0,0.0,1,0,0.0005063238893873195,0.0,4,False,True,True,7,
100000006866831100,coordinator,1.0,78,0.44978970363001874,7 курьеров выше по цепочке,1,0,16500.0,0.0,1,0,16500.0,0.0,1,0,0.00036767719063950316,0.0,4,False,True,True,7,
100000002999140100,coordinator,1.0,42,0.44970840624041536,7 курьеров выше по цепочке,1,0,10000.0,0.0,1,0,10000.0,0.0,2,0,0.0002894826040557577,0.0,4,False,True,True,7,
100000002884708100,coordinator,1.0,67,0.4775707587811951,8 курьеров выше по цепочке,1,0,1171644.0,0.0,1,0,1171644.0,0.0,2,0,0.0005625754563953265,0.0,4,False,True,True,8,
100000001130553100,coordinator,1.0,90,0.44980846456608103,7 курьеров выше по цепочке,1,0,18000.0,0.0,1,0,18000.0,0.0,2,0,0.0005436529519802218,0.0,4,False,True,True,7,
100000006351075100,coordinator,1.0,70,0.4500836249616616,7 курьеров выше по цепочке,1,0,40000.0,0.0,1,0,40000.0,0.0,2,0,0.0002910853306876047,0.0,4,False,True,True,7,
100000005616568100,coordinator,1.0,90,0.45621219740868385,7 курьеров выше по цепочке,1,0,530000.0,0.0,1,0,530000.0,0.0,1,0,0.0004319554143337925,0.0,4,False,True,True,7,
100000006381453100,coordinator,1.0,73,0.46347949474853606,8 курьеров выше по цепочке,1,0,45000.0,0.0,1,0,45000.0,0.0,1,0,0.0005761677704875264,0.0,4,False,True,True,8,
100000004616845100,coordinator,1.0,71,0.4498359806056391,7 курьеров выше по цепочке,1,0,20200.0,0.0,1,0,20200.0,0.0,2,0,0.000288817668252161,0.0,4,False,True,True,7,
100000004908173100,coordinator,1.0,67,0.46317931977153903,8 курьеров выше по цепочке,1,0,21000.0,0.0,1,0,21000.0,0.0,1,0,0.0003208294523116968,0.0,4,False,True,True,8,
100000004433250100,coordinator,1.0,52,0.44968339165899895,7 курьеров выше по цепочке,1,0,8000.0,0.0,1,0,8000.0,0.0,1,0,0.0003065701457455701,0.0,4,False,True,True,7,
100000003664994100,coordinator,1.0,69,0.45381418706848975,7 курьеров выше по цепочке,1,0,338271.0,0.0,1,0,338271.0,0.0,2,0,0.0003911208228878406,0.0,4,False,True,True,7,
100000004673335100,coordinator,1.0,48,0.45058391658999,7 курьеров выше по цепочке,1,0,80000.0,0.0,1,0,80000.0,0.0,1,0,0.0004940906043598346,0.0,4,False,True,True,7,
100000002487222100,coordinator,1.0,90,0.45070898949707205,7 курьеров выше по цепочке,1,0,90000.0,0.0,1,0,90000.0,0.0,2,0,0.0003104273146144327,0.0,4,False,True,True,7,
100000000018102100,coordinator,1.0,78,0.4496708843682907,7 курьеров выше по цепочке,1,0,7000.0,0.0,1,0,7000.0,0.0,1,0,0.0003204029472448961,0.0,4,False,True,True,7,
100000008638859100,coordinator,1.0,90,0.47667524788407906,9 курьеров выше по цепочке,1,0,34000.0,0.0,1,0,34000.0,0.0,1,0,0.0005396486131466575,0.0,4,False,True,True,9,
100000001131403100,coordinator,1.0,71,0.4692197797452209,7 курьеров выше по цепочке,1,0,1570000.0,0.0,1,0,1570000.0,0.0,3,0,0.0005380419296007599,0.0,4,False,True,True,7,
100000001733216100,coordinator,1.0,79,0.4503337707758258,7 курьеров выше по цепочке,1,0,60000.0,0.0,1,0,60000.0,0.0,2,0,0.0004076531172154509,0.0,4,False,True,True,7,
100000004400480100,peripheral,0.2,62,0.0681880748750348,"1 отправителей, 0 получателей",1,0,21700.0,0.0,1,0,21700.0,0.0,1,0,0.0004845728560785352,0.0,4,False,True,True,2,
100000007539296100,coordinator,1.0,90,0.45015866870591087,7 курьеров выше по цепочке,1,0,46000.0,0.0,1,0,46000.0,0.0,2,0,0.0005573238796527794,0.0,4,False,True,True,7,
100000008757301100,coordinator,1.0,52,0.45031373409611125,7 курьеров выше по цепочке,1,0,58398.0,0.0,1,0,58398.0,0.0,3,0,0.0005305464848242216,0.0,4,False,True,True,7,
100000002752565100,coordinator,1.0,78,0.4502962489037012,7 курьеров выше по цепочке,1,0,57000.0,0.0,1,0,57000.0,0.0,1,0,0.00033823599365261585,0.0,4,False,True,True,7,
100000002734815100,coordinator,1.0,73,0.4642924686445696,8 курьеров выше по цепочке,1,0,110000.0,0.0,1,0,110000.0,0.0,1,0,0.00031219587687641694,0.0,4,False,True,True,8,
100000008333492100,coordinator,1.0,60,0.4789565777092563,9 курьеров выше по цепочке,1,0,216400.0,0.0,1,0,216400.0,0.0,1,0,0.00043801085615694494,0.0,4,False,True,True,9,
100000006527156100,coordinator,1.0,46,0.4501899369326814,7 курьеров выше по цепочке,1,0,48500.0,0.0,1,0,48500.0,0.0,1,0,0.0002960785446390128,0.0,4,False,True,True,7,
100000003448713100,coordinator,1.0,78,0.4529196531297479,7 курьеров выше по цепочке,1,0,266750.0,0.0,1,0,266750.0,0.0,1,0,0.00030345492477779225,0.0,4,False,True,True,7,
100000004780083100,coordinator,1.0,74,0.44970839373312466,7 курьеров выше по цепочке,1,0,9999.0,0.0,1,0,9999.0,0.0,1,0,0.00029338523165935545,0.0,4,False,True,True,7,
100000004798515100,coordinator,1.0,42,0.452084791474975,7 курьеров выше по цепочке,1,0,200000.0,0.0,1,0,200000.0,0.0,2,0,0.0003638354909866272,0.0,4,False,True,True,7,
100000004232712100,coordinator,1.0,90,0.4497396744671859,7 курьеров выше по цепочке,1,0,12500.0,0.0,1,0,12500.0,0.0,1,0,0.0005292762077277109,0.0,4,False,True,True,7,
100000005209352100,coordinator,1.0,52,0.4496458697868743,7 курьеров выше по цепочке,1,0,5000.0,0.0,1,0,5000.0,0.0,1,0,0.00042028195414468963,0.0,4,False,True,True,7,
100000000561160100,coordinator,1.0,4,0.45258508310330336,7 курьеров выше по цепочке,1,0,240000.0,0.0,1,0,240000.0,0.0,1,0,0.00043625462329844033,0.0,4,False,True,True,7,
100000003568904100,coordinator,1.0,56,0.4501961905780355,7 курьеров выше по цепочке,1,0,49000.0,0.0,1,0,49000.0,0.0,1,0,0.000531731011956939,0.0,4,False,True,True,7,
100000000470237100,coordinator,1.0,85,0.44998982028135004,7 курьеров выше по цепочке,1,0,32500.0,0.0,1,0,32500.0,0.0,1,0,0.0005846333941764128,0.0,4,False,True,True,7,
100000008560263100,coordinator,1.0,90,0.45083406240415413,7 курьеров выше по цепочке,1,0,100000.0,0.0,1,0,100000.0,0.0,1,0,0.0003131893168807817,0.0,4,False,True,True,7,
100000000542087100,coordinator,1.0,84,0.44968973172973187,7 курьеров выше по цепочке,1,0,8506.91,0.0,1,0,8506.91,0.0,1,0,0.0002864146027372091,0.0,4,False,True,True,7,
100000004403548100,coordinator,1.0,78,0.4496458697868743,7 курьеров выше по цепочке,1,0,5000.0,0.0,1,0,5000.0,0.0,1,0,0.0003678656647208173,0.0,4,False,True,True,7,
100000003010908100,coordinator,1.0,59,0.4497959572753728,7 курьеров выше по цепочке,1,0,17000.0,0.0,1,0,17000.0,0.0,1,0,0.00039940942699817443,0.0,4,False,True,True,7,
100000006756956100,coordinator,1.0,52,0.45109921696716815,7 курьеров выше по цепочке,1,0,121200.0,0.0,1,0,121200.0,0.0,9,0,0.00031094703412755853,0.0,4,False,True,True,7,
100000007357489100,coordinator,1.0,73,0.471224115988167,8 курьеров выше по цепочке,2,0,164500.0,0.0,2,0,164500.0,0.0,2,0,0.00031295949170801585,0.0,4,False,True,True,8,
100000002599729100,coordinator,1.0,52,0.45039630722936685,7 курьеров выше по цепочке,1,0,65000.0,0.0,1,0,65000.0,0.0,2,0,0.00048578643675265784,0.0,4,False,True,True,7,
100000005849862100,coordinator,1.0,30,0.44974592811254,7 курьеров выше по цепочке,1,0,13000.0,0.0,1,0,13000.0,0.0,2,0,0.0005484355639203493,0.0,4,False,True,True,7,
100000008762843100,coordinator,1.0,73,0.4630042177016241,8 курьеров выше по цепочке,1,0,7000.0,0.0,1,0,7000.0,0.0,1,0,0.0002872637131137807,0.0,4,False,True,True,8,
100000002723674100,coordinator,1.0,72,0.4499585520545795,7 курьеров выше по цепочке,1,0,30000.0,0.0,1,0,30000.0,0.0,1,0,0.00032717446121334877,0.0,4,False,True,True,7,
100000008758106100,coordinator,1.0,73,0.4630417395737487,8 курьеров выше по цепочке,1,0,10000.0,0.0,1,0,10000.0,0.0,1,0,0.00028688487138758524,0.0,4,False,True,True,8,
100000001286703100,coordinator,1.0,86,0.44983973279285155,7 курьеров выше по цепочке,1,0,20500.0,0.0,1,0,20500.0,0.0,1,0,0.0002872398381747619,0.0,4,False,True,True,7,
